task,user_action_and_explanation,observation
Find the latest model of the iPhone and compare the price and screen size between the pro and pro max.,Going to https://www.apple.com/,Went to https://www.apple.com/
Find the latest model of the iPhone and compare the price and screen size between the pro and pro max.,"click the ""Learn more"" button under ""iPhone 16 Pro"" to view detailed specifications, including price and screen size.","The current screenshot shows the Apple page for the iPhone 16 Pro. The price for the iPhone 16 Pro is listed as starting from $999. However, the page does not provide detailed specifications or a comparison with the Pro Max model, including screen size or price details for the Pro Max. To make this comparison, the user might need to look for a section that lists both models side by side or click on tabs dedicated to each model to gather detailed specifications."
Find the latest model of the iPhone and compare the price and screen size between the pro and pro max.,"click the 'iPhone' menu item at the top navigation bar to find a section that offers a side-by-side comparison of the iPhone 16 Pro and Pro Max models. This action is optimal because it is likely to lead to a page that details all iPhone models, allowing for easy access to compare specifications such as price and screen size.","The user has navigated to the main iPhone page, which prominently features a list of available iPhone models, including the iPhone 16 Pro and others. However, the current screenshot does not show detailed comparison information specifically for the iPhone 16 Pro and Pro Max models. There is a 'Compare' option visible in the top navigation, which could potentially lead to a comparison page for different models. The user should click on the 'Compare' link to find a side-by-side comparison chart that includes specifications like price and screen size for the Pro and Pro Max models."
Find the latest model of the iPhone and compare the price and screen size between the pro and pro max.,"click the 'Compare' link in the top navigation bar to access the page that contains side-by-side comparison details for iPhone models, including the iPhone 16 Pro and Pro Max. This will provide the necessary information on screen size and price differences between the two models.","The user successfully accessed the comparison page for iPhone models, which shows the iPhone 16 Pro Max and iPhone 16 Pro. The comparison specifies the price and screen size for both models: the iPhone 16 Pro Max is priced from $1199 with a 6.8-inch screen, and the iPhone 16 Pro is priced from $999 with a 6.3-inch screen. Therefore, the user has effectively obtained the necessary information to compare the price and screen size of the two models."
Find the latest model of the iPhone and compare the price and screen size between the pro and pro max.,Summarizing last observations,"The most recent observations indicate that the user has successfully accessed the iPhone comparison page on the Apple website. This page presents a side-by-side comparison between the iPhone 16 Pro Max and the iPhone 16 Pro models. According to the current screenshots, the iPhone 16 Pro Max starts at $1199 and features a 6.8-inch screen, while the iPhone 16 Pro starts at $999 with a 6.3-inch screen. These details provide the user with the necessary information to compare the price and screen size of both models.

For a complete understanding and context of the entire task, please refer to the full task history."