task,user_action_and_explanation,observation
How many types of Apple Pencil are currently available on the Apple's website? Which one supports Wireless pairing and charging.,Going to https://www.apple.com/,Went to https://www.apple.com/
How many types of Apple Pencil are currently available on the Apple's website? Which one supports Wireless pairing and charging.,click on the 'iPad' link in the navigation menu at the top of the page to find information about Apple Pencils.,"The navigation bar for iPad-related products is visible, including a link to 'Apple Pencil'. Clicking on 'Apple Pencil' should provide specific details about the different types and features of Apple Pencils available."
How many types of Apple Pencil are currently available on the Apple's website? Which one supports Wireless pairing and charging.,"Changing URL parameters. The Apple Pencil page on Apple's website will provide detailed information about the different types of Apple Pencils available, including their specifications and features. This page will allow you to determine the types currently available and find out which one supports wireless pairing and charging.",Went to https://www.apple.com/apple-pencil/
How many types of Apple Pencil are currently available on the Apple's website? Which one supports Wireless pairing and charging.,scroll down to find more information about the types of Apple Pencils available to identify the one that supports Wireless pairing and charging.,"The screenshot reveals information about the Apple Pencil Pro. It supports pairing, charging, and magnetically attaching to the side of compatible iPads, which indicates wireless pairing and charging capabilities. The screenshot does not provide information about other types of Apple Pencils, so it is unclear how many types there are."
How many types of Apple Pencil are currently available on the Apple's website? Which one supports Wireless pairing and charging.,scroll down further to find more information about the different types of Apple Pencils and their specifications. This will help determine all available types and confirm the ones with wireless pairing and charging capabilities.,"The screenshot highlights the Apple Pencil Pro, confirming its compatibility with various iPads. It mentions the ability to sense when squeezed, but does not specifically detail the types available or explicitly state wireless capabilities for this pencil. Further exploration of the page may be necessary to determine all types available and specify which support wireless pairing and charging."
How many types of Apple Pencil are currently available on the Apple's website? Which one supports Wireless pairing and charging.,"scroll down further to continue uncovering more comprehensive information about all the available Apple Pencil models and their wireless pairing and charging features. This might reveal details not yet visible in the current view, specifying the Apple Pencil types and their capabilities.","The screenshot shows information about the Apple Pencil USB-C model. It mentions that this model pairs and charges via USB-C and magnetically attaches to the side of iPads for storage. However, it does not state support for wireless pairing and charging. Further details on other models are not visible in this screenshot, and additional scrolling might be needed to determine the total number of types and their specific features."
How many types of Apple Pencil are currently available on the Apple's website? Which one supports Wireless pairing and charging.,"scroll down further to explore if there are additional models of Apple Pencils listed, such as the Apple Pencil (2nd generation) which is known for supporting wireless pairing and charging. This exploration is necessary to ensure we identify all available types and confirm their specific capabilities.","The screenshot shows two models of Apple Pencil: Apple Pencil Pro and Apple Pencil (USB-C). There's no specific mention of wireless pairing and charging capabilities in this part of the page. Based on previous information, the Apple Pencil Pro may have wireless features, but the screenshot doesn't explicitly confirm this. Further scrolling may provide additional details or confirmation."
How many types of Apple Pencil are currently available on the Apple's website? Which one supports Wireless pairing and charging.,"scroll down further to reveal more information on the page about all available Apple Pencil models and their specifications, ensuring complete details are accessible about both the quantity and features of each model, particularly focusing on wireless capabilities.","There are two types of Apple Pencils currently featured: Apple Pencil Pro and Apple Pencil (USB-C). The screenshot specifically indicates that the Apple Pencil Pro supports wireless pairing and charging, as well as magnetic attachment. In contrast, the Apple Pencil (USB-C) does not have a check mark next to wireless pairing and charging, implying it only supports USB-C connections for these functions."
How many types of Apple Pencil are currently available on the Apple's website? Which one supports Wireless pairing and charging.,Summarizing last observations,"Based on the most recent observations, the Apple website currently lists two types of Apple Pencils: the Apple Pencil Pro and Apple Pencil (USB-C). The screenshots indicate that the Apple Pencil Pro supports wireless pairing and charging. The Apple Pencil (USB-C) does not mention wireless capabilities, as it pairs and charges via USB-C. This summary reflects only the latest observations; for comprehensive context, please refer to the complete task history."