task,user_action_and_explanation,observation
"What Apple Repair ways are mentioned on apple website, answer 2 of them.",Going to https://www.apple.com/,Went to https://www.apple.com/
"What Apple Repair ways are mentioned on apple website, answer 2 of them.","click on the 'Support' link in the top navigation bar to find information on Apple Repair options, as this section will contain relevant support and repair information.",The user is on the Apple Support page. There's a dedicated section titled 'Apple Repair' which likely contains information on repair options. The user needs to click on this section to find the repair methods Apple offers.
"What Apple Repair ways are mentioned on apple website, answer 2 of them.",click on the 'Apple Repair' section as it will likely provide details about the repair methods and service options available through Apple.,"The user has navigated to the 'Apple Repair' section of the Apple website. Two repair options mentioned are: 1) Sending your product to Apple, which involves arranging shipment to an Apple Repair Center. 2) Finding an Apple Authorized Service Provider, offering convenient locations for repairs."
"What Apple Repair ways are mentioned on apple website, answer 2 of them.",Summarizing last observations,"The most recent observations indicate that the user successfully navigated to the 'Apple Repair' section of the Apple website, where several repair methods were mentioned. Two options highlighted are:

1. **Send your product to Apple**: This involves arranging shipment of your product to an Apple Repair Center, which can be done online or over the phone, and is available for most Apple products.

2. **Find an Apple Authorized Service Provider**: This option allows customers to locate a convenient service provider within Apple's authorized network for repairs.

Additional information from the screenshots includes another repair option to ""Visit a Genius at an Apple Store"" for hardware-related inquiries and a self-service repair option for knowledgeable individuals.

This summary reflects only these latest observations. For comprehensive details, including the full history of navigation steps leading to these findings, please refer to the complete task history."