task,user_action_and_explanation,observation
"Find information on Apple website, and tell me the device weight of Apple Vision Pro and list 5 Built-in Apps it supports.",Going to https://www.apple.com/,Went to https://www.apple.com/
"Find information on Apple website, and tell me the device weight of Apple Vision Pro and list 5 Built-in Apps it supports.","click on the 'Vision' menu item to navigate to the section that includes information about Apple Vision Pro, as it is likely listed under the Vision category on the Apple website.","The user successfully navigated to the Apple Vision Pro page on the Apple website. The page includes options for 'Overview', 'Guided Tour', and 'Tech Specs', which likely contain the information needed about the device's weight and built-in apps. The user should explore the 'Tech Specs' section for detailed technical specifications, including the device weight, and the 'Overview' for information on the built-in apps."
"Find information on Apple website, and tell me the device weight of Apple Vision Pro and list 5 Built-in Apps it supports.","click on the 'Tech Specs' link to access detailed specifications about the Apple Vision Pro, which will likely include information on the device's weight, fulfilling the task requirement to find this specific detail.","The user has navigated to the 'Tech Specs' section of the Apple Vision Pro page. However, the current visible portion of the page does not include the device weight or information on the built-in apps. The user may need to scroll further down to locate these specific details."
"Find information on Apple website, and tell me the device weight of Apple Vision Pro and list 5 Built-in Apps it supports.","scroll down to view more sections of the 'Tech Specs' page, as the current visible area does not include the device weight or details on the built-in apps, which are likely listed further down.","The user has scrolled down on the 'Tech Specs' page but still the visible section does not provide information about the device weight or built-in apps of the Apple Vision Pro. The sections visible include technical details about the device's Chips, Camera, Sensors, Optic ID, and Audio Technology. Unfortunately, no progress has been made towards retrieving the required information about the device weight or built-in apps from the screenshot provided."
"Find information on Apple website, and tell me the device weight of Apple Vision Pro and list 5 Built-in Apps it supports.","scroll further down on the 'Tech Specs' section to find more detailed information on the device weight and built-in apps, since the current sections visible (Chips, Camera, Sensors, Optic ID, Audio Technology) do not include the needed details.","The current section of the 'Tech Specs' page visible in the screenshot includes details on battery, connectivity, operating system, and input methods, but still lacks the specific information about the device weight and built-in apps for the Apple Vision Pro. The user should continue to scroll further down to find these specific details."
"Find information on Apple website, and tell me the device weight of Apple Vision Pro and list 5 Built-in Apps it supports.","scroll further down to locate sections that may include the device weight and information about built-in apps, as these details are not currently visible.","The user has successfully located the device weight information for the Apple Vision Pro on the 'Tech Specs' page. The device weighs 21.2–22.9 ounces (600–650 g), and there is a note indicating the weight varies depending on Light Seal and head band configuration, with the separate battery weighing 353 g. However, the screenshot still does not contain information about the built-in apps. The user may need to check other sections or pages, such as the 'Overview', to find details about the built-in apps."
"Find information on Apple website, and tell me the device weight of Apple Vision Pro and list 5 Built-in Apps it supports.","click on the 'Overview' link to navigate to a section that likely includes information about the built-in apps, as the 'Tech Specs' page does not provide this information.",The user has navigated to the 'Overview' section of the Apple Vision Pro page. The visible content does not yet provide information about the built-in apps. The user may need to scroll or explore further in the Overview to locate the details about the built-in apps.
"Find information on Apple website, and tell me the device weight of Apple Vision Pro and list 5 Built-in Apps it supports.","click on the 'Overview' tab near the top of the page to access general information about the Apple Vision Pro, where details about the built-in apps are likely to be found, complementing the technical details already viewed in the 'Tech Specs' tab.","The user is currently on the Apple Vision Pro 'Overview' page. However, the visible portion of the page does not yet provide information regarding the built-in apps. The user needs to scroll down further on the 'Overview' page or explore other potential sections on this page to find details about the built-in apps supported by the Apple Vision Pro."
"Find information on Apple website, and tell me the device weight of Apple Vision Pro and list 5 Built-in Apps it supports.","click on the 'Overview' tab at the top of the Apple Vision Pro page, as it is likely to contain information about the built-in apps supported by the device, complementing the technical specifications already found.","The user is currently viewing the 'Overview' page of the Apple Vision Pro section. The visible portion primarily features images and promotional links, but does not contain detailed information about built-in apps. The user should consider scrolling further down the page or exploring linked sections, which might include slides or details about the built-in apps supported by the device."
"Find information on Apple website, and tell me the device weight of Apple Vision Pro and list 5 Built-in Apps it supports.","click on the 'Overview' tab to find information about the built-in apps supported by Apple Vision Pro, since the 'Tech Specs' section does not include this detail and the 'Overview' is likely to provide information about the device's features and supported apps.","The user has identified several built-in apps for the Apple Vision Pro from the 'Overview' section. The visible built-in apps are Music, Mindfulness, Safari, Photos, Messages, and Keynote. This fulfills the task requirement of listing 5 built-in apps."
"Find information on Apple website, and tell me the device weight of Apple Vision Pro and list 5 Built-in Apps it supports.",Summarizing last observations,"This summary reflects only the most recent observations. The user successfully located the device weight for the Apple Vision Pro on the 'Tech Specs' page, which is listed as 21.2–22.9 ounces (600–650 grams), with a note that the weight varies depending on the Light Seal and headband configuration. Additionally, the separate battery weighs 353 grams. The information regarding 5 built-in apps still remains elusive and was not found in the section currently visible. To find details about built-in apps, the user may need to further explore other sections such as the 'Overview'. The complete task history should be referred to for full context and more comprehensive details on the task actions taken."