task,user_action_and_explanation,observation
"On Apple's website, check the estimated battery life of the latest MacBook Air during web browsing in Tech Specs.",Going to https://www.apple.com/,Went to https://www.apple.com/
"On Apple's website, check the estimated battery life of the latest MacBook Air during web browsing in Tech Specs.","click the 'Mac' link in the top navigation bar to navigate directly to the section where MacBook Air details, including tech specs, can be found efficiently.","The user has successfully navigated to the main Mac section on Apple's website. The page prominently features various Mac models, including the MacBook Air. The next step should be to click on the 'MacBook Air' link to find detailed technical specifications, including battery life information for web browsing."
"On Apple's website, check the estimated battery life of the latest MacBook Air during web browsing in Tech Specs.","click the 'MacBook Air' link in the top navigation bar to navigate to the MacBook Air page where detailed specifications, including battery life, can be found.","You are now on the MacBook Air product page. It mentions that the MacBook Air with the M3 chip offers up to 18 hours of battery life. To find detailed technical specifications including information related specifically to web browsing, click on the 'Tech Specs' tab."
"On Apple's website, check the estimated battery life of the latest MacBook Air during web browsing in Tech Specs.","click the 'Tech Specs' tab to view detailed technical specifications, including battery life during web browsing, for the MacBook Air.","You are now on the 'Tech Specs' tab of the MacBook Air page. However, the relevant section about battery life during web browsing is not visible in the current screenshot. Scroll down the page to find the battery life information related specifically to web browsing."
"On Apple's website, check the estimated battery life of the latest MacBook Air during web browsing in Tech Specs.","scroll down the page to find the section containing battery life details, as this information is not currently visible in the current screenshot.","The screenshot shows details about the chip, media engine, and display of the MacBook Air, but the battery life information is not visible yet. Continue scrolling down to reach the battery section, where you'll find the estimated battery life during web browsing."
"On Apple's website, check the estimated battery life of the latest MacBook Air during web browsing in Tech Specs.","scroll down further to reach the battery section, as the current screenshot shows details about chips, media engine, and display, but battery life information is likely lower on the page.",The screenshot reveals the battery life details for the MacBook Air. It indicates that the device offers up to 15 hours of battery life for wireless web browsing. This information is found in the 'Battery and Power' section.
"On Apple's website, check the estimated battery life of the latest MacBook Air during web browsing in Tech Specs.",Summarizing last observations,"The most recent observations indicate that after navigating through Apple's website to the MacBook Air's Tech Specs page, the user found that the latest MacBook Air offers up to 15 hours of battery life for wireless web browsing. This information was located in the 'Battery and Power' section. The screenshots confirm this detail, showing additional tech specs like display features and memory options for the MacBook Air. This summary reflects only the latest observations. For a full understanding of the task sequence and progress, it is recommended to refer to the complete task history."