task,user_action_and_explanation,observation
"Find information on the latest (as of today's date) MacBook model, including its key features such as processor type, memory size, and storage capacity. Current date is: 2025-01-05.",Going to https://www.apple.com/,Went to https://www.apple.com/
"Find information on the latest (as of today's date) MacBook model, including its key features such as processor type, memory size, and storage capacity. Current date is: 2025-01-05.","click the ""Mac"" option on the top navigation menu to find information about the latest MacBook model.","The user has successfully navigated to the Mac section on the Apple website. The screenshot shows various Mac products, including the 'MacBook Air' and 'MacBook Pro', both labeled as 'New'. However, there is no specific information provided on key features such as processor type, memory size, or storage capacity for these models. Additional navigation and selection of a specific MacBook model may be required to gather detailed specifications."
"Find information on the latest (as of today's date) MacBook model, including its key features such as processor type, memory size, and storage capacity. Current date is: 2025-01-05.","click the 'MacBook Pro' icon labeled 'New' to access the detailed specifications of the latest MacBook Pro model and gather the necessary information on processor type, memory size, and storage capacity.","The user has accessed the page for the latest MacBook Pro model. The screenshot highlights promotional text with the statement ""Hello, Apple Intelligence."" However, there are no specific technical details about the processor type, memory size, or storage capacity visible in the screenshot. Additional navigation is likely needed to locate the detailed technical specifications for the MacBook Pro model."
"Find information on the latest (as of today's date) MacBook model, including its key features such as processor type, memory size, and storage capacity. Current date is: 2025-01-05.","scroll down to view more detailed specifications and product information that are likely further down the page, as only promotional content is currently visible on the screen.","After scrolling down, the user encountered a section labeled ""Get the highlights"" with marketing content about the MacBook Pro being built for ""Apple Intelligence,"" focusing on privacy and power. However, the screenshot still does not display the specific technical specifications sought, such as processor type, memory size, or storage capacity. Further scrolling or exploring the 'Tech Specs' or relevant links at the top of the page might be necessary to access the desired information."
"Find information on the latest (as of today's date) MacBook model, including its key features such as processor type, memory size, and storage capacity. Current date is: 2025-01-05.","click the 'Tech Specs' link located at the top navigation menu of the MacBook Pro page to access detailed technical specifications, including processor type, memory size, and storage capacity, which is the information required.","The user successfully accessed the 'Tech Specs' section for the latest MacBook Pro models. The screenshot reveals several key technical specifications: The MacBook Pro comes with options for Apple M4, M4 Pro, and M4 Max chips. It features CPU configurations ranging from a 10-core to a 14-core CPU with both efficiency and performance cores depending on the chip. Memory options include 16GB and 24GB unified memory. Storage capacities are available from 512GB to 1TB SSD. Prices vary depending on configuration, starting at $1599."
"Find information on the latest (as of today's date) MacBook model, including its key features such as processor type, memory size, and storage capacity. Current date is: 2025-01-05.",Summarizing last observations,"The latest MacBook Pro models, as of January 5, 2025, offer configurations with Apple M4, M4 Pro, and M4 Max chips. The CPUs range from 10 to 14-core, featuring both performance and efficiency cores, and GPU options from 10-core to 32-core. Memory options are 16GB and 24GB unified memory, with higher configurations available up to 128GB on select models. Storage options start at 512GB up to 1TB SSD across models. The display is a 14.2-inch Liquid Retina XDR with ProMotion technology. The device blends high performance with features supporting Apple's vision of privacy and advanced graphics processing capabilities. This summary reflects only the latest observations. For a full context, including any previous steps or additional information, please refer to the complete task history."