task,user_action_and_explanation,observation
Investigate the trade-in value for an iPhone 11 Pro Max on Apple's website.,Going to https://www.apple.com/,Went to https://www.apple.com/
Investigate the trade-in value for an iPhone 11 Pro Max on Apple's website.,"click ""Support"" in the navigation bar to access support options where trade-in information for an iPhone 11 Pro Max might be available.","The user navigated to the Apple Support page, which provides categories like iPhone, Mac, iPad, Watch, Vision, AirPods, and TV, along with support topics such as 'Forgot Apple Account password', 'Apple Repair', and 'Billing and subscriptions'. However, there is no direct information or link related to trade-in values for the iPhone 11 Pro Max on this page. The trade-in information might not be available under the Support section and typically might be found under sections like 'Store' or a dedicated 'Trade-In' page. The user may need to navigate to a different section of Apple’s website."
Investigate the trade-in value for an iPhone 11 Pro Max on Apple's website.,"click ""Store"" in the top navigation bar to access trade-in options that are typically found under the store section of Apple's website.","The user has accessed the Apple Store webpage. The page features products like Mac, iPhone, iPad, Apple Watch, and AirPods. However, it does not immediately display information specific to trade-in options on this section of the page. The user may need to scroll down or look for a specific 'Trade-In' link or section within the Store page to find the trade-in value for the iPhone 11 Pro Max."
Investigate the trade-in value for an iPhone 11 Pro Max on Apple's website.,"scroll to find the 'Trade-In' section or link to access trade-in value information for the iPhone 11 Pro Max on the Apple Store page, as it is likely not visible in the current view.","The user has successfully found the 'Trade in your current device. Get credit toward a new one.' link on the Apple Store page. This section likely provides information about trade-in options, which may include details about the trade-in value for the iPhone 11 Pro Max."
Investigate the trade-in value for an iPhone 11 Pro Max on Apple's website.,"click the 'Trade in your current device. Get credit toward a new one.' link to access specific trade-in value information for an iPhone 11 Pro Max, as this is likely the direct link to the trade-in section on the Apple Store page.","The screenshot shows a message stating, 'Trade in your device for credit. Just add a trade-in when you choose a new product. Once your device has been received and verified, we’ll credit the value to your payment method.' However, it does not display specific trade-in values or provide options to check values for specific devices such as the iPhone 11 Pro Max. Additional navigation may be needed to find exact trade-in value information."
Investigate the trade-in value for an iPhone 11 Pro Max on Apple's website.,"scroll to see if there are further options or a section below that specifies the trade-in values for various Apple devices, including the iPhone 11 Pro Max, since the current view only provides a general message about trade-ins without specific details.","The current screenshot only shows a general message about trading in devices for credit without providing specific trade-in values for any devices, including the iPhone 11 Pro Max. There are no visible links or sections in this view that could lead the user to more detailed trade-in information. Further navigation or a different page may be required to access the specific trade-in values."
Investigate the trade-in value for an iPhone 11 Pro Max on Apple's website.,"go back to the previous page to explore other sections where specific trade-in details, such as for the iPhone 11 Pro Max, might be accessible since this page doesn't provide detailed information.","The screenshot shows a highlighted section 'Trade in your current device. Get credit toward a new one.' This indicates a path to follow for finding trade-in options. However, there are no specific trade-in value details visible on this page. You may consider clicking on this section to proceed further and explore available options for the iPhone 11 Pro Max."
Investigate the trade-in value for an iPhone 11 Pro Max on Apple's website.,"click on 'Trade in your current device. Get credit toward a new one.' link below the Apple Store difference section to access detailed trade-in value information for the iPhone 11 Pro Max, starting with this specific section that mentions trade-in options.","The screenshot continues to display a general message about trading in devices for credit, similar to the previous view. It does not provide specific trade-in values for the iPhone 11 Pro Max or any other device. Further navigation may be necessary to locate the exact page or section that includes specific trade-in values."
Investigate the trade-in value for an iPhone 11 Pro Max on Apple's website.,"go back to the previous page using the browser's back button or a back link, as the current page does not provide direct access to specific trade-in values for an iPhone 11 Pro Max, and further exploration on another relevant page might be needed.","The screenshot shows the main Apple Store page, visible sections include options like 'Enjoy two-hour delivery from an Apple Store, free delivery, or easy pickup,' 'Trade in your current device. Get credit toward a new one,' and options related to financing purchases. However, the page does not show specific trade-in values for the iPhone 11 Pro Max. To further investigate the trade-in value, it may be helpful to click on the 'Trade in your current device' section, specifically focusing on options or links that might provide detailed trade-in values once inside the relevant section."
Investigate the trade-in value for an iPhone 11 Pro Max on Apple's website.,"click the 'Trade in your current device. Get credit toward a new one.' link again to proceed with finding the detailed trade-in options and values for specific devices like the iPhone 11 Pro Max, as it seems to be the primary link on the current page dedicated to trade-in inquiries.","The current screenshot displays only a general message about trading devices for credit, without any specific trade-in value information for the iPhone 11 Pro Max or any additional navigation options. The page does not show detailed information or interactive options to proceed further in discovering specific trade-in values. You may need to explore different sections on the Apple website that might provide a more detailed and interactive trade-in process, such as devices or upgrade options specifically for the iPhone."
Investigate the trade-in value for an iPhone 11 Pro Max on Apple's website.,"go back to the previous page to explore other navigation options that might lead to specific trade-in value information, since this page does not display the required details.",The screenshot shows a section labeled 'Trade in your current device. Get credit toward a new one.' This is likely the link to explore trade-in options. You can click this section to proceed and check for the specific trade-in values for the iPhone 11 Pro Max.
Investigate the trade-in value for an iPhone 11 Pro Max on Apple's website.,"click the 'Trade in your current device. Get credit toward a new one.' link to find detailed trade-in values for specific devices, as it directs to a page where these options are typically detailed.","The current screenshot still only displays a general message about trading in devices for credit. It does not include any detailed information or specific trade-in values for any Apple products, including the iPhone 11 Pro Max. There are no visible sections or links on this page that provide further details about individual devices' trade-in values. It may require looking for a specific page dedicated to the trade-in program or using a search function to locate more precise information."
Investigate the trade-in value for an iPhone 11 Pro Max on Apple's website.,"scroll down the current page to reveal any sections or links not visible which might lead to specific trade-in values for devices, such as the iPhone 11 Pro Max, because the current view only shows a general message about trade-ins without detailed information.","The page currently displayed still provides only a general message about trading in your device for credit and lacks specific trade-in value information for any devices, including the iPhone 11 Pro Max. There are no additional sections or links visible that could lead to the desired details. You might need to explore other pages or links on the Apple website to find the specific trade-in values."
Investigate the trade-in value for an iPhone 11 Pro Max on Apple's website.,"go back to the previous page to explore other options or links that may provide detailed trade-in values, as the current page only provides a general overview without specific information for the iPhone 11 Pro Max.","On the current page, the 'Trade in your current device. Get credit toward a new one.' option is visible. Clicking this link may guide you to a page where you can find specific trade-in values for devices like the iPhone 11 Pro Max."
Investigate the trade-in value for an iPhone 11 Pro Max on Apple's website.,"Changing URL parameters. The current URL provided is a part of Apple's trade-in section. To investigate the trade-in value specifically for an iPhone 11 Pro Max, navigating to the main trade-in page (https://www.apple.com/shop/trade-in) allows you to select your device and model, including the iPhone 11 Pro Max, to get an estimated trade-in value. This page interfaces directly with Apple's trade-in program, offering a straightforward way to enter the device details and see the potential trade-in credit.",Went to https://www.apple.com/shop/trade-in
Investigate the trade-in value for an iPhone 11 Pro Max on Apple's website.,"click on 'See all iPhone values' link to access specific trade-in values for various iPhone models, including potentially the iPhone 11 Pro Max.",The current page displays a list of iPhone trade-in values. The iPhone 11 Pro Max can be traded in for an estimated value of up to $150.
Investigate the trade-in value for an iPhone 11 Pro Max on Apple's website.,Summarizing last observations,"The most recent observation, supplemented by the current screenshot, indicates that the user successfully accessed detailed information regarding trade-in values for various iPhone models on Apple's website. The specific trade-in value for an iPhone 11 Pro Max is listed as 'Up to $150'. This summary reflects only the latest findings, and it is recommended to review the complete task history for comprehensive understanding and context of the navigation process that led to these details."