task,user_action_and_explanation,observation
Find out the trade-in value for an iPhone 13 Pro Max in good condition on the Apple website.,Going to https://www.apple.com/,Went to https://www.apple.com/
Find out the trade-in value for an iPhone 13 Pro Max in good condition on the Apple website.,click on the 'Support' link in the top navigation bar to find information regarding trade-ins.,"You have navigated to the Apple Support page. To find information on trade-ins, you should look for links related to trade-in programs. The support page currently shows categories like iPhone, Mac, and others, but does not directly display trade-in information. Consider checking the main Apple Store page or using the search box at the bottom to search for 'trade-in'."
Find out the trade-in value for an iPhone 13 Pro Max in good condition on the Apple website.,"Changing URL parameters. The suggested URL leads directly to Apple's 'Apple Trade In' page, which provides comprehensive information about the trade-in program, including how to trade in your device and the types of devices eligible for trade-in. This is the most relevant section for finding out the trade-in value for an iPhone 13 Pro Max in good condition.",Went to https://support.apple.com/en-us/HT201296
Find out the trade-in value for an iPhone 13 Pro Max in good condition on the Apple website.,go back // The current page is not relevant to the task of finding trade-in values. Going back to the trade-in page will allow access to the correct information.,"You are back on the Apple Support page, which doesn't directly offer the trade-in value for devices. To find the value for an iPhone 13 Pro Max, consider returning to the Apple main site and navigating to the Apple Trade In section directly or using the site search to look for 'trade-in'."
Find out the trade-in value for an iPhone 13 Pro Max in good condition on the Apple website.,click on the 'Store' link in the top navigation bar to access the main page where you can find the Trade In section.,"You have arrived at the Apple Store's main page. To find the trade-in value, look for a section or link related to 'Trade In,' possibly at the top or bottom navigation links, or use the search bar to search for 'Trade In.'"
Find out the trade-in value for an iPhone 13 Pro Max in good condition on the Apple website.,click on the search icon in the top navigation bar to search for 'Trade In'. This will help find the specific section for trade-in values efficiently.,"The search for 'Trade In' did not yield any results on the Apple website. It seems the search function did not effectively locate the trade-in section. You may want to manually navigate to the 'Apple Trade In' section from the footer links, where 'Apple Trade In' is listed, or try a different search term."
Find out the trade-in value for an iPhone 13 Pro Max in good condition on the Apple website.,click on the 'Apple Trade In' link in the footer under the 'Apple Store' column. This will take you directly to the section where you can check the trade-in values for devices like the iPhone 13 Pro Max.,"You have reached the Apple Trade In page. It suggests that you can get between $40 to $650 when trading in an iPhone. To find out the specific trade-in value for an iPhone 13 Pro Max, you should click on the ""Find your trade-in value"" button to enter device-specific details."
Find out the trade-in value for an iPhone 13 Pro Max in good condition on the Apple website.,click on the 'Find your trade-in value' button to access the page or tool that will allow you to input the specific device details like iPhone 13 Pro Max and condition to get the exact trade-in value.,"The ""Apple Trade In"" page successfully loaded with an overlay prompting you to select your device type. Options available include 'Smartphone', 'Tablet', and 'Computer'. Clicking the 'Smartphone' option should allow you to input details specific to the iPhone 13 Pro Max to obtain its trade-in value."
Find out the trade-in value for an iPhone 13 Pro Max in good condition on the Apple website.,"Changing URL parameters. The current URL leads to Apple's trade-in page. Clicking on 'Smartphone' under 'Select your device to get a trade-in estimate' direct users to a page where they can choose the specific smartphone model for a trade-in value estimate. This URL directly accesses the smartphone trade-in section, where the user can find the value for an iPhone 13 Pro Max by selecting their specific model.",Went to https://www.apple.com/shop/trade-in/select-smartphone
Find out the trade-in value for an iPhone 13 Pro Max in good condition on the Apple website.,click on the 'Apple Trade In' link located in the footer of the page under the 'Apple Store' category. This link will direct you to the dedicated Apple Trade In page where you can find the trade-in value for the iPhone 13 Pro Max.,"You are on the Apple Trade In page. To find the specific trade-in value for an iPhone 13 Pro Max, click on the 'Find your trade-in value' button. This will allow you to enter specific details about your device to get an accurate estimate."
Find out the trade-in value for an iPhone 13 Pro Max in good condition on the Apple website.,"Changing URL parameters. The original URL https://www.apple.com/shop/trade-in leads to Apple's trade-in homepage. To find the trade-in value specifically for an iPhone 13 Pro Max, you should navigate directly to the iPhone section of the trade-in page. The suggested URL includes a fragment identifier `#section-iphone` to auto-scroll to the part of the page dedicated to iPhones, where you can select the iPhone 13 Pro Max and find the trade-in value.",Went to https://www.apple.com/shop/trade-in#section-iphone
Find out the trade-in value for an iPhone 13 Pro Max in good condition on the Apple website.,click on 'Find your trade-in value' button to access specific trade-in values for iPhone 13 Pro Max and other devices. This will lead to detailed information about the estimated trade-in value for different models.,"You successfully navigated to the right page and clicked on the 'Find your trade-in value' button, but the screenshot still displays the generic range of trade-in values for iPhones instead of specific information for the iPhone 13 Pro Max. The page suggests you can get between $40 to $650 when trading in an iPhone, with no specific value shown for the iPhone 13 Pro Max. You may need to scroll further down or access more specific options to get the particular trade-in value for the iPhone 13 Pro Max."
Find out the trade-in value for an iPhone 13 Pro Max in good condition on the Apple website.,"click on the 'iPhone' icon under the Trade In section to find specific trade-in values for iPhone models, including the iPhone 13 Pro Max. This section is dedicated to providing detailed information about trade-in options for iPhones.","The screenshot displays a list of iPhone models along with their estimated trade-in values. For the iPhone 13 Pro Max, the trade-in value is up to $400. This information is directly relevant to your task of finding out the trade-in value for this specific model in good condition."
Find out the trade-in value for an iPhone 13 Pro Max in good condition on the Apple website.,Summarizing last observations,"The most recent observations reveal that the user found the necessary trade-in values for various iPhone models, including the iPhone 13 Pro Max. The value for an iPhone 13 Pro Max in good condition is up to $400. This information comes after several navigational attempts to access the specific details on the Apple website. For a comprehensive understanding of the process, including challenges faced in navigation, refer to the complete task history."