task,user_action_and_explanation,observation
Check the storage options and prices for the latest iPad Pro models on Apple's website.,Going to https://www.apple.com/,Went to https://www.apple.com/
Check the storage options and prices for the latest iPad Pro models on Apple's website.,click on the 'iPad' link in the top navigation menu to explore iPad Pro models and their storage options and prices.,"The user successfully navigated to the iPad section of Apple's website. However, the current page displays general information about iPads and does not yet show specific storage options and prices for the iPad Pro models. The user needs to select the 'iPad Pro' link in the navigation bar to proceed further to view the required details."
Check the storage options and prices for the latest iPad Pro models on Apple's website.,"Changing URL parameters. The suggested URL is the direct link to the iPad Pro section of Apple's website. From this page, you can view detailed information about the latest iPad Pro models, including storage options and pricing. Navigating directly to the 'iPad Pro' section saves time and accurately fulfills the task goal of checking the storage options and prices for the latest models.",Went to https://www.apple.com/ipad-pro/
Check the storage options and prices for the latest iPad Pro models on Apple's website.,"click on the 'Buy' button, located below the 'Hello, Apple Intelligence.' text. This button is likely to direct to a page where different storage options and their prices for the iPad Pro are displayed, thereby fulfilling the task goal.","The user has successfully navigated to the 'Buy iPad Pro' page. This page provides the starting price for the iPad Pro at $999 or $83.25 per month for 12 months. The user is now presented with options to select between the 11-inch and 13-inch models, which is a step towards viewing specific storage options and prices. However, the storage options and detailed pricing are not yet displayed. The user needs to select either the 11-inch or 13-inch model to proceed further in order to see more detailed configurations, storage options, and their respective prices."
Check the storage options and prices for the latest iPad Pro models on Apple's website.,"Changing URL parameters. The current task is to view the storage options and prices for the 11-inch iPad Pro on Apple's website. The given URL leads to the general iPad Pro purchasing page, where you can select the specific model. By navigating directly to the URL for the 11-inch display model, users can immediately access detailed information about the storage configurations and pricing for that specific iPad Pro, making it directly relevant to the task.",Went to https://www.apple.com/shop/buy-ipad/ipad-pro/11-inch-display
Check the storage options and prices for the latest iPad Pro models on Apple's website.,"Changing URL parameters. The URL navigates directly to the buying options for the 11-inch iPad Pro model with Wi-Fi, as requested. This page allows users to view and select different storage options and their corresponding prices, which fulfills the task goal of checking storage configurations and prices for the latest iPad Pro models.",Went to https://www.apple.com/shop/buy-ipad/ipad-pro/11-inch-display-wifi
Check the storage options and prices for the latest iPad Pro models on Apple's website.,"Changing URL parameters. This URL takes you directly to the 11-inch iPad Pro purchase page on Apple's website, where you can view all available storage options and their respective prices. This is the specific model interested in according to the task goal, and the page will provide detailed pricing and configuration options required.",Went to https://www.apple.com/shop/buy-ipad/ipad-pro/11-inch-display
Check the storage options and prices for the latest iPad Pro models on Apple's website.,"click on the 'Finish. Pick your favorite' dropdown to view storage options and prices for the 11-inch iPad Pro. This dropdown is likely to provide details about available storage configurations and their respective prices, directly addressing the task of checking storage options and prices.","The screenshot shows the user has reached the buying page for the 11-inch iPad Pro. The available storage options are displayed, with 256GB pricing starting from $999 or $83.25 per month for 12 months, and 1TB priced starting from $1,599 or $133.25 per month for 12 months. The task goal of checking storage options and prices has been achieved for this particular model."
Check the storage options and prices for the latest iPad Pro models on Apple's website.,Summarizing last observations,"The user has successfully navigated to the buying options page for the 11-inch iPad Pro model with Wi-Fi on Apple's website. The current page shows detailed information on storage options and prices for this model, which fulfills the task goal of checking these details. Specifically, the storage options available are:
- 256GB starting from $999 or $83.25 per month for 12 months,
- 512GB starting from $1199 or $99.91 per month for 12 months,
- 1TB starting from $1599 or $133.25 per month for 12 months, and
- 2TB starting from $1899 or $158.25 per month for 12 months. 

Additionally, there are options for choosing color (Space Black or Silver), glass type (Standard or Nano-texture), and connectivity (Wi-Fi or Wi-Fi + Cellular). Furthermore, the user can opt for free engraving. 

This summary reflects only the most recent observations. Please refer to the complete task history for full context."