task,user_action_and_explanation,observation
"Identify and list the specifications of the latest iPad model released by Apple, including its storage options, processor type, and display features.",Going to https://www.apple.com/,Went to https://www.apple.com/
"Identify and list the specifications of the latest iPad model released by Apple, including its storage options, processor type, and display features.","click the ""iPad"" link at the top navigation bar to navigate to the iPad section and find details about the latest iPad model.","You have reached the iPad section on Apple's website. There are options to explore different models like iPad Pro, iPad Air, and the new iPad mini. You need to select a specific model to view detailed specifications about storage options, processor type, and display features."
"Identify and list the specifications of the latest iPad model released by Apple, including its storage options, processor type, and display features.","Changing URL parameters. The given task is to find the detailed specifications of the latest iPad model. The current URL is the main iPad page on Apple's website, which would have links to the various iPad models including the latest releases. Since the task specifically mentions the 'New iPad mini', the specifications page for the iPad mini would provide all the detailed technical information regarding storage, processor, and display features. Navigating to the 'New iPad mini' specs page will allow the user to view these details easily.",Went to https://www.apple.com/ipad-mini/specs/
"Identify and list the specifications of the latest iPad model released by Apple, including its storage options, processor type, and display features.","scroll down further to view the full specifications table including the processor type and display features, as this information is typically located below initial sections like Finish and Capacity.","You have successfully navigated to the specifications section for the iPad mini. The screenshot displays part of the technical specifications, including information about the weight of Wi-Fi and Wi-Fi + Cellular models, connector types, and some box content details. You have also reached the display specifications showing it features an 8.3-inch Liquid Retina display with LED backlit Multi-Touch and IPS technology, providing a resolution of 2266-by-1488 at 326 ppi. However, details on storage options and processor type are not visible yet; you need to scroll down further to potentially find these specifications."
"Identify and list the specifications of the latest iPad model released by Apple, including its storage options, processor type, and display features.",scroll further down to view additional specifications like storage options and processor type. These are usually listed in separate sections below the current display specifications section that is visible in the screenshot.,"The screenshot successfully provides details on both the display and processor type for the iPad mini. It features an 8.3-inch Liquid Retina display with LED backlit Multi-Touch and IPS technology, with a resolution of 2266-by-1488 at 326 ppi. The iPad mini is equipped with the A17 Pro chip, featuring a 6-core CPU (2 performance cores and 4 efficiency cores), a 5-core GPU, and a 16-core Neural Engine. However, storage options are not visible in this screenshot and additional scrolling may be necessary to uncover those details."
"Identify and list the specifications of the latest iPad model released by Apple, including its storage options, processor type, and display features.","scroll further down past the Camera section to view additional specifications that likely include the storage options, as these are typically located near the bottom of specifications pages.","The screenshot still shows information about the camera specifications, including the 12MP wide camera and video recording capabilities. The processor details are visible, confirming the A17 Pro chip, but storage options are not yet visible. You need to scroll further down past the camera section to potentially find storage specifications."
"Identify and list the specifications of the latest iPad model released by Apple, including its storage options, processor type, and display features.","scroll further down past the video recording section to view additional information likely containing storage options, which are typically found near or after these sections.","The screenshot shows information sections on video recording, camera features, video and audio calling options, speakers, microphones, and cellular/wireless capabilities. However, it does not reveal the storage options for the iPad mini. The details about storage options are likely further down the webpage, as they were not captured in this screenshot. Continue scrolling to find the information on storage options."
"Identify and list the specifications of the latest iPad model released by Apple, including its storage options, processor type, and display features.","scroll further down again to reach the sections that list the available storage options, often found towards the end of the tech specs page once past connectivity and audio features.","You have scrolled past the sections for audio calling, speakers, microphones, cellular and wireless, and SIM card details for the iPad mini. This screenshot does not yet display the storage options. These are likely further down the page, as typically storage specifications are listed towards the end of the technical details. Continue scrolling to find the storage options for the iPad mini."
"Identify and list the specifications of the latest iPad model released by Apple, including its storage options, processor type, and display features.","scroll further down past the Cellular and Wireless section to potentially reveal the storage options, which are often listed toward the bottom of the specifications page.","The screenshot provides details on the iPad mini's cellular capabilities, SIM card (eSIM), location services, sensors, Touch ID, Apple Pay, and Siri features. However, storage options are still not visible. These details are likely further down the page. Continue scrolling to find storage information."
"Identify and list the specifications of the latest iPad model released by Apple, including its storage options, processor type, and display features.",scroll further down past the section detailing Apple Pay and Siri features. The storage options are typically included near the bottom of technical specification pages and require continued navigation to uncover.,"The current screenshot shows sections related to Apple Pay, Siri, Charging and Expansion, Display Support, and Power and Battery, but it still does not reveal the storage options for the iPad mini. Additional scrolling is necessary to locate the storage capacity details, as these are often presented towards the end of specifications pages on Apple's website."
"Identify and list the specifications of the latest iPad model released by Apple, including its storage options, processor type, and display features.",scroll further down to locate the storage options as they are typically listed near the battery and power details towards the bottom of the page.,"The current screenshot provides information about the power and battery specifications, operating system, and accessibility features of the iPad mini. It confirms the device uses a built-in 19.3-watt-hour rechargeable lithium-polymer battery, with up to 10 hours of surfing the web on Wi-Fi, and up to 9 hours on cellular data for Wi-Fi + Cellular models. The device runs on iPadOS 18, including various built-in accessibility features and apps. However, the storage options are still not visible in the captured details. The user needs to continue scrolling down to find the storage specifications, which are likely located near the technical specifications towards the bottom of the page."
"Identify and list the specifications of the latest iPad model released by Apple, including its storage options, processor type, and display features.","scroll further down to view the storage options, as they are typically listed near the bottom of the specifications page, below sections on operating system and built-in apps.","The current screenshot provides details on the built-in apps and system requirements of the iPad mini but does not yet display the storage options. This indicates that the user has not yet scrolled further enough down the page to reach the storage information. To view the storage options, continue scrolling down as it is likely located below the current sections displayed in the screenshot."
"Identify and list the specifications of the latest iPad model released by Apple, including its storage options, processor type, and display features.","scroll further down to locate the storage options section, as it is usually found towards the end of specifications pages, past app and software information.","The screenshot does not reveal the storage options for the iPad mini. It contains information about free apps from Apple, system requirements, and language support. To find the storage options, the user needs to continue scrolling down past these sections, as storage details are often located near the end of specification pages after sections like apps, software, or technical requirements."
"Identify and list the specifications of the latest iPad model released by Apple, including its storage options, processor type, and display features.","scroll further down to view additional specifications for the iPad mini, particularly focusing on finding the storage options. The current screenshot does not show storage details, so scrolling is necessary to reach that section which is typically found towards the end of spec sheets.","The screenshot displays details about language support for keyboards, including a list of languages with specific script and input options. However, it does not provide storage options for the iPad mini. Additional scrolling is necessary to locate information on storage specifications, as they were not captured in this view."
"Identify and list the specifications of the latest iPad model released by Apple, including its storage options, processor type, and display features.",scroll further down past the language support section to find storage options. Storage is usually listed after connectivity or keyboard support details in specifications documents.,"The screenshot currently shows the QuickType keyboard support options across various languages for the iPad mini. There is no information on storage options present in this screenshot. To find the storage specifications, you need to continue scrolling further down past sections related to connectivity, language supports, and perhaps peripherals."
"Identify and list the specifications of the latest iPad model released by Apple, including its storage options, processor type, and display features.","scroll further down past the keyboard support section to view additional specifications like storage options, as they are typically located at the end of specification pages.","The current screenshot shows information about keyboard and language support features for the iPad mini, such as QuickType keyboard support, Siri languages, and Dictation languages. However, it does not yet provide the storage options specifications. The details about storage options are likely further down the webpage, as they are not visible in this particular screenshot. Continue scrolling down to uncover the storage specifications for the iPad mini."
"Identify and list the specifications of the latest iPad model released by Apple, including its storage options, processor type, and display features.","scroll down further past the current languages and keyboard support specifications to find the storage options section, as it is typically located in the lower part of the technical specifications on Apple's website.","The screenshot shows a section listing language and keyboard support features, such as the multilingual dictionary support and supported languages for spell check. It further details Apple Pay supported regions but does not yet show any storage options for the iPad mini. You will need to continue scrolling down to find the storage options section, which has not been reached yet according to the screenshot provided."
"Identify and list the specifications of the latest iPad model released by Apple, including its storage options, processor type, and display features.","scroll further down below the current software and language-related details to find the storage capacity specifications for the iPad mini, which are typically listed after such sections on technical specification pages.","The screenshot continues to show sections related to video and audio playback capabilities, mail attachment support, and environmental requirements. These sections provide details such as supported video and audio formats but do not contain the storage option specifications for the iPad mini. To find the missing storage options, continue scrolling further down the webpage, as this information is not visible in the current view."
"Identify and list the specifications of the latest iPad model released by Apple, including its storage options, processor type, and display features.","scroll further down past the current sections to find the storage specifications, as they are usually located near the end of the technical specifications page, beyond audio and video playback information.","The current screenshot does not contain information about the storage options for the latest iPad mini model. It instead shows sections about mail attachment support, environmental requirements, and the environmental design of the iPad mini. It emphasizes Apple's commitment to using recycled materials and reducing environmental impact. The storage specifications are still not visible and you may need to scroll further to find the storage options section on the page."
"Identify and list the specifications of the latest iPad model released by Apple, including its storage options, processor type, and display features.",scroll further down to continue searching for the storage options listed in the specifications as these details are typically found toward the end of the specs page.,"The screenshot captures environmental and material information related to the iPad mini. Packaging, waste management, and use of recycled materials in manufacturing are highlighted. However, the storage options are not visible in this screenshot. To find storage details, further scrolling is required, likely towards the final parts of the specifications section."
"Identify and list the specifications of the latest iPad model released by Apple, including its storage options, processor type, and display features.","scroll further down to locate the storage options for the iPad mini, which are typically listed near the bottom of the specifications page after display and processor details, and current screenshot shows packaging and materials rather than technical specifications.","The current screenshot shows sections on accessories, trade-in information, and a comparison prompt for different iPad models. However, it does not display the technical specifications for storage options, processor type, or display features of the iPad mini. It seems like you have scrolled back up or navigated away from the specifications section. You need to return to the technical specifications part of the website and scroll down to locate the storage options."
"Identify and list the specifications of the latest iPad model released by Apple, including its storage options, processor type, and display features.","Changing URL parameters. The current URL directs to the iPad Mini specifications page. However, the task requires identifying the latest iPad model, which includes potentially different models beyond the iPad Mini. By navigating to the general iPad specifications page, you can access detailed specifications for all available iPad models, including their storage options, processor types, and display features. This ensures you can view and compare the latest models, not just limited to the iPad Mini.",Went to https://www.apple.com/ipad/specs/
"Identify and list the specifications of the latest iPad model released by Apple, including its storage options, processor type, and display features.","Changing URL parameters. The task is to find specifications of the latest iPad model, specifically mentioning the iPad mini. The given URL is Apple's iPad section, and selecting the 'iPad mini' directly leads to the dedicated page for the iPad mini, where detailed specifications for the latest model can be found, such as storage options, processor type, and display features. By navigating to the URL https://www.apple.com/ipad-mini/, you can access the latest information for the iPad mini.",Went to https://www.apple.com/ipad-mini/
"Identify and list the specifications of the latest iPad model released by Apple, including its storage options, processor type, and display features.","scroll down on the page to reveal the full technical specifications, as the storage options are likely located further down, typically near the end after processor and display details.","The screenshot currently presents promotional content about the iPad mini, highlighting the A17 Pro chip and introducing features such as compatibility with Apple Pencil Pro and the availability in four colors. The device is also marketed as being a portable powerhouse, but the specific technical specifications regarding storage options are still not visible. The webpage is in the promotional overview section and not in the detailed technical specifications section."
"Identify and list the specifications of the latest iPad model released by Apple, including its storage options, processor type, and display features.","Changing URL parameters. The task requires identifying the specifications of the latest iPad model, but the current URL is specific to the iPad Mini. To find the latest iPad model specifications, it's more appropriate to navigate to the general iPad section on Apple's website, where details about the newest releases across all iPad models are generally available. This page will provide a comprehensive view of the latest product offerings, including detailed specifications, storage options, processor types, and display features, across both iPad and iPad Pro models.",Went to https://www.apple.com/ipad/
"Identify and list the specifications of the latest iPad model released by Apple, including its storage options, processor type, and display features.","scroll down further on the current page to reach the specifications section, which likely contains detailed information on storage options for the iPad mini, since they are usually listed towards the bottom of such pages.","The current screenshot does not provide any new information regarding the storage options, processor type, or display features of the iPad mini. It shows a promotional section titled 'Get to know iPad' with various marketing sub-topics but lacks technical specifications. Further scrolling is required to access the detailed model-specific information needed to complete the task."
"Identify and list the specifications of the latest iPad model released by Apple, including its storage options, processor type, and display features.","Changing URL parameters. The current URL points to the main iPad page on Apple's website. To find detailed specifications for the latest iPad models, the 'Compare' page on Apple's website is the most appropriate. This page provides a side-by-side comparison of different iPad models, listing comprehensive specifications including storage options, processor details, and display features.",Went to https://www.apple.com/ipad/compare/
"Identify and list the specifications of the latest iPad model released by Apple, including its storage options, processor type, and display features.","scroll further down the page to locate the section detailing storage options for the iPad mini, as it is likely situated beneath the visible comparison of different iPad models and their summary features.","The current screenshot shows a comparison summary between the iPad Pro and iPad Air models but does not provide specific information about the iPad mini, especially regarding its storage options. It focuses on display, chip, and camera capabilities for these particular models. The storage options and other specifications for the iPad mini are not visible and the user needs to scroll further down or navigate back to the iPad mini specifications section to locate this information."
"Identify and list the specifications of the latest iPad model released by Apple, including its storage options, processor type, and display features.","Changing URL parameters. The URL https://www.apple.com/ipad/ leads to the main page for all iPad models. From this page, users can access information about the latest iPad models, including the iPad mini. It will have detailed specifications such as storage options, processor type, and display features. This page serves as a good starting point to browse through the specific models and find detailed specifications for each one.",Went to https://www.apple.com/ipad/
"Identify and list the specifications of the latest iPad model released by Apple, including its storage options, processor type, and display features.","Changing URL parameters. The task is to identify the specifications of the latest iPad model, specifically the iPad mini, as indicated. The current URL, https://www.apple.com/ipad/, is the general iPad landing page, which lists all iPad models. To find the complete specifications for the latest iPad mini, navigating directly to https://www.apple.com/ipad-mini/ will provide detailed information, including storage options, processor type, and display features specific to the iPad mini model.",Went to https://www.apple.com/ipad-mini/