task,user_action_and_explanation,observation
Determine the price difference between the latest series of Apple Watch and Apple Watch SE on the Apple website.,Going to https://www.apple.com/,Went to https://www.apple.com/
Determine the price difference between the latest series of Apple Watch and Apple Watch SE on the Apple website.,"click on the 'Watch' menu option located on the navigation bar to navigate to the Apple Watch section, since our task is to determine the price difference between the latest Apple Watch series and the Apple Watch SE.","The user successfully navigated to the Apple Watch section on the Apple website. The screenshot displays options for different Apple Watch models, such as Series 10, SE, Ultra 2, Nike, and Hermès. However, the prices for each watch model are not visible on this page. The user needs to click on either the 'Apple Watch Series 10' or 'Apple Watch SE' links to view their prices and then determine the difference in their pricing."
Determine the price difference between the latest series of Apple Watch and Apple Watch SE on the Apple website.,"click on the 'Apple Watch Series 10' link located in the navigation menu, as it allows us to view specific details and prices for the Apple Watch Series 10, which is necessary to determine the price difference between it and the Apple Watch SE.","The user has successfully navigated to the Apple Watch Series 10 page. The price is displayed as starting from $399 or $33.25/month for 12 months. To determine the price difference, the user needs to now navigate to the Apple Watch SE page and find its starting price."
Determine the price difference between the latest series of Apple Watch and Apple Watch SE on the Apple website.,"click on the 'Watch' menu option again located in the navigation bar to return to the main Apple Watch section and then access the Apple Watch SE page, as we need to view its pricing to compare with the Series 10.","The user has successfully navigated back to the main Apple Watch section. The navigation bar lists options like Apple Watch Series 10, Apple Watch SE, Apple Watch Ultra 2, and others. The user should click on the 'Apple Watch SE' link to navigate to its specific page and find the starting price to complete the price comparison task."
Determine the price difference between the latest series of Apple Watch and Apple Watch SE on the Apple website.,"click on the 'Apple Watch SE' link located in the navigation menu to access the Apple Watch SE page and view its pricing, enabling a comparison with the Apple Watch Series 10.","The user has successfully navigated to the Apple Watch SE page. The starting price for the Apple Watch SE is displayed as $249. Previously, the starting price for the Apple Watch Series 10 was observed to be $399. Therefore, the price difference between the Apple Watch Series 10 and the Apple Watch SE is $150."
Determine the price difference between the latest series of Apple Watch and Apple Watch SE on the Apple website.,Summarizing last observations,"The most recent observations indicate that the user successfully navigated to the Apple Watch SE page. The Apple Watch SE is listed with a starting price of $249. Previously, it was noted that the Apple Watch Series 10 starts at $399. Thus, the price difference between the Apple Watch Series 10 and the Apple Watch SE is $150. This summary reflects only the latest observations, and referring to the full task history is recommended for complete context."