task,user_action_and_explanation,observation
"On Apple's website, check if the HomePod mini in store is available in multiple colors and list them.",Going to https://www.apple.com/,Went to https://www.apple.com/
"On Apple's website, check if the HomePod mini in store is available in multiple colors and list them.","click AirPods in the top navigation menu to find information about the HomePod mini, as it might be listed under the same section due to being an audio product related to Apple devices.","The user's current action of clicking on 'AirPods' has led them to a section about AirPods products, but there is no information about the HomePod mini or its availability in different colors. The webpage features AirPods 4 and AirPods Pro 2, but no relevant details about HomePod products are present in the screenshot provided. The user may need to navigate to the 'TV & Home' section or use the search functionality on the website to locate information about the HomePod mini."
"On Apple's website, check if the HomePod mini in store is available in multiple colors and list them.","click on the 'TV & Home' navigation link in the top menu because the HomePod mini is a part of Apple's home audio products, and relevant information about its availability in different colors will likely be found in this section.","The current screenshot shows the HomePod mini is available under the 'TV & Home' section. It is depicted in multiple colors, including yellow, blue, and orange. More details about the exact color availability may be found by selecting 'Buy' or 'Learn more.'"
"On Apple's website, check if the HomePod mini in store is available in multiple colors and list them.",click 'Learn more' under HomePod mini to access detailed information about color availability and list them.,"The current screenshot shows the HomePod mini page, with an image of the HomePod mini displayed in orange. However, it does not provide information about other available colors directly in the current view. The user should either scroll down or navigate further on the page to find a comprehensive list of all available colors."
"On Apple's website, check if the HomePod mini in store is available in multiple colors and list them.",scroll down to view more of the HomePod mini webpage because additional information regarding the available color options is likely located further down the page. Scrolling will reveal the comprehensive list of colors offered.,The screenshot shows promotional text about the HomePod mini but does not provide specific information about the color options. The user needs to scroll further down the page or navigate to a section that lists the product colors specifically.
"On Apple's website, check if the HomePod mini in store is available in multiple colors and list them.",scroll down further on the page to find the specific section that lists the HomePod mini's available colors. Scrolling will likely reveal the detailed information regarding color options.,"The current screenshot from the HomePod mini page mentions that it is available in 'Five bold colors.' However, it does not provide specific details or visuals of these colors directly. The user needs to either scroll further or navigate to a specific section or purchase page that explicitly lists all the colors available."
"On Apple's website, check if the HomePod mini in store is available in multiple colors and list them.",scroll down to reveal further details as the current view shows there are 'Five bold colors' but doesn't specify what they are. Further scrolling should uncover the section listing all the available colors for the HomePod mini.,"The screenshot shows a section about the HomePod mini with an image of it displayed in white, but it does not provide a list of all five available colors. The user needs to continue scrolling to find a complete list or another section that elaborates on the color options for the HomePod mini."
"On Apple's website, check if the HomePod mini in store is available in multiple colors and list them.",scroll down again on the HomePod mini page to reveal the section that lists all available colors. Scrolling further will likely show the detailed color options.,The current screenshot shows promotional content about the HomePod mini but still does not provide a list or details of the five available colors mentioned previously. The user should continue scrolling further down the page to find a dedicated section that likely lists and shows visuals of all the available colors for the HomePod mini.
"On Apple's website, check if the HomePod mini in store is available in multiple colors and list them.",scroll down to continue exploring the HomePod mini page. Scrolling can reveal the section where the specific colors are shown or listed.,"The screenshot shows a promotional section for the HomePod mini, focused on its audio capabilities. It does not include a list of the available colors. Further scrolling or navigating to a specific section may be necessary to find detailed information about the colors."
"On Apple's website, check if the HomePod mini in store is available in multiple colors and list them.",scroll down further on the page. This will reveal more information and the section that lists all the available colors for the HomePod mini.,"The current screenshot shows an image of the HomePod mini in white, but there is still no comprehensive list of all available colors. Further scrolling is needed to find the section that details all five available color options."
"On Apple's website, check if the HomePod mini in store is available in multiple colors and list them.","scroll down further on the HomePod mini page to find the section that shows all the available colors, as this information is likely displayed after the initial product details and images.","The current screenshot from the HomePod mini page displays an image of the HomePod mini in white and another in a dark blue color, positioned slightly in the background. However, it does not explicitly list or display all the available color options as initially intended. Further scrolling might be required to reach a section that details each color option or a purchase button that might specify them."
"On Apple's website, check if the HomePod mini in store is available in multiple colors and list them.","scroll down once more to reveal the specific section that lists all available colors of the HomePod mini, as this detailed information is likely present further down the page.","The screenshot shows promotional content and features of the HomePod mini, including integration with other Apple devices like iPhones and Apple TV. It shows images of the HomePod mini in black and blue colors, but still does not explicitly list all available colors. You need to continue scrolling or locate a section that explicitly mentions or visually displays all the five available colors for the HomePod mini."
"On Apple's website, check if the HomePod mini in store is available in multiple colors and list them.","scroll down further to find a section that lists all the available colors of the HomePod mini, as this information is likely located lower on the page.","The current screenshot shows part of the HomePod mini page with a promotional image of it in a blue color along with text about its features. However, the section displaying or listing all available color options has not yet been reached as the screenshot does not provide a comprehensive color list. The user should continue scrolling through the page to find where the five bold colors are specifically mentioned or shown."
"On Apple's website, check if the HomePod mini in store is available in multiple colors and list them.",scroll down further on the page to locate specific section that visually displays and explicitly lists all available colors of the HomePod mini. This section is likely below the current view and could provide the necessary color details.,"The current screenshot shows information about Siri's functionality with the HomePod mini and features an image of the product in white. However, it still does not specify the complete range of color options available for the HomePod mini. The user should continue scrolling further down on the page or look for sections explicitly mentioning color options to find detailed information about all available colors."
"On Apple's website, check if the HomePod mini in store is available in multiple colors and list them.","scroll further down the page to reveal the section that lists and displays all available color options for the HomePod mini, as this information is likely located below the current view showing the introductory description of the product.","The screenshot shows a large image of the HomePod mini with an audio-related prompt at the bottom, but there is no information about the specific color options available. Further scrolling or navigation is likely needed to reach the section listing all available colors for the HomePod mini."
"On Apple's website, check if the HomePod mini in store is available in multiple colors and list them.","scroll down to continue looking for the section that lists the available colors for the HomePod mini, as specific color options are likely detailed further below on the page.","The current screenshot highlights a feature of the HomePod mini related to Siri and displays the device in gray. However, it still does not provide a detailed list of all available colors. The user should continue scrolling to find the section specifying all five colors as previously mentioned."
"On Apple's website, check if the HomePod mini in store is available in multiple colors and list them.",scroll down again on the HomePod mini page to discover the section that explicitly lists and displays the available colors. Scrolling further will likely reveal the images or details of all color options provided for this product.,"The current screenshot displays a promotional segment focusing on the smart home capabilities of the HomePod mini, featuring an image of it in white. However, it still does not provide specific information or visuals about the range of color options available. The user needs to continue scrolling further down the page to reach the section that lists all the color variants."
"On Apple's website, check if the HomePod mini in store is available in multiple colors and list them.",scroll down further on the HomePod mini page to locate the section that lists all the available colors explicitly. This action will likely reveal detailed visuals or text descriptions of each color.,"The screenshot shows an image of the HomePod mini in white, but no comprehensive list of all five available colors is provided here. The text mentions Siri's capabilities but does not address color options for the HomePod mini. Further scrolling or navigating to a different section of the page might be needed to view all color options, as currently, only the white HomePod mini is visible in the image provided."
"On Apple's website, check if the HomePod mini in store is available in multiple colors and list them.",scroll down further on the page because the current view does not yet reveal the section detailing all the available colors of the HomePod mini. Scrolling will likely lead to a part of the page where all color options are explicitly shown or listed.,"The current view does not display the section detailing the HomePod mini's available colors. Instead, it provides information about Siri's voice recognition capabilities and the intercom functionality of the HomePod mini. The user needs to continue scrolling further down the page to find the specific section that lists the available color options for the HomePod mini."
"On Apple's website, check if the HomePod mini in store is available in multiple colors and list them.",scroll down further to find the section that specifically lists and displays the five bold colors of the HomePod mini. Additional scrolling will reveal the detailed color options available.,"The screenshot shows an image illustrating different HomePod minis in a house setting, with colors including blue, yellow, and orange easily visible. However, not all five colors are listed or shown explicitly in this section, indicating the user may need to continue scrolling or explore further to confirm all color options."
"On Apple's website, check if the HomePod mini in store is available in multiple colors and list them.","scroll down to locate the specific section that lists all available colors for the HomePod mini, as the current view does not provide these details. Continuing to scroll will likely reveal the desired information further down the page.","The screenshot currently shows the HomePod mini in an orange color, but it does not display a full list of the available colors directly. Although additional promotional text about the smart home features of the HomePod mini is present, the user needs to continue scrolling or locate a specific section that clearly lists all the color options available. No progress has been made in listing the specific colors from the visible screenshot."
"On Apple's website, check if the HomePod mini in store is available in multiple colors and list them.","Changing URL parameters. The current URL is Apple's product page for the HomePod mini, but it doesn't directly list the available colors. Navigating to the Apple Store product page for the HomePod mini is more likely to provide explicit details about color availability. The URL I suggested links to a specific product page in the store, where you can usually find options to view different color variants.",Went to https://www.apple.com/shop/product/MJ2C3LL/A/homepod-mini-white
"On Apple's website, check if the HomePod mini in store is available in multiple colors and list them.","Changing URL parameters. The provided URL points to a specific page for purchasing the HomePod mini in blue. Navigating to the main HomePod mini purchase page on Apple’s website will display all available color options as part of the product selection process. This page typically allows users to choose from all product variations, including different colors, hence it meets the task goal of listing the colors available for HomePod mini.",Went to https://www.apple.com/shop/buy-homepod/homepod-mini
"On Apple's website, check if the HomePod mini in store is available in multiple colors and list them.",Summarizing last observations,"The most recent observations reveal that the HomePod mini is available in multiple colors on Apple's website. The specific color options are blue, yellow, orange, midnight, and white, as observed in the current screenshots. This summary reflects the latest findings from the Apple website's HomePod mini page. For comprehensive details and the full context of the task and navigation history, referring to the complete task history is recommended."