task,user_action_and_explanation,observation
Find the maximum video recording resolution supported by the latest iPad mini on the Apple website.,Going to https://www.apple.com/,Went to https://www.apple.com/
Find the maximum video recording resolution supported by the latest iPad mini on the Apple website.,"click the ""iPad"" link in the top navigation bar to navigate to the section where iPad models and specifications, including the iPad mini, are listed. This is optimal because our goal is to find the maximum video recording resolution supported by the latest iPad mini.","The user successfully navigated to the iPad section on the Apple website. The top navigation bar now includes links specific to different iPad models, including the iPad mini. The user is in the right section to find information about the iPad mini's specifications. Next steps could involve clicking on the 'iPad mini New' link or the 'Compare' link to find detailed specifications, including the maximum video recording resolution."
Find the maximum video recording resolution supported by the latest iPad mini on the Apple website.,"Changing URL parameters. The current URL is the Apple iPad landing page. To find the video recording capabilities, specifically the maximum resolution of the latest iPad mini, it is best to navigate to the specifications page for the iPad mini. The URL https://www.apple.com/ipad-mini/specs/ directly takes you to the detailed technical specifications for the iPad mini, where information about the camera and video recording resolution is available.",Went to https://www.apple.com/ipad-mini/specs/
Find the maximum video recording resolution supported by the latest iPad mini on the Apple website.,"scroll down to locate the section detailing the camera specifications, where information about the maximum video recording resolution can be found. Scrolling is optimal as the relevant details are likely further down the page in the technical specifications.","The current screenshot displays sections related to the physical attributes and general specifications of the iPad mini, including weight and connectors, as well as what's included in the box and display information. However, the section detailing camera specifications, which would include the maximum video recording resolution, is not visible in the screenshot. Continued scrolling is necessary to reach the relevant section with camera and video recording information."
Find the maximum video recording resolution supported by the latest iPad mini on the Apple website.,"scroll down further on the iPad mini specifications page to reveal the camera section where video recording capabilities, including the maximum video recording resolution, are likely detailed. This action is optimal because the relevant information is not currently visible and is typically located lower on the specifications page.","You have successfully scrolled to the section that begins to detail the camera specifications. However, the maximum video recording resolution is not visible yet. It may be just below the current view. Continue scrolling slightly to locate the specific video recording capabilities."
Find the maximum video recording resolution supported by the latest iPad mini on the Apple website.,"scroll down slightly further past the current visible camera section details to reveal additional information about the video recording capabilities, specifically targeting the maximum video recording resolution. This information is typically found in proximity to camera specifications on such specification pages.","The maximum video recording resolution supported by the latest iPad mini is 4K at 24 fps, 25 fps, 30 fps, or 60 fps. This information is visible in the 'Video Recording' section of the specifications page."
Find the maximum video recording resolution supported by the latest iPad mini on the Apple website.,Summarizing last observations,"The maximum video recording resolution supported by the latest iPad mini is 4K at 24 fps, 25 fps, 30 fps, or 60 fps. This information is verified from the 'Video Recording' section on the iPad mini specifications page. This summary reflects only the latest observations. For complete context and details, please refer to the full task history."