task,user_action_and_explanation,observation
"Browse Apple Music on the entertainment section of the Apple's website, and see which singers' names are included in the pictures on this page.",Going to https://www.apple.com/,Went to https://www.apple.com/
"Browse Apple Music on the entertainment section of the Apple's website, and see which singers' names are included in the pictures on this page.",click the 'Entertainment' link in the top navigation bar to browse Apple Music and find singers' names in the images.,"The user accessed the Entertainment section, but the current screenshot focuses on Apple TV+ content and does not prominently feature Apple Music or display any singer names in images. The page highlights shows and movies available on Apple TV+, such as 'Silo' and 'Shrinking', but there is no information or images related to musicians or Apple Music visible."
"Browse Apple Music on the entertainment section of the Apple's website, and see which singers' names are included in the pictures on this page.","click the 'Apple Music' icon in the top navigation bar at the start of the page. This will direct you specifically to the Apple Music section within the Entertainment category, allowing you to view images and content related to musicians and potentially see the singers' names associated with the pictures displayed there.","The current page is still showing content focused on Apple TV+ and Apple One with various shows listed, such as 'Pachinko', 'You Would Do It Too', 'Lady in the Lake', and 'The Morning Show'. The Apple Music section has not been reached, so no images or names of singers are visible."
"Browse Apple Music on the entertainment section of the Apple's website, and see which singers' names are included in the pictures on this page.","click the 'Apple Music' icon in the top navigation bar. This action will redirect to the Apple Music section, which is essential for viewing pictures and obtaining the names of singers, aligning with the task goal of browsing Apple Music.","The current page still focuses on entertainment options such as Apple TV+ and Apple One subscriptions, featuring shows like 'Bad Sisters', 'Pachinko', and 'Disclaimer'. The Apple Music section has not been reached, and therefore, images or names of singers associated with Apple Music are not visible on this screenshot. The user might need to directly navigate to the specific Apple Music page to see such content."
"Browse Apple Music on the entertainment section of the Apple's website, and see which singers' names are included in the pictures on this page.","click the 'Apple Music' icon in the top navigation bar, which is located between 'Apple TV+' and 'Apple Arcade'. This will navigate to the Apple Music section, where images related to musicians and their names can likely be found, aligning with the task of discovering which singers are featured in pictures on the Apple Music page.","The user has successfully navigated to the Apple Music section as intended. The screenshot shows promotional content for Apple Music, highlighting features like over 100 million songs, ad-free listening, and high-quality audio with Spatial and Lossless Audio. However, there are no visible images of singers nor their names featured on this portion of the Apple Music page. It mainly focuses on subscription information and Apple Music's features rather than specific artists."
"Browse Apple Music on the entertainment section of the Apple's website, and see which singers' names are included in the pictures on this page.","scroll down to explore more content towards the bottom of the page. This might reveal sections featuring images of singers and relevant details about them, which aligns with the task of identifying singers' names in the pictures on the Apple Music page.","The screenshot shows information about Apple Music plans, including Apple One and Student Plans. There is also a promotional section about audio quality. However, there are no images featuring singers or their names visible in this section. The focus remains on Apple Music's subscription offers and features rather than specific artists."
"Browse Apple Music on the entertainment section of the Apple's website, and see which singers' names are included in the pictures on this page.","scroll further down on the Apple Music page to potentially discover sections showcasing images of artists and their names, which aligns with the task goal of identifying singers' names in the pictures.","The user has managed to navigate to a relevant section on the Apple Music page, where some sections focus on Music Discovery, such as 'Viral Rewind', 'New Music Mix', and 'Heavy Rotation Mix'. The screenshot also features an Apple Music Live banner with the name 'Peggy Gou', indicating her inclusion in the picture."
"Browse Apple Music on the entertainment section of the Apple's website, and see which singers' names are included in the pictures on this page.",Summarizing last observations,"The latest observations from the Apple Music section of Apple's website focus on promotional content rather than showcasing specific singers or their images. The screenshots highlight audio features like Spatial and Lossless Audio, music discovery options, and subscription plans. There is a visual element featuring ""Music Live"" associated with ""Peggy Gou,"" but beyond this, the screenshots lack additional images of singers or their names. This summary encapsulates the most recent observations, and for comprehensive context and details about the task process, reviewing the entire task history is necessary."