task,user_action_and_explanation,observation
Check the price for an Apple iPhone 14 Plus with 256GB storage in Purple color.,Going to https://www.apple.com/,Went to https://www.apple.com/
Check the price for an Apple iPhone 14 Plus with 256GB storage in Purple color.,"click on the ""iPhone"" link in the top navigation menu, to navigate to the iPhone product page where I can search for and find information about different iPhone models including the iPhone 14 Plus.","The user successfully navigated to the iPhone section on the Apple website. The page shows various iPhone models, but specific details about the iPhone 14 Plus, including color choices or pricing, are not visible in this screenshot. The user should select 'iPhone 14' from the menu to proceed with getting more specific information."
Check the price for an Apple iPhone 14 Plus with 256GB storage in Purple color.,"click on the ""iPhone 14"" link in the horizontal menu, this will navigate to the specific product page for iPhone 14 models where I can find detailed information such as colors, specifications, and pricing.","The user has successfully reached the purchasing page for iPhone 14 models. The screenshot shows options for selecting between the iPhone 14 and iPhone 14 Plus. However, specific details about color options, such as Purple, or storage sizes including the 256GB option, are not visible in this screenshot. Selecting 'iPhone 14 Plus' should provide more detailed options and pricing information."
Check the price for an Apple iPhone 14 Plus with 256GB storage in Purple color.,"click on the 'iPhone 14 Plus' option listed under 'Model. Which is best for you?' to narrow down the selection to the iPhone 14 Plus model, allowing me to view specific pricing and options for this model, including details like storage size and color variants such as Purple.","The current screenshot shows information for the iPhone 14 model. Details about the iPhone 14 Plus, specifically for the 256GB storage in Purple, are not visible. The user should ensure they have selected the iPhone 14 Plus model for accurate pricing and option details."
Check the price for an Apple iPhone 14 Plus with 256GB storage in Purple color.,"scroll down the page to reveal the options related to the iPhone 14 Plus, specifically to find and view configurable options like storage and color variants such as the 256GB in Purple, which will allow us to check the price for this specific model.","The current screenshot does not show the specific pricing or options for the iPhone 14 Plus with 256GB storage in Purple. The visible information relates to newer models, such as the iPhone 16 and iPhone 15, along with some promotional offers. The user should scroll or navigate further to find the specific section for the iPhone 14 series to obtain the required information about the selected model."
Check the price for an Apple iPhone 14 Plus with 256GB storage in Purple color.,"scroll down further to find the information and purchase options specifically for the iPhone 14 Plus, as the current screenshot shows promotional details for iPhone 16, iPhone 15, and other models. Scrolling down will likely reveal sections for older models like the iPhone 14 series, where I can select storage and color options to find the price for the 256GB Purple iPhone 14 Plus.","The current screenshot predominantly displays information about the iPhone 16 and iPhone 15 models and their features. The specific details for the iPhone 14 Plus, including the 256GB storage in Purple, are still not visible. To find this information, the user should continue scrolling or look for a section specifically dedicated to older models like the iPhone 14 series."
Check the price for an Apple iPhone 14 Plus with 256GB storage in Purple color.,"scroll down further to attempt to locate the detailed section for the iPhone 14 series, as the current page mostly contains details about the iPhone 16 and iPhone 15 series. The desired information regarding the iPhone 14 Plus, specifically with 256GB storage in Purple, may appear by scrolling down to access older model details and options.","The current screenshot shows a comparison of iPhone models highlighting their camera systems, battery life, and other features. However, it does not display any specific information about the iPhone 14 Plus model, such as storage or color options, necessary to determine the price for the 256GB Purple variant. The user should continue to scroll down or use the 'Compare all iPhone models' option to find specific details about the iPhone 14 Plus."
Check the price for an Apple iPhone 14 Plus with 256GB storage in Purple color.,"click on the 'Compare all iPhone models >' link visible at the bottom of the current page. This action should lead to a detailed comparison page where I can filter or find the specific iPhone 14 Plus model, and explore variations including storage sizes and colors, such as the 256GB Purple variant, to check its price.","The current screenshot shows a comparison page featuring iPhone 16 Pro Max and iPhone 16 Pro models. It includes their pricing and available colors but does not display options for older models like the iPhone 14 Plus. To find pricing and options for the iPhone 14 Plus with 256GB storage in Purple, the user should adjust the comparison filters or continue navigating to locate this specific product model."
Check the price for an Apple iPhone 14 Plus with 256GB storage in Purple color.,"click on the 'Shop iPhone' link near the top of the page to access the purchasing options for all iPhone models, including the iPhone 14 Plus, so you can find and configure the 256GB Purple variant.","The current screenshot still highlights the iPhone 16 series, with options to compare these models. There is no specific information about the iPhone 14 Plus model, including the 256GB storage in Purple. To find these details, the user should use the 'Shop iPhone' link if available or navigate to a dedicated section for the iPhone 14 series, possibly through filtering models or scrolling further down."
Check the price for an Apple iPhone 14 Plus with 256GB storage in Purple color.,"scroll down to reveal more options and models, as the current visible section only covers the iPhone 16 models. By scrolling further, I aim to locate the section dedicated to previous models such as the iPhone 14 Plus, which will allow me to select the 256GB storage and Purple color options to find the precise pricing.","The current screenshot still focuses on the iPhone 16 models, displaying their specifications and pricing. Information regarding the iPhone 14 Plus, especially in relation to the 256GB storage and Purple color options, is not visible. The user hasn't accessed the desired section for the iPhone 14 Plus yet. For progress, the user may need to explore further or utilize any 'Models' navigation options to locate the iPhone 14 series details and options."
Check the price for an Apple iPhone 14 Plus with 256GB storage in Purple color.,"scroll down further on the current page to locate the section dedicated to the iPhone 14 Plus, as the present view pertains mostly to iPhone 16 and 15 models. By continuing to scroll, I expect to encounter information sections for older models including the iPhone 14 series, which will likely list the specific configuration options and pricing I seek.","The current screenshot continues to display information about newer models, specifically the iPhone 16 Pro Max and iPhone 16 Pro, along with their features. Details for the iPhone 14 Plus, particularly for the 256GB Purple variant, are still not visible. The user should either continue scrolling down or look for a specific link or section that leads directly to the older models page to find the needed information."
Check the price for an Apple iPhone 14 Plus with 256GB storage in Purple color.,"scroll down further to continue past the iPhone 16 series details, ensuring that I reach the section dedicated to the iPhone 14 series where I can find model-specific options including the iPhone 14 Plus with 256GB storage in Purple.","The current screenshot continues to display information about the iPhone 16 series, specifically comparing features of the iPhone 16 Pro Max and iPhone 16 Pro. It does not show any information related to the iPhone 14 Plus model. To find details for the iPhone 14 series and access the specific configurations for the 256GB Purple variant, the user should consider navigating further down the page or using the website's navigation features to locate older models like the iPhone 14 series."
Check the price for an Apple iPhone 14 Plus with 256GB storage in Purple color.,"scroll down further to locate the section dedicated to older iPhone models, specifically the iPhone 14 Plus. This action will help reveal more options and details that are currently not visible, as the screenshot focuses on newer models like iPhone 16 and iPhone 15. Continuing to scroll is necessary to access the desired information about the iPhone 14 Plus.","The current screenshot continues to focus on the specifications and pricing for the iPhone 16 Pro Max and iPhone 16 Pro models. It shows features like video playback time, USB-C support, Face ID, and 5G connectivity, along with pricing for these models based on storage capacity starting at 128GB and 256GB. However, there is no visible information regarding the iPhone 14 Plus model or its pricing for 256GB in Purple. The user has not yet found the required information and should continue scrolling or use an alternative method to locate details specific to older iPhone models, such as a separate link to 'iPhone 14' or a comparison tool for all available models."
Check the price for an Apple iPhone 14 Plus with 256GB storage in Purple color.,"scroll further down the page again to find the specific section for the iPhone 14 Plus, which is likely below the detailed specifications currently showing the iPhone 16 Pro models. This will help to locate the pricing and configuration options for the iPhone 14 Plus, including 256GB in Purple.","The current screenshot continues to show the iPhone 16 Pro models instead of the iPhone 14 series. There is detailed information about the capacity and display specifications for the iPhone 16 Pro Max and iPhone 16 Pro, but no details for the iPhone 14 Plus. The relevant information for checking the price of the Apple iPhone 14 Plus with 256GB storage in Purple is still not visible. The user should consider navigating directly to a section or page specifically for the iPhone 14 series instead of relying on scrolling alone, as the iPhone 16 models may be predominantly featured."
Check the price for an Apple iPhone 14 Plus with 256GB storage in Purple color.,"scroll down further on the page as the current content is about iPhone 16 models. This action will likely reveal a section for older models, specifically the iPhone 14, including the iPhone 14 Plus options, to find the 256GB Purple variant pricing information.","The screenshot still displays details about the iPhone 16 models, focusing on their specifications such as display, size, and water resistance. There are no visible details specific to the iPhone 14 Plus model, including the 256GB storage or the Purple color option. The user should continue scrolling down further or utilize a different navigation strategy to locate the iPhone 14 section."
Check the price for an Apple iPhone 14 Plus with 256GB storage in Purple color.,"scroll further down the page to reveal more options specifically for the iPhone 14 series, as the current screenshot does not show any details related to the iPhone 14 Plus or its pricing and options. Further scrolling may reveal sections dedicated to the iPhone 14 lineup.","The current screenshot continues to display technical specifications for the iPhone 16 Pro Max and iPhone 16 Pro models, including details on features such as water resistance, chip specifications, and camera capabilities. There is no visible information related to the iPhone 14 Plus, 256GB storage option, or price. The user is likely in the wrong section for checking details about the iPhone 14 series and should look for navigation options to access sections for older models."
Check the price for an Apple iPhone 14 Plus with 256GB storage in Purple color.,"scroll down further to find the iPhone 14 Plus section to view the specific options for 256GB storage in Purple, as the current view is focused on iPhone 16 models.",The current screenshot still does not show details about the iPhone 14 Plus with 256GB storage in Purple. It primarily displays camera and video recording features comparing iPhone 16 Pro Max and iPhone 16 Pro models. The user should continue scrolling down or utilize the website's menu or search function to specifically find the iPhone 14 Plus section to retrieve information about storage options and pricing.
Check the price for an Apple iPhone 14 Plus with 256GB storage in Purple color.,"scroll further down the page to find the section specifically for purchasing older models like the iPhone 14 series, as the current screenshot displays details primarily about the iPhone 16 series. By scrolling down, additional options for older models including the iPhone 14 Plus should be revealed, allowing access to select storage and color configurations to view the price for the 256GB Purple model.","The current screenshot continues to display specifications primarily related to the iPhone 16 series, with a focus on its video recording capabilities and camera features. There is no visible information about older models like the iPhone 14 series or specific details such as the 256GB storage and Purple color variant of the iPhone 14 Plus. The user needs to continue scrolling or potentially navigate back to a different section of the site to find information specific to the iPhone 14 Plus model."
Check the price for an Apple iPhone 14 Plus with 256GB storage in Purple color.,"scroll further down to locate the section dedicated to the iPhone 14 Plus. The current view still emphasizes newer models, so continuing to scroll may help in finding the specific configurations for iPhone 14 Plus, such as the 256GB storage option in Purple.","The current screenshot continues to display information about the iPhone 16 series. There is no visible information or sections related to the iPhone 14 Plus model, including details pertinent to the 256GB storage option in Purple. The user still needs to locate the specific section for older models like the iPhone 14 series. Considering the layout of product pages, using the 'Compare' tool, menu navigation, or filtering options might more efficiently reveal the desired model specifics compared to continuously scrolling."
Check the price for an Apple iPhone 14 Plus with 256GB storage in Purple color.,"scroll down further to locate the section addressing the iPhone 14 Plus, where you can specify options like storage and color to find the price for the 256GB Purple option, as the current screenshot still primarily shows iPhone 16 information.","The current screenshot continues to show information related to the iPhone 16 models, including technical specifications and features such as Emergency SOS, crash detection, cellular and wireless options. There is still no specific information visible about the iPhone 14 Plus with 256GB storage in Purple. The user should continue scrolling or possibly use a site navigation option to locate details for older iPhone models, specifically the iPhone 14 Plus, to find the necessary pricing and option information."
Check the price for an Apple iPhone 14 Plus with 256GB storage in Purple color.,"scroll further down the page to locate the Apple iPhone 14 series section, as the current view is focused on iPhone 16 features. This additional scroll will help find the iPhone 14 Plus options, allowing access to configuration choices like storage and color, required to view the price for the 256GB Purple version.","The current screenshot still displays information related to the iPhone 16 models, specifically focusing on their network features, authentication, and payment methods. There is no visible section that presents details for the iPhone 14 Plus, including storage options or pricing for the 256GB Purple variant. The user should continue to scroll further down, as the desired iPhone 14 series details may be located further along the page or perhaps in a separate section or link dedicated to older models."
Check the price for an Apple iPhone 14 Plus with 256GB storage in Purple color.,"Changing URL parameters. The given task is to find the price for a specific model of the Apple iPhone 14 Plus. Although the current URL is on the comparison page, directly accessing the iPhone 14 section would streamline this process. The new URL leads to the specifications and pricing details for the iPhone 14, where you can select the desired variant (i.e., iPhone 14 Plus with 256GB storage and Purple color) and check its price. This is more efficient than scrolling through a page focused on comparing various iPhone models, including the latest ones like iPhone 16.",Went to https://www.apple.com/iphone-14-pro/specs/
Check the price for an Apple iPhone 14 Plus with 256GB storage in Purple color.,"click on the 'iPhone 14' icon located in the top navigation menu, which will direct to the section specifically for iPhone 14 models, allowing me to find and select the iPhone 14 Plus model to check for options like storage and color to determine the price.","The user has successfully navigated to the page for purchasing iPhone 14 models. The screenshot clearly shows both the iPhone 14 and iPhone 14 Plus options. However, the specific storage and color options, including the 256GB storage and Purple color for the iPhone 14 Plus, are not visible in this screenshot. The user should select the 'iPhone 14 Plus' option to proceed to the next step where specific configurations such as color and storage can be chosen to view the corresponding price."
Check the price for an Apple iPhone 14 Plus with 256GB storage in Purple color.,"click on the 'iPhone 14 Plus' option on the right-hand sidebar under 'Model. Which is best for you?' to access specific information and configuration options for the iPhone 14 Plus, which is necessary to view the storage sizes, color options, and pricing for this particular model.",The screenshot displays the FAQ section and general information about the iPhone 14 models without specifics on the storage size or color options for the iPhone 14 Plus. Pricing details and configuration options such as the 256GB storage in Purple are not visible. The user may have selected the wrong link or area that did not lead to the intended iPhone 14 Plus configuration page. It is recommended to verify the selection of 'iPhone 14 Plus' and ensure navigation to a section where these specific options are located for accurate pricing information.
Check the price for an Apple iPhone 14 Plus with 256GB storage in Purple color.,"Changing URL parameters. To check the price for an Apple iPhone 14 Plus with 256GB storage in Purple color, the suggested URL navigates directly to the iPhone 14 Plus product selection page. This page will allow you to choose the desired configuration, including the storage size and color, and view the pricing details.",Went to https://www.apple.com/shop/buy-iphone/iphone-14/iphone-14-plus
Check the price for an Apple iPhone 14 Plus with 256GB storage in Purple color.,"click on the 'iPhone 14 Plus' option found under 'Model. Which is best for you?' This will allow you to view specific configurations, including storage and color, for the iPhone 14 Plus model.","The current screenshot shows information about the iPhone 14 but does not provide details about the iPhone 14 Plus or specific configurations such as 256GB storage or Purple color options. Pricing information '<From $599 or $24.95/mo>' is displayed at the top, but it is not specified for the iPhone 14 Plus with the desired specifications. The screen primarily contains terms and conditions related to AppleCare, Express Replacement Service, Apple TV+, Apple Fitness+, Apple News+, and financing options, which do not help in fulfilling the current task. The user should try navigating to a dedicated purchase section for the iPhone 14 Plus or use the 'Buy iPhone 14 and iPhone 14 Plus' link seen in the footer to find specific model details and pricing options for the desired configuration."
Check the price for an Apple iPhone 14 Plus with 256GB storage in Purple color.,"Changing URL parameters. The task is to find the price for the Apple iPhone 14 Plus model with specific configurations of 256GB storage and Purple color. The current URL is for selecting an iPhone 14 model. By choosing the 'iPhone 14 Plus' option, the URL will update to allow further configuration selections. The suggested URL leads directly to the model selection page for the iPhone 14 Plus, enabling you to choose the desired storage and color options.",Went to https://www.apple.com/shop/buy-iphone/iphone-14/iphone-14-plus
Check the price for an Apple iPhone 14 Plus with 256GB storage in Purple color.,"click on the 'iPhone 14 Plus' option under the 'Model. Which is best for you?' section. This will bring up the specific configuration options, including storage sizes and color variants such as the 256GB Purple, allowing us to check the price for the desired model.","The current screenshot shows the beginning of the checkout process for an iPhone model, specifically highlighting the iPhone 14. However, details specific to the iPhone 14 Plus, such as storage options including 256GB, or color options like Purple, are not visible. The pricing starts at $599 or $24.95/month, but this could be for a base model or another configuration that does not match the user's requirements. The user needs to ensure they selected the iPhone 14 Plus model and configured it to 256GB in Purple to retrieve accurate pricing information."
Check the price for an Apple iPhone 14 Plus with 256GB storage in Purple color.,"Changing URL parameters. The new URL directs you specifically to the Apple website's section to purchase the iPhone 14 Plus model. Here, you can select your desired storage - 256GB - and color - Purple. Unfortunately, Apple does not provide direct URLs with every selection pre-made, but this is the best entry point to then choose the Purple color option and 256GB configuration to see the price.",Went to https://www.apple.com/shop/buy-iphone/iphone-14/iphone-14-plus/6.1-inch-display-128gb-purple-unlocked
Check the price for an Apple iPhone 14 Plus with 256GB storage in Purple color.,"click on the 'iPhone' link in the top navigation menu to navigate back to the iPhone product page and attempt to locate the iPhone 14 Plus model again, as the current page indicates a 'Page Not Found' error, likely due to a wrong or broken link.","The user successfully navigated back to the main iPhone section on the Apple website. The screenshot shows a variety of current iPhone models available for selection, including iPhone 16 Pro, iPhone 16, iPhone 15, and iPhone 14. However, it does not show specific details about the iPhone 14 Plus or its pricing options. The user should click on the 'iPhone 14' link to proceed toward finding details for the iPhone 14 Plus, including color variants like Purple and storage capacities, to check the price for the 256GB model."