task,user_action_and_explanation,observation
How many colors does the latest MacBook Air come in?,Going to https://www.apple.com/,Went to https://www.apple.com/
How many colors does the latest MacBook Air come in?,click the 'Mac' link in the top navigation menu to find information on the latest MacBook Air colors.,"The user successfully navigated to the Mac section on the Apple website. However, the screenshot does not provide specific information about the colors of the latest MacBook Air. The next step should be to click on the 'MacBook Air' link to gather details about available colors."
How many colors does the latest MacBook Air come in?,"click the 'MacBook Air' link in the top navigation menu to access details about the latest MacBook Air, including the available colors.","The current screenshot shows the MacBook Air product page, but it does not display specific information about the available colors. You may need to scroll down or navigate further, such as clicking on the ""Buy"" section, to find details about color options."
How many colors does the latest MacBook Air come in?,"click the 'Buy' button, which is located on the right side of the navigation menu. This action is optimal because the 'Buy' page often displays all available color options for the MacBook Air, allowing you to determine how many colors the latest model comes in.","The current screenshot reveals that the latest MacBook Air is available in four colors: Midnight, Starlight, Space Gray, and Silver. This information is obtained from the color swatches shown beneath the images of the MacBook Air models."
How many colors does the latest MacBook Air come in?,Summarizing last observations,"The most recent observation shows that the latest MacBook Air is available in four colors: Midnight, Starlight, Space Gray, and Silver. This is confirmed by the color swatches visible on the product page. For complete context and history of the task, please refer to the full task history."