task,user_action_and_explanation,observation
Identify the size and weight for the Apple TV 4K and list the Siri Remote features introduced.,Going to https://www.apple.com/,Went to https://www.apple.com/
Identify the size and weight for the Apple TV 4K and list the Siri Remote features introduced.,click on the 'TV & Home' link in the top navigation bar to explore information about Apple TV 4K and Siri Remote features.,"The user navigated to the 'TV & Home' section of the Apple website. The homepage prominently displays various products, including the Apple TV 4K. While it provides a starting point for exploring more about the Apple TV 4K and Siri Remote, no specific details about the size, weight, or new Siri Remote features are visible in this screenshot. The user needs to click on 'Apple TV 4K' to find more specific information regarding the current task."
Identify the size and weight for the Apple TV 4K and list the Siri Remote features introduced.,"Changing URL parameters. The suggested URL navigates directly to the Apple TV 4K product page. This page is expected to contain all the detailed specifications about the Apple TV 4K, including its size and weight. Additionally, it will provide information on the Siri Remote features as these are major selling points highlighted by Apple in their product pages.",Went to https://www.apple.com/apple-tv-4k/
Identify the size and weight for the Apple TV 4K and list the Siri Remote features introduced.,"click on the 'Tech Specs' link at the top of the page to view detailed specifications for the Apple TV 4K, including size, weight, and Siri Remote features.","The user successfully accessed the 'Tech Specs' page for the Apple TV 4K. The following details are observed: Apple TV 4K has a height of 1.2 inches (31 mm), width and depth of 3.66 inches (93 mm), weight for the Wi-Fi model is 7.3 ounces (208 g), and for the Wi-Fi + Ethernet model is 7.5 ounces (214 g). The Siri Remote has a height of 5.4 inches (136 mm), a width of 1.4 inches (35 mm), a depth of 0.36 inches (9.25 mm), and a weight of 2.3 ounces (66 g). However, details about the features of the new Siri Remote are not visible in this screenshot, and further navigation might be required to find that information."
Identify the size and weight for the Apple TV 4K and list the Siri Remote features introduced.,"scroll down to find the section detailing the Siri Remote features on the Tech Specs page, as more information about its features might be listed further down.","Upon scrolling down the Tech Specs page for the Apple TV 4K, details about the Siri Remote features are visible. The Siri Remote includes Bluetooth 5.0 wireless technology, an IR transmitter, and a USB-C connector for charging. It has a rechargeable battery with months of battery life on a single charge, the ability to charge via a USB-C cable which is sold separately, and can control a TV or receiver via IR or CEC. The remote also features a touch-enabled clickpad and dedicated buttons including Power, Siri, TV/Home, Volume, Back, Play/Pause, and Mute."
Identify the size and weight for the Apple TV 4K and list the Siri Remote features introduced.,Summarizing last observations,"The latest observations indicate that detailed specifications for the Apple TV 4K have been retrieved. The Apple TV 4K measures 1.2 inches in height, 3.66 inches in both width and depth. It weighs 7.3 ounces for the Wi-Fi model and 7.5 ounces for the Wi-Fi + Ethernet model. For the Siri Remote, the size is 5.4 inches in height, 1.4 inches in width, and 0.36 inches in depth, with a weight of 2.3 ounces. Key features highlighted for the Siri Remote include Bluetooth 5.0, an IR transmitter, and a USB-C connector for charging. It is equipped with a rechargeable battery lasting months per charge, a touch-enabled clickpad, and various control buttons including those for power, Siri, and volume.

This summary is based solely on the most recent observations captured. For a comprehensive understanding and detailed progression of the task, please refer to the full task history."