task,user_action_and_explanation,observation
"Explore accessories for Apple Vision Pro, list at least three accessories.",Going to https://www.apple.com/,Went to https://www.apple.com/
"Explore accessories for Apple Vision Pro, list at least three accessories.","click on the 'Vision' tab in the navigation bar to explore accessories for Apple Vision Pro, as this will likely lead to information about Vision Pro products and their accessories.","The Apple Vision Pro page has been accessed, but there is no specific information regarding accessories on this screen. The page shows options for booking a demo and learning more about VisionOS 2. To find accessories, you might explore further by clicking on the 'Accessories' tab at the top or checking the Vision Pro section for related products."
"Explore accessories for Apple Vision Pro, list at least three accessories.","click on the 'Accessories' tab in the navigation bar to explore accessories for Apple Vision Pro, as this section should provide specific accessory options related to Vision Pro.","The user navigated to the Accessories page, which primarily features MagSafe and iPhone accessories such as cases, wallets, and wireless chargers. There is a search bar available for finding specific accessories and options to browse accessories by product or category. However, there is no mention or dedicated section for Apple Vision Pro accessories visible on this page. The task of finding Vision Pro accessories remains incomplete as the current page does not display relevant items."
"Explore accessories for Apple Vision Pro, list at least three accessories.","Changing URL parameters. The current URL is for the Apple Store's accessories section. To find specific accessories for the Apple Vision Pro, a search is necessary due to the lack of a dedicated section. Using the site search function with the query 'Vision Pro accessories' will directly lead to relevant search results, thus efficiently fulfilling the task goal.",Went to https://www.apple.com/shop/search/Vision+Pro+accessories
"Explore accessories for Apple Vision Pro, list at least three accessories.","Changing URL parameters. Entering 'Vision Pro' into Apple's search functionality will provide a broader range of results directly related to Apple Vision Pro, including any associated accessories. This search is more likely to yield relevant products, such as accessories, as it queries the entire site rather than just focusing on a pre-defined category of 'Vision-Pro-accessories'. This approach maximizes the likelihood of discovering new accessories that may not have been explicitly categorized under the initial search term.",Went to https://www.apple.com/us/search/Vision+Pro
"Explore accessories for Apple Vision Pro, list at least three accessories.","Changing URL parameters. The provided URL is a search results page on the Apple website for 'Vision Pro'. To specifically explore accessories for the Apple Vision Pro, changing the search query to 'accessories for Apple Vision Pro' will yield more targeted results, helping you to find and list various accessories related to this product.",Went to https://www.apple.com/us/search/accessories+for+Apple+Vision+Pro
"Explore accessories for Apple Vision Pro, list at least three accessories.",Summarizing last observations,"The most recent observation reveals that several accessories related to Apple Vision Pro are now visible. These include:

1. **Apple Vision Pro Light Seal** - $199.00
2. **Apple Vision Pro Light Seal Cushion - N** - $29.00
3. **ZEISS Optical Inserts** - Starting from $99.00
4. **Apple Vision Pro Solo Knit Band** - $99.00
5. **Apple Vision Pro Dual Loop Band** - $99.00
6. **von Holzhausen Carry Sling for Apple Vision Pro** - $179.95
7. **Belkin Travel Bag for Apple Vision Pro** - $99.95

This summary reflects the recent observations only. Refer to the complete task history for full context and details."