task,user_action_and_explanation,observation
Compare the prices of the latest models of MacBook Air available on Apple's website.,Going to https://www.apple.com/,Went to https://www.apple.com/
Compare the prices of the latest models of MacBook Air available on Apple's website.,"click on the 'Mac' link in the top navigation bar to navigate to the Mac section, where the MacBook Air models and their prices will be displayed.","The Mac section is displayed, showing options for different Mac models including the 'MacBook Air'. To proceed, click on 'MacBook Air' to view specific models and their prices."
Compare the prices of the latest models of MacBook Air available on Apple's website.,click on the 'MacBook Air' icon in the navigation bar at the top to navigate to the page where specific MacBook Air models and their prices are displayed.,"The user has successfully navigated to the MacBook Air page on Apple's website. The prices for the latest MacBook Air models are displayed. The MacBook Air with the M3 chip starts from $1099 or $91.58/month for 12 months, and the MacBook Air with the M2 chip starts from $999 or $83.25/month for 12 months. The task of comparing the prices of the latest MacBook Air models has been accomplished."
Compare the prices of the latest models of MacBook Air available on Apple's website.,Summarizing last observations,"The most recent observations show that the user successfully navigated to the MacBook Air page on Apple's website, displaying prices for the latest models. The MacBook Air with the M3 chip is priced from $1099 or $91.58/month for 12 months, while the MacBook Air with the M2 chip is priced from $999 or $83.25/month for 12 months. 

This summary reflects only these latest observations. For full context, refer to the complete task history."