task,user_action_and_explanation,observation
Identify the available storage options for the latest iPad Pro on the Apple website.,Going to https://www.apple.com/,Went to https://www.apple.com/
Identify the available storage options for the latest iPad Pro on the Apple website.,"click the 'iPad' link in the top navigation bar to navigate to the iPad section. This will allow us to find the latest iPad Pro and explore its specifications, including the available storage options.","You successfully navigated to the iPad section of the Apple website. The page shows options for various iPad models including iPad Pro. To find the storage options for the latest iPad Pro, click on the 'iPad Pro' link to access its specific page where detailed specifications, including storage options, should be listed."
Identify the available storage options for the latest iPad Pro on the Apple website.,"Changing URL parameters. The task is to identify the available storage options for the latest iPad Pro. The current URL leads to the general iPad page on the Apple website. Navigating to the specific page for iPad Pro (https://www.apple.com/ipad-pro/) will provide detailed information about the iPad Pro, including specifications, available storage options, pricing, and other relevant details.",Went to https://www.apple.com/ipad-pro/
Identify the available storage options for the latest iPad Pro on the Apple website.,"click the 'Buy' button to access the purchase page, where detailed specifications, including available storage options for the iPad Pro, are listed.","The user has successfully navigated to the purchase page for the iPad Pro on the Apple website. This page provides options to choose between the 11-inch and 13-inch models of the iPad Pro, which is the first step in exploring the available configurations. However, the specific storage options are not visible yet on this screenshot. The user will need to select a model to proceed and view the storage options available for that particular model."
Identify the available storage options for the latest iPad Pro on the Apple website.,"Changing URL parameters. The current URL is for purchasing an iPad Pro on the Apple website. To identify the available storage options for the latest 11-inch iPad Pro, you should navigate to the page that lists the configuration options for that specific model. The suggested URL directly takes you to the 11-inch iPad Pro configuration page on Apple's official site, where storage options and other configurations can be easily explored.",Went to https://www.apple.com/shop/buy-ipad/ipad-pro/11-inch-display
Identify the available storage options for the latest iPad Pro on the Apple website.,"Changing URL parameters. The task goal is to identify the available storage options for the latest 11-inch iPad Pro on the Apple website. The current URL is the general page for purchasing iPad Pros. By navigating directly to the 11-inch model configuration page, we can view and select the detailed configuration options, including different storage capacities available for this model. The suggested URL leads to the specific section where these options are displayed.",Went to https://www.apple.com/shop/buy-ipad/ipad-pro/11-inch
Identify the available storage options for the latest iPad Pro on the Apple website.,"Changing URL parameters. The given task requires finding the storage options for the latest iPad Pro on the Apple website. By navigating directly to the URL for the 11-inch iPad Pro model, you can access detailed information about the various configurations available, including the different storage options. This URL specifically leads to the page where you can view and select the 11-inch model, fulfilling the task requirement.",Went to https://www.apple.com/shop/buy-ipad/ipad-pro/11-inch-display-wifi
Identify the available storage options for the latest iPad Pro on the Apple website.,"Changing URL parameters. Navigating to this URL will directly take you to the 11-inch iPad Pro model, starting with the base storage of 128GB. This page will show you the storage options available (128GB, 256GB, 512GB, 1TB, 2TB) for configuration. By accessing this specific page, you can review and compare the different storage options available for the iPad Pro 11-inch model.",Went to https://www.apple.com/shop/buy-ipad/ipad-pro/11-inch-display-128gb-space-gray-wifi
Identify the available storage options for the latest iPad Pro on the Apple website.,"Changing URL parameters. The task requires identifying the available storage options for the latest iPad Pro. Starting from the provided URL, which is the main page for buying an iPad Pro, clicking on the '11-inch model' is a necessary step to view the configuration options, including storage. By directing you to the URL specific to the 11-inch iPad Pro model, you will be presented with the detailed configuration page, which includes options for storage, color, and more.",Went to https://www.apple.com/shop/buy-ipad/ipad-pro/11-inch
Identify the available storage options for the latest iPad Pro on the Apple website.,"Changing URL parameters. The suggested URL directs you to the page on Apple's website where you can select and view the configuration options for the 11-inch model of the iPad Pro. This page includes detailed information on available storage capacities, colors, and other specifications, enabling you to effectively identify and compare the storage options for this specific model.",Went to https://www.apple.com/shop/buy-ipad/ipad-pro/11-inch
Identify the available storage options for the latest iPad Pro on the Apple website.,"Changing URL parameters. The provided task goal is to identify the available storage options for the latest iPad Pro on the Apple website, specifically by checking the configurations for the '11-inch model.' The current URL points to the general buying page for the iPad Pro, which requires selection of the size model to proceed. The suggested URL navigates directly to the configuration page for the 11-inch display model of the iPad Pro, where the user can review available storage options.",Went to https://www.apple.com/shop/buy-ipad/ipad-pro/11-inch-display-wifi
Identify the available storage options for the latest iPad Pro on the Apple website.,"Changing URL parameters. To find the storage options for the latest iPad Pro on the Apple website, we first need to select a specific model size. The task indicates focusing on the '11-inch model,' so by selecting this model, we will be able to view the storage configurations available. This URL directly leads to the '11-inch' iPad Pro page where storage and other configuration options are displayed for selection.",Went to https://www.apple.com/shop/buy-ipad/ipad-pro/11-inch-display-128gb-space-gray-wifi
Identify the available storage options for the latest iPad Pro on the Apple website.,"Changing URL parameters. To identify the available storage options for the latest iPad Pro, we need to view the configurations specific to the 11-inch iPad Pro model. The provided URL navigates directly to the 11-inch model's purchase page on the Apple website, where you can see all the available configuration options, including storage capacities.",Went to https://www.apple.com/shop/buy-ipad/ipad-pro/11-inch
Identify the available storage options for the latest iPad Pro on the Apple website.,"Changing URL parameters. This URL directly navigates to the configuration page for the 11-inch iPad Pro model, starting with a base configuration that allows you to see and compare all available storage options for this model. By accessing this page, you can view and select different storage capacities easily, fulfilling the task goal of identifying available storage options.",Went to https://www.apple.com/shop/buy-ipad/ipad-pro/11-inch-display-128gb-space-gray-wifi
Identify the available storage options for the latest iPad Pro on the Apple website.,"Changing URL parameters. This URL directs you to the purchase page for the 11-inch iPad Pro on the Apple website. By navigating to this page, you will be able to view all available storage options for the 11-inch model directly, facilitating your task of identifying the storage configurations available.",Went to https://www.apple.com/shop/buy-ipad/ipad-pro/11-inch-display-128gb-silver-wifi
Identify the available storage options for the latest iPad Pro on the Apple website.,"Changing URL parameters. The current URL is the main page for purchasing an iPad Pro on the Apple website. To find the available storage options for the latest iPad Pro, navigating directly to the configuration page for the 11-inch model is appropriate. By selecting this specific model and typical configuration, we can view the storage options along with other specifications and purchase options. This URL suggests the 11-inch iPad Pro model with a starting storage configuration for reference.",Went to https://www.apple.com/shop/buy-ipad/ipad-pro/11-inch-display-512gb-space-gray-wifi
Identify the available storage options for the latest iPad Pro on the Apple website.,"Changing URL parameters. The URL provided is for the Apple Store's page to buy the iPad Pro. By appending specific query parameters or navigating to a specific subset of pages, users can see different models and configurations. The suggested URL directly links to the configuration page for the 11-inch iPad Pro, allowing users to view storage options for this model, as requested in the task.",Went to https://www.apple.com/shop/buy-ipad/ipad-pro/11-inch-display-wifi-128gb-space-gray
Identify the available storage options for the latest iPad Pro on the Apple website.,"Changing URL parameters. To find the available storage options for the latest iPad Pro on the Apple website, the user needs to explore the configuration section for the '11-inch model'. By selecting one of the default configurations on the product page, the user can then cycle through the available storage options, which typically appear as selectable options when choosing a device. This URL directly leads to the 11-inch iPad Pro with a Wi-Fi connection, where users can view and select different storage capacities.",Went to https://www.apple.com/shop/buy-ipad/ipad-pro/11-inch-display-128gb-space-gray-wifi
Identify the available storage options for the latest iPad Pro on the Apple website.,"Changing URL parameters. The task is to identify the available storage options for the latest 11-inch iPad Pro on the Apple website. The original URL leads to the general page for buying an iPad Pro, where users can choose between the 11-inch and 12.9-inch models. To complete the task, we need to navigate specifically to the 11-inch model to view its configuration options, including storage capacities. The suggested URL directs to the specific product configuration page for the 11-inch iPad Pro, allowing easy access to view and choose between different storage options.",Went to https://www.apple.com/shop/buy-ipad/ipad-pro/11-inch
Identify the available storage options for the latest iPad Pro on the Apple website.,"Changing URL parameters. This URL directs you to the Apple Store's page for purchasing the 11-inch iPad Pro. By selecting one of the 11-inch model configurations, you can view all available storage options. This specific URL is pre-set to show the 11-inch iPad Pro, starting with a common storage variant, ensuring you can see all the storage options available for the 11-inch model.",Went to https://www.apple.com/shop/buy-ipad/ipad-pro/11-inch-display-128gb-space-gray-wifi
Identify the available storage options for the latest iPad Pro on the Apple website.,"Changing URL parameters. Navigating to the 11-inch iPad Pro configuration page directly provides detailed options for that model, including available storage options. This URL will lead to a page where users can view and select from different storage capacities such as 128GB, 256GB, 512GB, etc. for the latest iPad Pro with an 11-inch screen.",Went to https://www.apple.com/shop/buy-ipad/ipad-pro/11-inch-display-wifi
Identify the available storage options for the latest iPad Pro on the Apple website.,"Changing URL parameters. The task involves finding the storage options available for the latest iPad Pro, specifically the 11-inch model. The current URL is the landing page for buying an iPad Pro, and the action required is to focus on the 11-inch model. By appending '/11-inch' to the URL path, the navigation leads directly to the page where the 11-inch iPad Pro's storage options and other configurations are listed. This matches the task goal effectively by taking the user to the exact configuration section for that iPad model.",Went to https://www.apple.com/shop/buy-ipad/ipad-pro/11-inch
Identify the available storage options for the latest iPad Pro on the Apple website.,"Changing URL parameters. This URL directs the user to the purchase page for the 11-inch iPad Pro model. It displays various storage options, including the selection of storage capacities, allowing users to view and choose the available storage options specific to the 11-inch model of the iPad Pro.",Went to https://www.apple.com/shop/buy-ipad/ipad-pro/11-inch-display-256gb-space-gray-wifi
Identify the available storage options for the latest iPad Pro on the Apple website.,"Changing URL parameters. The provided URL is the Apple website's online store section for purchasing an iPad Pro. To identify the available storage options for the latest iPad Pro, one would typically start by selecting a specific model (such as the 11-inch model). Once a model is selected, the website displays the available configuration options, including storage capacities. The suggested URL navigates directly to the configuration page for the 11-inch iPad Pro, helping you to view and select from the available storage capacities.",Went to https://www.apple.com/shop/buy-ipad/ipad-pro/11-inch-display-256gb-space-gray-wifi
Identify the available storage options for the latest iPad Pro on the Apple website.,"Changing URL parameters. The current URL is the starting page for purchasing an iPad Pro on the Apple website. To view the available storage options specifically for the 11-inch iPad Pro model, you need to navigate to the configuration page designated for this model. The suggested URL directly points to the 11-inch iPad Pro configuration, where you can view and choose between various storage options.",Went to https://www.apple.com/shop/buy-ipad/ipad-pro/11-inch-display-wi-fi
Identify the available storage options for the latest iPad Pro on the Apple website.,"scroll down to make sure the specific configuration options, like storage capacities, are visible. Since the current view does not show detailed configuration options, scrolling down can reveal the storage and other specifications for the iPad Pro.","The user is on the iPad comparison page of the Apple website, where different models including the iPad Pro, iPad Air, and iPad are listed. The current screenshot provides basic specifications for these models, but it does not include specific storage options for the iPad Pro. Further navigation or interaction is needed to access detailed storage options for the iPad Pro models."
Identify the available storage options for the latest iPad Pro on the Apple website.,"Changing URL parameters. This URL directs you to the purchase page for the iPad Pro on the Apple website. By accessing this page, you can scroll down to find detailed specifications including the available storage options for the latest iPad Pro. The page typically outlines different configurations, allowing you to explore options such as storage capacities directly on the Apple site.",Went to https://www.apple.com/shop/buy-ipad/ipad-pro
Identify the available storage options for the latest iPad Pro on the Apple website.,"scroll down the page. The task requires identifying the available storage options for the 11-inch iPad Pro. Currently, the page displays introductory sections and promotional offers. Scrolling down will reveal more detailed configuration options for the iPad Pro, including the specific storage capacities available.","The current screenshot displays a comparison table for different iPad models, including the iPad Pro, iPad Air, and others. However, it does not show specific storage options for the 11-inch iPad Pro. The page mainly details features like display size, chip type, camera system, and accessory support. You need to scroll further or navigate to another section to see the available storage configurations for the iPad Pro."
Identify the available storage options for the latest iPad Pro on the Apple website.,"Changing URL parameters. Navigating directly to the purchase configuration page for the 11-inch iPad Pro on the Apple website will provide detailed options, including the available storage capacities. This URL focuses on the 11-inch iPad Pro model with Wi-Fi, which is typically where such configuration options are presented.",Went to https://www.apple.com/shop/buy-ipad/ipad-pro/11-inch-display-wifi
Identify the available storage options for the latest iPad Pro on the Apple website.,"scroll down to reveal more detailed specification options, including the storage configurations for the 11-inch iPad Pro. This will allow us to find the storage options needed for the task.","The screenshot shows a comparison page for different iPad models including the iPad Pro. It lists features like display size (13-inch or 11-inch), chip type (M4 for iPad Pro), and camera specifications, among others. However, the current screenshot does not show specific storage configurations for the 11-inch iPad Pro. The user needs to further explore the page, possibly by selecting the 11-inch model, to view and identify the available storage options, which are not visible here."