task,user_action_and_explanation,observation
"On Apple's website, how many different types of keyboards are available when customizing your 14-inch MacBook Pro?",Going to https://www.apple.com/,Went to https://www.apple.com/
"On Apple's website, how many different types of keyboards are available when customizing your 14-inch MacBook Pro?","click ""Mac"" in the top navigation bar to navigate to the Mac section and find information on customizing the MacBook Pro.","The user has successfully navigated to the Mac section on Apple's website. The current page displays various Mac products but does not show specific information about customizing a 14-inch MacBook Pro or its keyboard options. The next step is to click on the 'MacBook Pro' option to get more customization details, including keyboard types."
"On Apple's website, how many different types of keyboards are available when customizing your 14-inch MacBook Pro?","click ""MacBook Pro"" from the top navigation bar to navigate directly to the MacBook Pro section, where customization options such as keyboard types would be available.","The user has successfully navigated to the MacBook Pro product page on Apple's website. However, the current screenshot shows marketing information about the MacBook Pro and does not include any customization options or details about different types of keyboards. The user needs to click on the 'Buy' button to proceed to the customization page where keyboard options might be available."
"On Apple's website, how many different types of keyboards are available when customizing your 14-inch MacBook Pro?","click the ""Buy"" button to proceed to the customization page where the keyboard options for the 14-inch MacBook Pro are likely displayed, allowing us to find out how many different types of keyboards are available.","The current page lists various configurations of the 14-inch MacBook Pro, each showing specifications and prices. However, it does not yet display the customization options related to keyboards. To proceed, click on one of the 14-inch MacBook Pro models to access further customization options including keyboard types."
"On Apple's website, how many different types of keyboards are available when customizing your 14-inch MacBook Pro?","Changing URL parameters. The provided URL leads to the page where you can begin the process of buying a MacBook Pro. However, to view the customization options, including the keyboard types, specifically for the 14-inch MacBook Pro, you need to go directly to the product configuration section for this model. By navigating to the URL designed for the 14-inch MacBook Pro, you can view and select the detailed configurations such as different keyboard options available for this specific model.",Went to https://www.apple.com/shop/buy-mac/macbook-pro/14-inch
"On Apple's website, how many different types of keyboards are available when customizing your 14-inch MacBook Pro?","Changing URL parameters. This URL takes you to the configuration page of the first model of the 14-inch MacBook Pro. Here, you can explore various customization options, including the different types of keyboards available. The '#step=config' part of the URL ensures you land directly on the configuration section, which is where keyboard options would be displayed. This provides the user with a straightforward way to find the information on available keyboard types.",Went to https://www.apple.com/shop/buy-mac/macbook-pro/14-inch-space-gray-apple-m1-pro-8-core-cpu-14-core-gpu-512gb#step=config
"On Apple's website, how many different types of keyboards are available when customizing your 14-inch MacBook Pro?","Changing URL parameters. The provided URL is a general page for configuring a MacBook Pro on the Apple website, but it doesn't directly link to the specific configuration options needed for the 14-inch model. By navigating to the URL https://www.apple.com/shop/buy-mac/macbook-pro/14-inch, users can access the detailed configuration page for the 14-inch MacBook Pro, where they can view and select different customization options including available keyboard types.",Went to https://www.apple.com/shop/buy-mac/macbook-pro/14-inch
"On Apple's website, how many different types of keyboards are available when customizing your 14-inch MacBook Pro?","Changing URL parameters. The task is to determine how many different types of keyboards are available when customizing a 14-inch MacBook Pro. To achieve this, I directed you to the page of the first 14-inch MacBook Pro configuration available in Space Gray. This page will provide customization options, including keyboard types, allowing you to see the available selections.",Went to https://www.apple.com/shop/buy-mac/macbook-pro/14-inch/space-gray-8-core-cpu-14-gpu-16gb-unified-memory-512gb-storage
"On Apple's website, how many different types of keyboards are available when customizing your 14-inch MacBook Pro?","click the ""Buy"" button from the MacBook Pro page once again. The 'Page Not Found' error suggests an issue with accessing the configuration directly through the URL. Returning to the product listings on the MacBook Pro page and selecting the ""Buy"" button will allow access to customization options, including keyboard types.","The user is on the page listing various configurations of the 14-inch MacBook Pro. These listings include different technical specifications and pricing, but the customization options, such as available keyboard types, are not yet visible. The user needs to select one of the configurations listed to proceed to a detailed customization page where keyboard options, if available, will be displayed."
"On Apple's website, how many different types of keyboards are available when customizing your 14-inch MacBook Pro?","Changing URL parameters. The given URL is for purchasing a 14-inch MacBook Pro from Apple's official store. To access detailed configuration and customization options, including the type of keyboards available, it's necessary to click on a specific model. Apple typically lists configurations on the same page, often navigable through sections linked by internal page anchors. By appending '#buy-macbook-pro' to the URL, we can directly access the purchase section where models are listed. This section will allow you to select a model and view customizable options such as keyboard types.",Went to https://www.apple.com/shop/buy-mac/macbook-pro/14-inch#buy-macbook-pro
"On Apple's website, how many different types of keyboards are available when customizing your 14-inch MacBook Pro?","Changing URL parameters. To view the customization options for the 14-inch MacBook Pro, including the available keyboard types, you need to select a specific model configuration. The model 'MPTJ3LL/A', which corresponds to a version of the new 14-inch MacBook Pro listed on the page, includes the specifications mentioned in the task goal. Selecting this model will take you to the customization page where you can view and choose different keyboard options.",Went to https://www.apple.com/shop/buy-mac/macbook-pro/14-inch/MPTJ3LL/A
"On Apple's website, how many different types of keyboards are available when customizing your 14-inch MacBook Pro?","click the ""Mac"" link at the top of the page to navigate back to the Mac section, where you can continue searching for 14-inch MacBook Pro customization options without errors.","The user is currently on the general Mac section of Apple's website. The page features categories of Mac products but does not provide specific customization options for the 14-inch MacBook Pro. To proceed towards the task, the user should select 'MacBook Pro' from the options shown to access specific model customization details, including keyboard types."
"On Apple's website, how many different types of keyboards are available when customizing your 14-inch MacBook Pro?","click the ""Buy"" button on the MacBook Pro page to proceed to the configuration section, where you will find the options for customizing the 14-inch MacBook Pro, including the different types of keyboard options available.","The current page on Apple's website shows different MacBook products, including the 14-inch and 16-inch MacBook Pros with their pricing and some specifications. The page includes ""Buy"" buttons for each model. However, it does not display the configuration options or the specific keyboard types available for customization. To view the keyboard options, you should click the ""Buy"" button for the 14-inch MacBook Pro, which will take you to the configuration page for detailed product customization."
"On Apple's website, how many different types of keyboards are available when customizing your 14-inch MacBook Pro?","click ""Buy"" under the MacBook Pro 14"" and 16"" section to access the customization options, including the keyboard types available for the 14-inch model.","The current page displays various configurations of the 14-inch MacBook Pro models with different technical specifications and prices. However, no specific keyboard customization options are visible in the current screenshot. The next step is to select one of the models to proceed to a detailed configuration page where keyboard options might be listed."
"On Apple's website, how many different types of keyboards are available when customizing your 14-inch MacBook Pro?",click on the 'Select' button for one of the 14-inch MacBook Pro configurations to proceed to the customization options page where you can find detailed options for different types of keyboards available.,"The current screenshot shows the configuration page for the 14-inch MacBook Pro, detailing options such as display, memory, and storage. The keyboard section listed here specifies a ""Backlit Magic Keyboard with Touch ID - US English,"" but there aren't alternative keyboard options visible. This suggests there might be only one type of keyboard available for this model."
"On Apple's website, how many different types of keyboards are available when customizing your 14-inch MacBook Pro?",scroll down on the configuration page to reveal more customization options including the keyboard types for the 14-inch MacBook Pro. This is necessary to explore and count the different keyboard options available.,"The configuration page for the 14-inch MacBook Pro is now visible. It displays various customization options such as display, memory, and storage. The section for Keyboard Language shows only one option: 'Backlit Magic Keyboard with Touch ID - US English', indicating that there seems to be only one keyboard type available currently for this model."
"On Apple's website, how many different types of keyboards are available when customizing your 14-inch MacBook Pro?",Summarizing last observations,"The current screenshot of the Apple configuration page for the 14-inch MacBook Pro indicates that there is a single keyboard option available: ""Backlit Magic Keyboard with Touch ID - US English."" This summary reflects only the latest observations. For the full task history and context, please refer to the entire navigation log."