task,user_action_and_explanation,observation
Search Apple for the accessory Smart Folio for iPad and check the closest pickup availability next to zip code 90038.,Going to https://www.apple.com/,Went to https://www.apple.com/
Search Apple for the accessory Smart Folio for iPad and check the closest pickup availability next to zip code 90038.,"click the search icon at the top right corner with the magnifying glass icon. This allows entering the search terms 'Smart Folio for iPad' directly into the search field, aiding in finding the desired accessory quickly.","The search action for 'Smart Folio for iPad' did not return any results, as indicated by the message 'Sorry, no matches were found. Please try a different search.' on the Apple website. This suggests that the entered search term might need modification or refinement to ensure accuracy and alignment with the website's available products."
Search Apple for the accessory Smart Folio for iPad and check the closest pickup availability next to zip code 90038.,"Changing URL parameters. The URL provided performs a search on Apple's website. By navigating to ""https://www.apple.com/us/search/Smart%20Cover%20iPad"", you can search for the 'Smart Cover iPad', which is a popular accessory related to the 'Smart Folio for iPad'. This search query should yield relevant results. Once the items are displayed, you can check the availability for pickup near the specific zip code 90038 directly on the Apple product page.",Went to https://www.apple.com/us/search/Smart%20Cover%20iPad
Search Apple for the accessory Smart Folio for iPad and check the closest pickup availability next to zip code 90038.,"Changing URL parameters. The task requires checking the accessory 'Smart Folio for iPad Air' and verifying its pickup availability near zip code 90038. The current URL's purpose is to search within Apple's website. By navigating to the direct product page for the 'Smart Folio for iPad Air 13-inch (M2) - Light Violet', users can find detailed information about the product and the option to check pickup availability. Therefore, this URL leads directly to the product page needed to accomplish the task.",Went to https://www.apple.com/us/shop/product/MNGK3ZM/A/smart-folio-for-ipad-air-5th-generation-light-violet
Search Apple for the accessory Smart Folio for iPad and check the closest pickup availability next to zip code 90038.,"Changing URL parameters. This URL directs you to the search results page on the Apple website for 'Smart Folio for iPad'. From this search results page, you can easily locate the specific product listing and check its availability for pickup by entering the zip code 90038 on the product page. This approach helps you to perform a targeted search for the accessory while ensuring you can access pickup options.",Went to https://www.apple.com/us/shop/search/smart%20folio%20for%20ipad
Search Apple for the accessory Smart Folio for iPad and check the closest pickup availability next to zip code 90038.,"Changing URL parameters. The provided URL is structured to directly navigate to the ""Smart Folio for iPad Air 10.9-inch (M2) - Light Violet"" product page. The URL includes query parameters for checking local store pickup availability by using the ""tab=localStore"" and ""zip=90038"" parameters, enabling the user to find stores near the specified ZIP code.",Went to https://www.apple.com/shop/product/MQDP3/smart-folio-for-ipad-air-10-9-inch-light-violet?tab=localStore&store=001&zip=90038
Search Apple for the accessory Smart Folio for iPad and check the closest pickup availability next to zip code 90038.,"click the 'Check availability' link under the 'Pickup' section. This action will allow you to view the availability of the Magic Keyboard Folio for iPad at stores near the specified zip code 90038, thus addressing the task of checking pickup availability.","The current screenshot shows the 'Magic Keyboard Folio for iPad' page with an overlay prompting the user to select a location for pickup. However, it seems to be for the wrong product (Magic Keyboard Folio) rather than the intended ""Smart Folio for iPad"". The user is on the pickup availability page with a location input field visible, ready to be searched using the specified zip code 90038. However, since this is not the correct product, checking its availability may not fulfill the task's requirement."
Search Apple for the accessory Smart Folio for iPad and check the closest pickup availability next to zip code 90038.,"type ""90038"" in the search bar with the placeholder text 'City or Zip'. This will initiate the search for the closest pickup availability for the Magic Keyboard Folio for iPad accessory near the specified zip code, enabling the user to verify store options.","The search for pickup availability near zip code 90038 indicates multiple nearby store options for the Magic Keyboard Folio for iPad, with immediate availability noted at several locations such as Apple The Grove, Apple Beverly Center, Apple Tower Theatre, Apple Glendale Galleria, and Apple Century City. However, the task goal is to check availability for the ""Smart Folio for iPad,"" which has not been focused on in this search, thereby not fulfilling the intended task requirement."
Search Apple for the accessory Smart Folio for iPad and check the closest pickup availability next to zip code 90038.,"click the 'Select' button next to the store 'Apple The Grove' to confirm and proceed with choosing this location for pickup as it shows 'Available Today', indicating immediate availability.","The user is currently viewing the product page for the 'Magic Keyboard Folio for iPad (10th generation)' instead of the 'Smart Folio for iPad'. The available information indicates that the 'Magic Keyboard Folio' is available today for pickup at 'Apple The Grove', but this does not fulfill the task of checking the availability for the specified 'Smart Folio for iPad'. The user appears to have selected the wrong product, leading to a mismatch with the current task."
Search Apple for the accessory Smart Folio for iPad and check the closest pickup availability next to zip code 90038.,"Changing URL parameters. The goal is to check the pickup availability of the 'Smart Folio for iPad' at a location near the zip code 90038. The structure of the current URL indicates we're on a product page with a local store tab query. By navigating directly to the specific product page of the 'Smart Folio for iPad', including the specific color for a thorough search, we maintain the tab parameter set to 'localStore' and add the location zip code for direct availability checking. This URL construction ensures the task of checking local pickup is efficiently accomplished.",Went to https://www.apple.com/shop/product/MQ0V3ZM/A/smart-folio-for-ipad-10-9-inch-10th-generation-opal?tab=localStore&grid=27-inch-imac&location=90038
Search Apple for the accessory Smart Folio for iPad and check the closest pickup availability next to zip code 90038.,"click the ""iPad"" link found in the navigation bar at the top. This will navigate to the iPad category page where you can browse for accessories such as the Smart Folio for iPad, and eventually check for local store availability.","The user is now on the iPad category page of the Apple website. This page provides options to explore different iPad models and related accessories. However, the page mainly highlights the devices rather than directly listing accessories like the Smart Folio for iPad. The user would need to navigate further, perhaps by selecting the 'Accessories' section, to specifically look for the Smart Folio for iPad and check its availability near the specified zip code 90038."
Search Apple for the accessory Smart Folio for iPad and check the closest pickup availability next to zip code 90038.,"click on the 'Accessories' menu item in the top navigation bar. This will allow access to the section where the Smart Folio might be listed, helping in locating the accessory specifically and checking its availability for pickup.","The user is on the 'Accessories' page of the Apple website. Here, there is a search bar specifically for searching accessories, and navigation options to browse by product category, including the iPad. This page is an appropriate starting point to search for the 'Smart Folio for iPad'. The user should use the search accessories bar to directly input 'Smart Folio for iPad' to locate the specific product and subsequently check for its pickup availability."
Search Apple for the accessory Smart Folio for iPad and check the closest pickup availability next to zip code 90038.,"Changing URL parameters. The suggested URL performs a direct search on the Apple online store for 'Smart Folio for iPad'. This will display the relevant product listings, and the Apple site typically provides options to check the pickup availability at stores near a given zip code, such as 90038.",Went to https://www.apple.com/shop/search/smart%20folio%20for%20ipad
Search Apple for the accessory Smart Folio for iPad and check the closest pickup availability next to zip code 90038.,"Changing URL parameters. The task involves finding the specific 'Smart Folio for iPad Air 10.9-inch (M2) - Light Violet' product on Apple's website and checking its availability for pickup near the zip code 90038. The URL provided is constructed to directly access the Apple Store's product page for this specific Smart Folio, where availability options can be entered or selected, allowing the user to find pickup options near the specified zip code.",Went to https://www.apple.com/shop/product/MQVJ2ZM/A/smart-folio-for-ipad-air-10.9-inch-m2-light-violet
Search Apple for the accessory Smart Folio for iPad and check the closest pickup availability next to zip code 90038.,"click the 'OK' button on the dialog box that says 'Looking for something?' to dismiss it. This action is necessary to close the dialog that is obstructing the main content, allowing you to resume your search for the Smart Folio for iPad and proceed with checking store availability near the zip code 90038.","The action of dismissing the dialog box was completed, but it seems the user is currently on a search results page for the incorrect product, '38mm Midnight Blue Woven Nylon Band', instead of the 'Smart Folio for iPad'. This means that the search terms were likely incorrect or accidentally altered, leading to irrelevant results. The search needs to be re-performed with the correct terms to find the desired iPad accessory for checking pickup availability."
Search Apple for the accessory Smart Folio for iPad and check the closest pickup availability next to zip code 90038.,"Changing URL parameters. The task requires searching for the 'Smart Folio for iPad' on the Apple website, and the current URL structure suggests that a product search can be performed by modifying the search query part of the URL. By replacing the current query '38mm-Midnight-Blue-Woven-Nylon' with 'Smart-Folio-for-iPad', we generate a new URL that directly searches for the specified product in the accessories tab. This will lead you to the search results for the product, where you can then check pickup availability near the specified ZIP code 90038.",Went to https://www.apple.com/us/search/Smart-Folio-for-iPad?tab=accessories
Search Apple for the accessory Smart Folio for iPad and check the closest pickup availability next to zip code 90038.,"Changing URL parameters. I navigated to the product detail page of the 'Smart Folio for iPad 10th Generation - Light Violet', which is a typical example shown on Apple's site. On this page, you can directly check store availability for pickup by entering your zip code such as 90038. This is the logical step following the task to find pickup availability, as product detail pages allow for checking local store inventory.",Went to https://www.apple.com/shop/product/MQLM3ZM/A/smart-folio-for-ipad-10th-generation-light-violet
Search Apple for the accessory Smart Folio for iPad and check the closest pickup availability next to zip code 90038.,click the search icon with the magnifying glass image. This will allow you to enter the search term 'Smart Folio for iPad' in the search field to find the product.,"The search on the Apple website for 'Smart Folio for iPad' returned no results, as indicated by the message 'Sorry, no matches were found. Please try a different search.' This suggests that the phrase entered may not be recognized or accurately match any available products in Apple's inventory. This outcome indicates a need to refine the search terms or ensure the correct spelling and product name are used."
Search Apple for the accessory Smart Folio for iPad and check the closest pickup availability next to zip code 90038.,"Changing URL parameters. I have constructed a URL that directly searches for 'Smart Folio' on the Apple website, using their search functionality. This will provide a list of search results related to the Smart Folio accessory for iPad, from which you can select the specific product you are interested in. Once you select a product, you can then check the pickup availability by entering the zip code 90038.",Went to https://www.apple.com/us/search/Smart%20Folio
Search Apple for the accessory Smart Folio for iPad and check the closest pickup availability next to zip code 90038.,"Changing URL parameters. The current URL indicates a search page on Apple's website for 'Smart Folio'. To accomplish the task goal, which involves finding a specific Smart Folio for iPad Air 11-inch (M2) in Light Violet, I would suggest going directly to the product page for this item. This page will provide detailed information about the product and allow you to check the pickup availability near the specified zip code of 90038. By navigating directly to this URL, you can efficiently complete all steps of the task.",Went to https://www.apple.com/shop/product/MKMX3ZM/A/smart-folio-for-ipad-air-11-inch-m2-light-violet
Search Apple for the accessory Smart Folio for iPad and check the closest pickup availability next to zip code 90038.,"Changing URL parameters. The given task involves searching for the 'Smart Folio for iPad' and checking its pickup availability near the zip code 90038. The current URL is from the Apple Store's product page. To directly address the task, the suggested URL performs a search on the Apple Store's website for 'Smart Folio for iPad' while also setting the location parameter to 90038 to find the closest store availability. This URL helps in locating the desired product and checking its pickup options efficiently.",Went to https://www.apple.com/us/shop/search?location=90038&product=Smart+Folio+for+iPad
Search Apple for the accessory Smart Folio for iPad and check the closest pickup availability next to zip code 90038.,"Changing URL parameters. This URL performs a search for 'Smart Folio for iPad' on the Apple website, which is the first step to finding the product. After locating the product, the user can check the product details for pickup availability near the zip code 90038. This search query effectively pinpoints the exact accessory needed and starts the process of checking availability.",Went to https://www.apple.com/us/search/Smart-Folio-for-iPad
Search Apple for the accessory Smart Folio for iPad and check the closest pickup availability next to zip code 90038.,"Changing URL parameters. The current task is to find the Smart Folio for iPad and check the pickup availability. The given URL is a search page on Apple's website. By selecting the specific product 'Smart Folio for iPad Air 11-inch (M2) - Light Violet', we can navigate directly to its product page. Here, users can check the pickup availability by entering their zip code, such as 90038. Therefore, this product URL will take you to the page where you can perform the desired task.",Went to https://www.apple.com/shop/product/MMEF3ZM/A/smart-folio-for-ipad-air-11-inch-m2-light-violet
Search Apple for the accessory Smart Folio for iPad and check the closest pickup availability next to zip code 90038.,"Changing URL parameters. The provided URL points to an Apple Store product page for a specific Smart Folio case. However, to find the Smart Folio for iPad Air and check pickup availability near a specific zip code like 90038, starting at Apple's main online store page allows you to utilize their search functionality. From there, you can search for 'Smart Folio for iPad' and further refine your search to view product availability and location-specific options.",Went to https://www.apple.com/shop
Search Apple for the accessory Smart Folio for iPad and check the closest pickup availability next to zip code 90038.,click on the search icon at the top right corner with the magnifying glass icon again to reopen the search bar and perform a refined search query and input 'Smart Folio for iPad'. This will help to search for the specific accessary and find detailed information about the product and availability options.,"The refined search query for 'Smart Folio for iPad' did not yield any results, as indicated by the message: 'Sorry, no matches were found. Please try a different search.' This suggests that the currently entered search term may need to be further modified or cross-referenced with different variations or model numbers to locate the desired accessory on Apple's website."
Search Apple for the accessory Smart Folio for iPad and check the closest pickup availability next to zip code 90038.,"Changing URL parameters. To find the Smart Folio for iPad and check its availability, you need to perform a search on Apple's website. The URL provided includes a search query for 'Smart Folio for iPad', which will direct you to the relevant product page where you can view details and check availability. From the product page, Apple usually offers an option to check store availability via zip code. This search URL is a good starting point to explore the product and proceed to checking local availability.",Went to https://www.apple.com/us/search?query=Smart+Folio+for+iPad
Search Apple for the accessory Smart Folio for iPad and check the closest pickup availability next to zip code 90038.,"Changing URL parameters. The current URL is a search page on Apple's website for 'Smart Folio for iPad'. To narrow down the search specifically for 'Smart Folio for iPad Air', I have adjusted the search query in the URL. This should lead to more precise results for the 'iPad Air' accessory instead of generic iPad accessories. On the search results page, you can check the closest pickup availability by entering the zip code 90038.",Went to https://www.apple.com/us/search?query=Smart+Folio+for+iPad+Air
Search Apple for the accessory Smart Folio for iPad and check the closest pickup availability next to zip code 90038.,"Changing URL parameters. The current task is to search for 'Smart Folio for iPad' on Apple’s website and check for local pickup availability specifically near the zip code 90038. The given URL already attempts a search, but the suggestion is to perform the search again with a more general query. The generated URL executes a search directly on Apple's website for the broader term 'Smart Folio for iPad', which is likely to yield results where local pickup options can be checked.",Went to https://www.apple.com/us/search/Smart+Folio+for+iPad
Search Apple for the accessory Smart Folio for iPad and check the closest pickup availability next to zip code 90038.,"Changing URL parameters. The suggested URL leads directly to the product page for the Smart Folio for iPad Air 11-inch in Light Violet. On Apple's website, this product page will typically offer options to check pickup availability. Once on this page, the user can enter the zip code 90038 to check the closest pickup locations, completing the task goal.",Went to https://www.apple.com/shop/product/MPPY3ZM/A/smart-folio-for-ipad-air-11-inch-5th-generation-light-violet
Search Apple for the accessory Smart Folio for iPad and check the closest pickup availability next to zip code 90038.,"click on the 'OK' button in the 'Looking for something?' dialog box. This will close the popup that is currently obstructing further interaction with the page, allowing you to explore other potential products or perform a new search for the 'Smart Folio for iPad' on Apple's website.","The user is currently on a search results page for 'iPhone Leather Wallet with MagSafe'. This indicates that the search query entered does not address the task of finding 'Smart Folio for iPad'. There is only one product result displayed, which is unrelated to the user's current task. Thus, the action of closing the popup and resuming searches seems to have led to an incorrect search term being processed rather than directly addressing the task goal."