task,user_action_and_explanation,observation
"On the Apple website, find out if the Mac Mini can be configured with a GPU larger than 16-core.",Going to https://www.apple.com/,Went to https://www.apple.com/
"On the Apple website, find out if the Mac Mini can be configured with a GPU larger than 16-core.","click ""Mac"" in the top navigation bar to find information about the Mac Mini's GPU configuration options.","The user has navigated to the Mac page. The Mac Mini section is visible among other Mac products like MacBook Air, MacBook Pro, iMac, and Mac Pro. The next step is to click on 'Mac mini' to find detailed specifications and configuration options."
"On the Apple website, find out if the Mac Mini can be configured with a GPU larger than 16-core.","click ""Mac mini New"" to access detailed information and configuration options for the Mac Mini, which is necessary to determine available GPU configurations beyond 16-core.","The page currently displayed appears to be a stylized graphic with the word 'mini' instead of detailed information about the Mac Mini. This indicates that the user has navigated to the Mac Mini section, but specific product details or configuration options, including GPU configurations, are not visible yet. The user may need to scroll further down the page or click on a specific link or button to access further details and configuration options for the Mac Mini."
"On the Apple website, find out if the Mac Mini can be configured with a GPU larger than 16-core.","Changing URL parameters. The listed URL for Mac Mini on Apple's site likely leads to the overview of the product, and to find detailed specifications, especially about GPU configuration options, navigating directly to a 'specs' or 'configuration' page would be most effective. The URL ending in '/specs/' typically leads to the page detailing the technical specifications and configuration options for Apple products, including processor choices, RAM, and GPU options, which is relevant for finding out if a GPU larger than 16-core can be configured.",Went to https://www.apple.com/mac-mini/specs/
"On the Apple website, find out if the Mac Mini can be configured with a GPU larger than 16-core.","scroll down to view more detailed specifications for different Mac Mini configurations and check if there are options with a GPU larger than 16-core. This is necessary because the current screenshot shows only the basic configurations, and further scrolling may reveal additional models or customizable options.","The specifications section for the Mac Mini shows that it can be configured with up to a 20-core GPU. Therefore, the Mac Mini can indeed be configured with a GPU larger than 16-core, which is part of the M4 Pro configuration. There are customizable options available for memory and storage, as well."
"On the Apple website, find out if the Mac Mini can be configured with a GPU larger than 16-core.",Summarizing last observations,"The most recent observations on the Apple website indicate that the Mac Mini can indeed be configured with a GPU larger than 16-core. The specifications page shows that it can be configured with up to a 20-core GPU, which is part of the M4 Pro configuration. This configuration also provides customizable options for memory and storage, with memory configurations available up to 64GB and multiple storage options. This summary reflects only the latest observations; please refer to the complete task history for full context and additional details."