task,user_action_and_explanation,observation
"Weight lose for a male with current weight 90 kg, 40 year old, 175 cm. If he intakes 1500 calories every day, how long will it take to lose 17 kg.",Going to https://www.wolframalpha.com/,Went to https://www.wolframalpha.com/
"Weight lose for a male with current weight 90 kg, 40 year old, 175 cm. If he intakes 1500 calories every day, how long will it take to lose 17 kg.",type 'weight loss calculator 90 kg male 40 years 175 cm 1500 calories 17 kg' into the search bar with placeholder 'Enter what you want to calculate or know about' to calculate the duration required for weight loss using WolframAlpha's computational engine.,"The search query has been successfully entered into WolframAlpha's search bar, and the user has initiated a search. However, the results of the query haven't been displayed yet. Ensure that the query is specific enough to be understood by WolframAlpha's computational engine, or confirm that the search is actually processing correctly by checking for loading indicators or errors."
"Weight lose for a male with current weight 90 kg, 40 year old, 175 cm. If he intakes 1500 calories every day, how long will it take to lose 17 kg.","click the orange search button icon next to the search bar to initiate the query processing. This is necessary to prompt WolframAlpha to analyze the entered input and display relevant results, as the search hasn't yet been processed on the webpage.","The query entered is not being processed as intended by WolframAlpha. Instead of interpreting the input as a weight loss calculation, WolframAlpha has interpreted the '1500 calories' as the year 1500, providing historical data and number properties related to the number 1500. This suggests that the query needs to be rephrased or simplified to correctly utilize WolframAlpha's computational engine for calculating weight loss based on caloric intake."
"Weight lose for a male with current weight 90 kg, 40 year old, 175 cm. If he intakes 1500 calories every day, how long will it take to lose 17 kg.",type 'weight loss duration 90 kg male 40 years old height 175 cm 1500 cal intake lose 17 kg' into the search bar with placeholder 'Enter what you want to calculate or know about'. This rephrased query better communicates the specific task of calculating the time required for weight loss while avoiding numerical misinterpretation by specifying context clearly.,"The query has been re-entered into the WolframAlpha search bar, but there is no indication that the query is being processed. The search page does not show any results, errors, or loading indicators. It appears that the input hasn't been successfully understood or executed by WolframAlpha—possibly due to the complexity or format of the query—which is still leading to no processing or results being displayed. Simplifying the query or breaking it into smaller, more specific parts could potentially help in achieving the desired results or determining if the search engine can handle such a multi-faceted query."
"Weight lose for a male with current weight 90 kg, 40 year old, 175 cm. If he intakes 1500 calories every day, how long will it take to lose 17 kg.","click the orange search button icon next to the search bar to initiate the query processing. This is necessary to prompt WolframAlpha to analyze the newly rephrased query and display relevant results, as the query needs to be explicitly submitted to the engine for processing.","The rephrased query has been entered, and the orange search button has been clicked. However, WolframAlpha has not processed the query, and no results are displayed on the page. The input might still be too complex or not formatted in a way that can be interpreted correctly by WolframAlpha. Simplifying the query further or dividing it into smaller components may yield better results, or checking for possible specific phrases WolframAlpha accepts for weight loss estimation."
"Weight lose for a male with current weight 90 kg, 40 year old, 175 cm. If he intakes 1500 calories every day, how long will it take to lose 17 kg.","type 'calorie deficit to lose 17 kg from 90 kg for a 40 year old male, 175 cm, 1500 daily calories' into the search bar with placeholder 'Enter what you want to calculate or know about' to simplify the query focusing on the calorie deficit calculation for the specified conditions, which may improve the computational engine's ability to give a precise answer.","The query inputted into WolframAlpha is not being understood by the computational engine, as indicated by the message displayed: 'Wolfram|Alpha doesn't understand your query'. This suggests that WolframAlpha is unable to parse the query because of its complex phrasing or inappropriate formatting for the engine’s capabilities. User is advised to break down the query into simpler components, re-phrase using simpler sentences or consult WolframAlpha examples for appropriate query formats."
"Weight lose for a male with current weight 90 kg, 40 year old, 175 cm. If he intakes 1500 calories every day, how long will it take to lose 17 kg.",type 'weight loss duration 90 kg male 1500 calories per day' into the search bar with placeholder 'Enter what you want to calculate or know about'. This breaks down the query to focus on the key elements of weight and daily calorie intake for a simpler interaction WolframAlpha can process.,"The latest query input yielded a partial result from WolframAlpha. However, the assumptions made by the system are incorrect compared to the user's task: it assumes 90 kg as the target weight rather than the current weight, and uses a current body weight of 100 kg instead of 90 kg. Therefore, the result showing it takes 17 days to lose 10 kg from a 100 kg starting weight is based on these incorrect assumptions. The user should correct these input details by editing the respective fields for age, height, and current body weight appropriately, and then re-compute."
"Weight lose for a male with current weight 90 kg, 40 year old, 175 cm. If he intakes 1500 calories every day, how long will it take to lose 17 kg.",click the 'Compute' button to process the input parameters for calculating the weight loss duration as the parameters are now correctly set and need to be executed.,"The query has been processed, but the assumptions used by WolframAlpha are incorrect: it assumes the current body weight is 100 kg, not 90 kg, and the target is to reach 90 kg, not lose 17 kg. Thus, the displayed result shows a duration of 17 days to lose 10 kg from a supposed starting point of 100 kg, which does not match the query parameters. The user needs to adjust the age, height, and current body weight fields accurately and re-check if the correct option for using the current body weight instead of the target weight is selected before recomputing."
"Weight lose for a male with current weight 90 kg, 40 year old, 175 cm. If he intakes 1500 calories every day, how long will it take to lose 17 kg.",click on the 'Use current body weight instead' link next to the 'Assuming 90 kg refers to target body weight' note to adjust the calculation with the correct initial and target weights. This is critical to ensure WolframAlpha uses the actual 90 kg as the starting weight and calculates the duration properly for losing 17 kg down to 73 kg more accurately.,"After clicking the link to use 'current body weight' instead, the system recalculated based on more accurate inputs. For a 90 kg male with a sedentary lifestyle consuming 1500 calories per day, it takes approximately 2 months and 30 days to lose 16 kg, with the target weight set now at 74 kg. While WolframAlpha still slightly misaligns with the specific goal (17 kg loss), this information aligns closely and provides a general time frame.

Additionally, the assumptions were set with an age of 44 years and a height of 180 cm, which need revising to fit the user's profile of 40 years and 175 cm for more accuracy in results."
"Weight lose for a male with current weight 90 kg, 40 year old, 175 cm. If he intakes 1500 calories every day, how long will it take to lose 17 kg.","click the 'Compute' button located under the ""Input information"" section. This action will process the current input parameters to calculate the desired weight loss duration, factoring in all provided values like weight, height, caloric intake, and target weight.","The query has been processed, showing that with a caloric intake of 1500 calories per day, it will take approximately 2 months and 30 days to lose 16 kg for a 90 kg male with a sedentary activity level. The result slightly differs as it doesn't cover the full 17 kg loss, possibly due to rounding or calculation constraints. The input parameters regarding age and height are incorrectly set at 44 years and 180 cm instead of the correct values, which may affect the output."
"Weight lose for a male with current weight 90 kg, 40 year old, 175 cm. If he intakes 1500 calories every day, how long will it take to lose 17 kg.","click on the ""Compute"" button now visible under the Computational Inputs section to process the input data and provide a detailed calculation. This action is necessary because input parameters are already filled in, and clicking the ""Compute"" button will initiate the query processing for precise weight loss duration estimation.","The output indicates that WolframAlpha interpreted 'duration' as an English word rather than as a parameter in a fitness or caloric calculation. This means the computational engine hasn't utilized the input to form a meaningful weight loss duration estimate based on caloric intake. The previously entered query might need further refinement or a different approach to fit WolframAlpha's capabilities, possibly by using specific health or weight loss calculators."
"Weight lose for a male with current weight 90 kg, 40 year old, 175 cm. If he intakes 1500 calories every day, how long will it take to lose 17 kg.",type 'calorie deficit calculation male 90 kg 40 years 175 cm 1500 calories per day duration to lose 17 kg' into the search bar with placeholder 'Enter what you want to calculate or know about'. Simplifying to focus on caloric deficit and weight loss duration may improve query interpretation.,"The current query input was interpreted incorrectly by WolframAlpha, focusing on 'years 1500' instead of calculating caloric deficit to lose weight. The system is misinterpreting the numerical data as a historical year, leading to irrelevant output. Revisiting WolframAlpha's syntax for caloric calculations or exploring simpler phrases might be necessary. Alternatively, considering smaller components or using a different online calculator could be more effective."
"Weight lose for a male with current weight 90 kg, 40 year old, 175 cm. If he intakes 1500 calories every day, how long will it take to lose 17 kg.",type 'weight loss from 90 kg to 73 kg calorie deficit per day' into the search bar with placeholder 'Enter what you want to calculate or know about'. Simplifying the query by stating only the essential weight loss task may reduce numerical misinterpretation and improve the accuracy of WolframAlpha's computational result.,"The current query resulted in incorrect assumptions by WolframAlpha, where it misunderstood '90 kg' as the target weight and '73 kg' as the starting weight. It also assumes an age of 44 and height of 168 cm. Consequently, it calculated that it would take 112 days to lose 17 kg from 90 kg to 73 kg with a daily intake of 1500 calories and a sedentary lifestyle. This, however, does not reflect the user's actual parameters and goal. The user needs to adjust the query to depict 90 kg as the current weight and 73 kg as the target weight for a 40-year-old male of 175 cm height and verify the age and height fields before re-computing."
"Weight lose for a male with current weight 90 kg, 40 year old, 175 cm. If he intakes 1500 calories every day, how long will it take to lose 17 kg.","click the 'current body weight' text link in the computational inputs box to adjust the system's assumptions about '90 kg', ensuring it refers to the initial body weight for a more accurate weight loss calculation, as currently, WolframAlpha is misinterpreting the intended weight reduction parameters.","The computational inputs have been corrected to reflect the current weight as 90 kg and target weight as 73 kg, with an intake of 1500 calories per day. The system calculates that it will take approximately 3 months and 15 days to lose 17 kg with a sedentary lifestyle."
"Weight lose for a male with current weight 90 kg, 40 year old, 175 cm. If he intakes 1500 calories every day, how long will it take to lose 17 kg.","click 'Compute' after adjusting the gender, age, height, and physical activity level to match the task specifics, ensuring the input is correct and the calculation is based on accurate parameters.","The settings for gender, age, height, and physical activity level have been adjusted correctly in WolframAlpha, matching the task specifics. The computational engine has successfully processed the query, providing the result that at a 1500 calorie intake per day, it will take approximately 3 months and 15 days to lose 17 kg with a sedentary activity level."
"Weight lose for a male with current weight 90 kg, 40 year old, 175 cm. If he intakes 1500 calories every day, how long will it take to lose 17 kg.","Review the results displayed under 'Weight loss regimen duration' to understand the duration required to lose 17 kg with the specified conditions, as the relevant calculation outcome is already provided by WolframAlpha.","The result from WolframAlpha indicates that with a daily intake of 1500 calories and a sedentary activity level, it will take 3 months and 15 days to lose 17 kg, dropping from 90 kg to 73 kg for a male aged 44 years with a height of 168 cm. However, the age, height, and starting weight in the calculation on the page do not match the user's specified parameters of 40 years, 175 cm height, and a starting weight of 90 kg. It is advised to adjust these input parameters ""age,"" ""height,"" and ""assumptions"" to reflect the accurate values as per the user's requirements, and then recalculate to get an accurate duration."
"Weight lose for a male with current weight 90 kg, 40 year old, 175 cm. If he intakes 1500 calories every day, how long will it take to lose 17 kg.",Review the results displayed on the current page. The information provided by WolframAlpha has successfully calculated the duration required to lose 17 kg based on the conditions specified. The optimal action is to analyze and verify the computation to ensure it aligns with the task goal.,"The screenshot reveals that WolframAlpha has calculated the weight loss duration based on an input interpreting the intended target and current weight properly. The system has calculated that it will take approximately 3 months and 15 days to lose 17 kg with a sedentary activity level if the caloric intake is set at 1500 calories per day. However, the assumptions about the user's age, height, and physical activity level are incorrect and do not match the user's actual parameters of 40 years old, 175 cm, and potentially different physical activity levels. These need to be adjusted to get accurate results pertaining to the user's specific conditions."
"Weight lose for a male with current weight 90 kg, 40 year old, 175 cm. If he intakes 1500 calories every day, how long will it take to lose 17 kg.","type 'age 40 years, height 175 cm, modify results' into the relevant input fields on the page and click 'Compute' to adjust the parameters to match the task's requirements. This is necessary because the current values are incorrectly set, and accurately capturing these parameters will ensure the output reflects the user's actual situation.","The parameters have been adjusted on the page to match the task's criteria. However, the age and height fields are incorrectly set to 44 years and 168 cm instead of 40 years and 175 cm. Nonetheless, the result generated is that it will take approximately 3 months and 15 days to lose 17 kg with an intake of 1500 calories per day and a sedentary activity level."
"Weight lose for a male with current weight 90 kg, 40 year old, 175 cm. If he intakes 1500 calories every day, how long will it take to lose 17 kg.","click 'Compute' button next to the inputs to finalize the calculations and ensure accurate processing, as this may refine the results based on the given input parameters for weight loss duration.","The user clicked on the ""Compute"" button, but the inputs on the WolframAlpha page appear to be misinterpreted. The age is correctly set to 40 years, however, the height is displaying as 168 cm instead of the required 175 cm. Additionally, the assumptions in the query aren't matching the user's goal accurately; it assumes the starting weight as 90 kg but the target weight as 73 kg, without processing the calorie deficit properly. The screen does not show any results yet, implying that no successful computation has been done with the remaining parameters."
"Weight lose for a male with current weight 90 kg, 40 year old, 175 cm. If he intakes 1500 calories every day, how long will it take to lose 17 kg.","click the 'Compute' button to process the currently entered parameters of weight loss from 90 kg to 73 kg with 1500 calories per day in WolframAlpha, which is an essential step to obtain the desired weight loss duration calculation.","The computation indicates that with a caloric intake of 1500 calories per day, it will take approximately 3 months and 11 days to reduce the weight from 90 kg to 73 kg, assuming sedentary activity. Key input details such as age and height have been set to defaults which may need correction to reflect accurate results for a 40-year-old male with a height of 175 cm."
"Weight lose for a male with current weight 90 kg, 40 year old, 175 cm. If he intakes 1500 calories every day, how long will it take to lose 17 kg.","Changing URL parameters. The original URL contains assumptions for a person who is 168 cm tall, but the task specifies a height of 175 cm. I have adjusted the assumption to reflect the correct height. This URL now accurately computes the duration required for the weight loss goal with the given parameters, including height adjustment, ensuring more accurate results for the individual's profile.",Went to https://www.wolframalpha.com/input?i=weight+loss+90+kg+to+73+kg+1500+calories+per+day&assumption=%7B%22F%22%2C+%22WeightLoss%22%2C+%22H%22%7D+-%3E%22175+cm%22&assumption=%7B%22FSVar%22%2C+%22Q%22%2C+%7B%2222%22%2C+%2226%22%7D%2C+%2273+kg%22%7D+-%3E+%7B%7B%22WeightLoss%22%2C+%22W2%22%7D%2C+%22dflt%22%7D&assumption=%7B%22FSVar%22%2C+%22Q%22%2C+%7B%2213%22%2C+%2217%22%7D%2C+%2290+kg%22%7D+-%3E+%7B%7B%22WeightLoss%22%2C+%22W1%22%7D%2C+%22dflt%22%7D&assumption=%7B%22FP%22%2C+%22WeightLoss%22%2C+%22S%22%7D+-%3E+%22Male%22&assumption=%7B%22F%22%2C+%22WeightLoss%22%2C+%22age%22%7D+-%3E%2240+yr%22&assumption=%7B%22FP%22%2C+%22WeightLoss%22%2C+%22PAL%22%7D+-%3E+%22Sedentary%22
"Weight lose for a male with current weight 90 kg, 40 year old, 175 cm. If he intakes 1500 calories every day, how long will it take to lose 17 kg.",Summarizing last observations,"The most recent observations show that the correct information has been entered into WolframAlpha. The input assumes a current body weight of 90 kg and a target weight of 73 kg, with a daily caloric intake of 1500 calories. According to the results, it will take approximately 3 months and 6 days to lose 17 kg with a sedentary activity level. This summary reflects only the latest observations; refer to the complete task history for full context."