task,user_action_and_explanation,observation
Plot Albert Einstein curve with Parametric equations.,Going to https://www.wolframalpha.com/,Went to https://www.wolframalpha.com/
Plot Albert Einstein curve with Parametric equations.,"type ""Albert Einstein parametric plot"" in the search bar labeled 'Enter what you want to calculate or know about' at the top of the page to search for the parametric equations related to Albert Einstein's curve.","The search for 'Albert Einstein parametric plot' on Wolfram Alpha seems to have returned a generic parametric plot with the x component as cos(u) and the y component as sin(u), for u ranging from 0 to π. This result does not specifically relate to an 'Albert Einstein curve'. The outcome is a semicircle, but there's no connection mentioned to Albert Einstein. The current input and output do not match the specific task of plotting an Albert Einstein curve, suggesting a mismatch or lack of specific data regarding Albert Einstein's parametric equations."
Plot Albert Einstein curve with Parametric equations.,"type ""Albert Einstein curve parametric equation"" in the search bar labeled 'Enter what you want to calculate or know about' at the top of the page to search for specific parametric equations related to the Albert Einstein curve, as the previous search did not yield satisfactory results.","The current search 'Albert Einstein curve parametric equation' on Wolfram Alpha returned a plot labeled as 'first Albert Einstein curve'. The plot appears to represent a complex line curve, plotted for a parameter t ranging from 0 to 92\u03c0. Although the plot aligns with the general area of the task, there are no explicit parametric equations displayed in the result. If the goal is to view or use specific equations rather than simply visualizing a plot, further steps might involve looking for explicit equations or checking related resources suggested by Wolfram Alpha."
Plot Albert Einstein curve with Parametric equations.,"Changing URL parameters. The current URL already searches for the Albert Einstein curve with parametric equations on Wolfram Alpha, which is a computational engine. To achieve your task of clicking 'Show steps' to view additional details or equations, you would engage directly with the Wolfram Alpha interface. Since I cannot interact with elements on a page, direct interaction is necessary for this task. However, this URL is the correct starting point as any further details can only be accessed through the result page of this query.",Went to https://www.wolframalpha.com/input?i=Albert+Einstein+curve+parametric+equation
Plot Albert Einstein curve with Parametric equations.,Summarizing last observations,"The most recent observation indicates that the search for ""Albert Einstein curve parametric equation"" on Wolfram Alpha has produced a set of detailed parametric equations related to a plot labeled as the ""first Albert Einstein curve"". The result page displays complex sets of equations for the x(t) and y(t) components, covering several lines with nested trigonometric functions and constants. This aligns with the task goal of finding parametric equations for the Albert Einstein curve. These equations are computationally robust and occupy a significant amount of space, reflecting the complexity of the curve.

These observations are supplemented by the current screenshots, which show elaborated parametric equations with a focus on intricate mathematical expressions. Overall, for full context and detailed understanding, it is recommended to refer to the task history that led to this point."