task,user_action_and_explanation,observation
"A polyominoes of order 6 means you have 6 identical squares to combine different shapes (2-sided). How many combinations are there? Looking at all the shapes in the result, how many of them have only 2 rows in total?",Going to https://www.wolframalpha.com/,Went to https://www.wolframalpha.com/
"A polyominoes of order 6 means you have 6 identical squares to combine different shapes (2-sided). How many combinations are there? Looking at all the shapes in the result, how many of them have only 2 rows in total?","type ""number of polyominoes of order 6 with 2 rows"" into the search bar with placeholder 'Enter what you want to calculate or know about', then press Enter. This action is optimal to directly query Wolfram Alpha's computational engine to find the number of polyominoes of order 6 that consist of exactly two rows.","The query returned the total number of polyominoes of order 6, which is 35. However, it did not specify how many of these have only 2 rows."
"A polyominoes of order 6 means you have 6 identical squares to combine different shapes (2-sided). How many combinations are there? Looking at all the shapes in the result, how many of them have only 2 rows in total?","type ""polyominoes of order 6 with exactly 2 rows"" into the search bar with placeholder 'Enter what you want to calculate or know about' to specify that you are looking for a particular subset of polyominoes, and press Enter. This should help in refining the search results to focus specifically on the count of polyominoes that have exactly two rows.",The query did not return specific results for polyominoes of order 6 with exactly two rows. It shows the total number of polyominoes of order 6 as 60 (ignoring orientation) and 35 (including orientation). No specific count for the two-row subset is provided in the current result.
"A polyominoes of order 6 means you have 6 identical squares to combine different shapes (2-sided). How many combinations are there? Looking at all the shapes in the result, how many of them have only 2 rows in total?",click on the 'More' link next to 'exactly rows' interpretation to explore additional interpretations that may provide specific information on polyominoes with exactly 2 rows. This action might reveal a different search path or a specific calculation tailored to the query about 2-row polyominoes.,The action did not provide specific information about polyominoes with exactly 2 rows. The current page only explains the concept of 'rows' without calculations or details about polyomino shapes.
"A polyominoes of order 6 means you have 6 identical squares to combine different shapes (2-sided). How many combinations are there? Looking at all the shapes in the result, how many of them have only 2 rows in total?","type ""polyominoes of order 6 two rows"" into the search bar with placeholder 'Enter what you want to calculate or know about', then press Enter. This action is optimal to further refine the search query on Wolfram Alpha to identify the specific polyominoes with exactly two rows.","The search query has interpreted the input as seeking information on polyominoes of order 6 but is not specifically addressing polyominoes with exactly two rows. The results show the total number of polyominoes of order 6, which are 60 (ignoring orientation) and 35 (considering orientation), but no information is provided on the subset that has exactly 2 rows. The images displayed also do not clarify the number of two-row polyominoes."
"A polyominoes of order 6 means you have 6 identical squares to combine different shapes (2-sided). How many combinations are there? Looking at all the shapes in the result, how many of them have only 2 rows in total?","click on the 'Contact Pro Premium Expert Support' link, located under the Images section. Since the search results do not include specific details about polyominoes with exactly two rows, contacting expert support might provide the required information directly.",The 'Pro Premium Expert Support' page requires a subscription to Wolfram Alpha's Pro service to access expert assistance. There is no direct way to get specific information about polyominoes with exactly two rows through this support link without subscribing.
"A polyominoes of order 6 means you have 6 identical squares to combine different shapes (2-sided). How many combinations are there? Looking at all the shapes in the result, how many of them have only 2 rows in total?","click on the 'Go back to Results Page' link to return to the previous results page. Since contacting Pro Premium Expert Support requires a subscription, returning to the results page will allow us to explore other interpretations or refine the search again without needing a Pro account.","The current screenshot from Wolfram Alpha reiterates that the total number of polyominoes of order 6 is 60 when ignoring orientation and 35 when considering orientation. Unfortunately, it still does not specify the number of polyominoes with exactly two rows. The images provided do not offer additional details regarding the two-row configuration. Thus, the user has not made progress towards finding the specific information about two-row polyominoes."
"A polyominoes of order 6 means you have 6 identical squares to combine different shapes (2-sided). How many combinations are there? Looking at all the shapes in the result, how many of them have only 2 rows in total?","Changing URL parameters. The current URL is set for a query on polyominoes of order 6 with the phrase 'two rows', likely aimed at finding combinations of 6 squares that result in polyominoes with only two rows. To make the search more precise and focus directly on the two-row aspect, the suggested URL refines the query explicitly to 'polyominoes of order 6 with two rows'. This will potentially yield more accurate information related to shapes that fit this criterion.",Went to https://www.wolframalpha.com/input/?i=polyominoes+of+order+6+with+two+rows
"A polyominoes of order 6 means you have 6 identical squares to combine different shapes (2-sided). How many combinations are there? Looking at all the shapes in the result, how many of them have only 2 rows in total?","Changing URL parameters. The task goal is to find the number of polyominoes of order 6 that have exactly 2 rows. Given the current URL which searches for polyominoes of order 6 with two rows, it's necessary to make the search more precise. By using the query 'polyominoes of order 6 with exactly two rows', we specify that the polyominoes should only have two rows, thus aligning closely with the task requirements. This URL aims to provide results that directly address the task by ensuring that 'exactly' two rows is clearly communicated in the search query.",Went to https://www.wolframalpha.com/input/?i=polyominoes+of+order+6+with+exactly+two+rows
"A polyominoes of order 6 means you have 6 identical squares to combine different shapes (2-sided). How many combinations are there? Looking at all the shapes in the result, how many of them have only 2 rows in total?","click on the 'More interpretations: order 6 two | two rows' link. This action is optimal because it might provide further detailed interpretations or calculations about polyominoes with exactly two rows that are currently not being displayed in the main results.","The current search query resulted in a misinterpretation related to data fitting and polynomials of degree 6, unrelated to the polyominoes question. No specific information about polyominoes with exactly two rows is provided."
"A polyominoes of order 6 means you have 6 identical squares to combine different shapes (2-sided). How many combinations are there? Looking at all the shapes in the result, how many of them have only 2 rows in total?","type ""polyominoes of order 6"" into the search bar with placeholder 'Enter what you want to calculate or know about', then press Enter. This action is optimal as it might provide a broader answer, including an option to explore detailed visual or textual breakdowns that potentially show arrangements with row information.","The query returned the general information about polyominoes of order 6, indicating there are 60 distinct shapes ignoring orientation and 35 distinct shapes considering orientation. However, the result did not provide specific information or a breakdown of how many of these shapes consist of exactly two rows. There is no additional link or display section on this results page that further categorizes the polyominoes by row configurations."
"A polyominoes of order 6 means you have 6 identical squares to combine different shapes (2-sided). How many combinations are there? Looking at all the shapes in the result, how many of them have only 2 rows in total?","click on the 'Examples' link near the search bar to explore example queries related to polyominoes that might provide insights or similar calculations, possibly revealing how to specify the need for polyominoes with exactly 2 rows.","The examples page does not directly address the specific question about polyominoes with exactly two rows. It provides categories like Mathematics, where you can explore topics like Geometry for related queries. However, these examples are broad and may not lead directly to the desired specific calculation about two-row polyominoes."
"A polyominoes of order 6 means you have 6 identical squares to combine different shapes (2-sided). How many combinations are there? Looking at all the shapes in the result, how many of them have only 2 rows in total?","click on 'Geometry' under the Mathematics section. This option might contain information or examples related to geometric shapes, including polyominoes, which could provide insights or examples relevant to the query about polyominoes with exactly two rows.","The 'Geometry' page provides examples and categories related to geometric figures and transformations. However, there is no direct mention or example related to polyominoes or specifically polyominoes with two rows. The page mainly offers interactive examples for general geometric concepts without specific insights into polyomino configurations."
"A polyominoes of order 6 means you have 6 identical squares to combine different shapes (2-sided). How many combinations are there? Looking at all the shapes in the result, how many of them have only 2 rows in total?","Changing URL parameters. The given task involves querying Wolfram Alpha for information related to polyominoes of order 6 arranged specifically in two rows. By forming a query with the terms ""polyomino theory two rows order 6,"" we direct Wolfram Alpha to compute or provide theoretical insights related to these specific types of polyominoes. Since Wolfram Alpha is a computational search engine that excels in mathematics and theoretical calculations, this specific input structure is likely to yield results that include the number of such polyomino configurations or related theoretical discussions.",Went to https://www.wolframalpha.com/input/?i=polyomino+theory+two+rows+order+6
"A polyominoes of order 6 means you have 6 identical squares to combine different shapes (2-sided). How many combinations are there? Looking at all the shapes in the result, how many of them have only 2 rows in total?","type ""polyominoes of order 6 with 2 rows number"" into the search bar with placeholder 'Enter what you want to calculate or know about' and press Enter to attempt a more specific query that includes 'number' in the search string, possibly triggering a quantitative response from Wolfram Alpha's database.","The current screenshot from Wolfram Alpha maintains the interpretation of the query as related to polyominoes of order 6. It shows the total count of such polyominoes as 60, ignoring orientation, and 35 when considering orientation. However, it still does not provide any specific information regarding the number of polyominoes with exactly two rows. The displayed images do not differentiate between polyominoes with different row configurations, offering no insight into the number of two-row polyominoes."
"A polyominoes of order 6 means you have 6 identical squares to combine different shapes (2-sided). How many combinations are there? Looking at all the shapes in the result, how many of them have only 2 rows in total?",click on the 'More interpretations' link next to 'rows number' on the search results page. This might provide additional interpretations or options that specifically address the query about polyominoes with exactly two rows.,"The current screenshot shows that the query was interpreted as a search for 'rows number,' but it does not provide relevant results regarding polyominoes with exactly two rows. The page suggests options to consider 'rows' as a mathematical function or a unit, but this is unrelated to the polyominoes problem. The page does not offer any new useful information for counting the two-row polyominoes with order 6."
"A polyominoes of order 6 means you have 6 identical squares to combine different shapes (2-sided). How many combinations are there? Looking at all the shapes in the result, how many of them have only 2 rows in total?","type ""polyominoes of order 6 with two rows count"" into the search bar with placeholder 'Enter what you want to calculate or know about', then press Enter. This action is aimed at reformulating the query to explicitly request a calculation of polyominoes of order 6 that have exactly two rows, which the previous queries didn't successfully retrieve.","The current search query on Wolfram Alpha has been interpreted as seeking information on polyominoes of order 6. However, similar to previous attempts, it does not specifically address the number of polyominoes consisting of exactly two rows. The search results still do not provide the desired information about the subset with two rows, and no visual representation or numerical count for this condition is available in the output."
"A polyominoes of order 6 means you have 6 identical squares to combine different shapes (2-sided). How many combinations are there? Looking at all the shapes in the result, how many of them have only 2 rows in total?","click on the 'Give us your feedback' link at the bottom of the page. Since the current search results do not include specific details about polyominoes with exactly two rows, providing feedback might prompt Wolfram Alpha to consider refining their interpretations or directly guide to alternative resources.","The current page is the Wolfram Alpha homepage, which appears after attempting to submit feedback. The user has not made progress in finding specific information regarding polyominoes with two rows. The page does not provide new details relevant to the task."
"A polyominoes of order 6 means you have 6 identical squares to combine different shapes (2-sided). How many combinations are there? Looking at all the shapes in the result, how many of them have only 2 rows in total?","type ""polyominoes of order 6 with two rows"" into the search bar with placeholder 'Enter what you want to calculate or know about', then press Enter. This will attempt to refine the query on Wolfram Alpha to potentially receive more specific results regarding the subset of polyominoes having exactly two rows.","The query was interpreted as searching for polyominoes of order 6 in general, not specifically for those with two rows. The results displayed are the same: 60 total polyominoes ignoring orientation and 35 including orientation, with no specific information about the subset with exactly two rows. The displayed images do not clarify the number of polyominoes with exactly two rows."
"A polyominoes of order 6 means you have 6 identical squares to combine different shapes (2-sided). How many combinations are there? Looking at all the shapes in the result, how many of them have only 2 rows in total?","click on the 'Images' section to examine the displayed polyomino configurations. This action is optimal because viewing the images will allow us to visually identify which polyomino shapes consist of exactly two rows, thus aiding in manually counting them without relying solely on computational text output.","The user clicked on the 'Images' section on the Wolfram Alpha page to inspect the configurations of the polyominoes of order 6. The images display several polyomino shapes, which can be manually counted to determine how many of them consist of exactly two rows. From the images provided, the user can identify and manually count the configurations with exactly two rows to progress towards the task goal. However, the exact count of the two-row polyominoes is not automatically provided by the interface."
"A polyominoes of order 6 means you have 6 identical squares to combine different shapes (2-sided). How many combinations are there? Looking at all the shapes in the result, how many of them have only 2 rows in total?","Changing URL parameters. The task requires exploring the specific count and types of polyominoes of order 6 that configure into exactly 2 rows. The provided URL performs a general search with some ambiguity ('two | two rows'), which might not accurately interpret the need for 'exactly 2 rows'. By refining the search query to explicitly mention 'polyominoes of order 6 with exactly 2 rows', we focus the Wolfram Alpha query on the specific requirement and potentially yield more precise results.",Went to https://www.wolframalpha.com/input?i=polyominoes+of+order+6+with+exactly+2+rows
"A polyominoes of order 6 means you have 6 identical squares to combine different shapes (2-sided). How many combinations are there? Looking at all the shapes in the result, how many of them have only 2 rows in total?","click on the 'Give us your feedback' link at the bottom of the page. This action allows for providing detailed feedback or asking specific inquiries which are missing in the available search results, such as the exact number of polyominoes with two rows.","After returning to the main Wolfram Alpha page, there is no immediate progress towards identifying polyominoes with exactly two rows. The current page is a typical search input page without specialized calculations or feedback options visible directly from the screenshot. Providing feedback via the feedback link was likely intended to help refine the query or gain additional support, but the current screenshot does not illustrate that action has provided specific solutions to the user's question."
"A polyominoes of order 6 means you have 6 identical squares to combine different shapes (2-sided). How many combinations are there? Looking at all the shapes in the result, how many of them have only 2 rows in total?","Changing URL parameters. The original task is to find the number of polyominoes of order 6 that have exactly 2 rows. Wolfram Alpha is a powerful computational search engine that can handle complex mathematical queries, which can include combinatorial shapes like polyominoes. By directing the search query to explicitly ask for polyominoes of order 6 with exactly 2 rows, we are directly asking Wolfram Alpha to compute or find this specific information. This approach leverages Wolfram Alpha's capabilities to return a direct answer if it's within their database or computation possibilities.",Went to https://www.wolframalpha.com/input/?i=how+many+polyominoes+of+order+6+have+only+2+rows
"A polyominoes of order 6 means you have 6 identical squares to combine different shapes (2-sided). How many combinations are there? Looking at all the shapes in the result, how many of them have only 2 rows in total?",click on the 'Give us your feedback' link to provide feedback on the query's inability to return specific results for the number of 2-row polyominoes. This might help in highlighting the issue for future improvements or corrections to the search database.,"The user navigated to the Wolfram Alpha homepage after attempting to provide feedback on the previous results. However, no feedback mechanism was visible on this page. The task goal to find the number of polyominoes of order 6 with exactly two rows has still not been achieved, as no new query was performed after returning to this page."
"A polyominoes of order 6 means you have 6 identical squares to combine different shapes (2-sided). How many combinations are there? Looking at all the shapes in the result, how many of them have only 2 rows in total?","Changing URL parameters. The suggested URL directs you to the feedback section of Wolfram Alpha with a pre-filled query related to 'polyominoes of order 6, two rows'. This is relevant because it allows you to provide feedback directly on the topic you searched for, potentially helping highlight the issue with the current lack of specific results on this topic within their database.","Went to https://www.wolframalpha.com/feedback/?query=polyominoes%20of%20order%206,%20two%20rows"
"A polyominoes of order 6 means you have 6 identical squares to combine different shapes (2-sided). How many combinations are there? Looking at all the shapes in the result, how many of them have only 2 rows in total?","type ""polyominoes of order 6 with 2 rows"" into the search bar with placeholder 'Enter what you want to calculate or know about' and press Enter. This action is intended to further refine and specify the query on Wolfram Alpha to determine the count or visualization of polyominoes with 6 squares distributed across exactly two rows, in case previous attempts have not clearly segregated this subset in the displayed results.","The search query did not yield specific results for polyominoes of order 6 with exactly two rows. The closest interpretation shows total counts for order 6 polyominoes: 60 (1-sided) and 35 (2-sided), without breakdown by row configuration. No new images or data about the exact two-row polyominoes are displayed. This indicates no progress in finding the specific two-row subset count."
"A polyominoes of order 6 means you have 6 identical squares to combine different shapes (2-sided). How many combinations are there? Looking at all the shapes in the result, how many of them have only 2 rows in total?","Changing URL parameters. Wolfram Alpha is a computational knowledge engine that responds to specific queries. The current task is to find polyominoes of order 6 that specifically have only 2 rows. Adjusting the search query to ""polyominoes of order 6 2 rows"" might yield results specifically detailing or calculating the number of such polyominoes, as it narrows down the inquiry to a specific subset of polyominoes.",Went to https://www.wolframalpha.com/input?i=polyominoes+of+order+6+2+rows
"A polyominoes of order 6 means you have 6 identical squares to combine different shapes (2-sided). How many combinations are there? Looking at all the shapes in the result, how many of them have only 2 rows in total?","click on the '2 rows' interpretation under 'More interpretations' next to the current query to refine the search towards polyominoes specifically with exactly 2 rows. This action is optimal as it directly aligns with the distinct query for 2-row polyominoes, potentially leading to a more targeted result.","The action to refine the search by clicking on '2 rows' under 'More interpretations' resulted in a page that lacks any specific information on polyominoes or their configurations. The page interprets '2 rows' in a general sense, without addressing the query about polyominoes with exactly two rows. Instead, it focuses on unit dimensions related to 'rows,' but not in the context of polyominoes."
"A polyominoes of order 6 means you have 6 identical squares to combine different shapes (2-sided). How many combinations are there? Looking at all the shapes in the result, how many of them have only 2 rows in total?","Changing URL parameters. The task requires finding 6-celled polyominoes that specifically have exactly 2 rows. The suggested URL modifies the search query to focus on polyominoes with 6 cells arranged in 2 rows. This aligns with the task goal of identifying shapes with the specified configuration, utilizing Wolfram Alpha's ability to interpret mathematical and combinatorial queries.",Went to https://www.wolframalpha.com/input?i=6-celled+polyominoes+with+2+rows
"A polyominoes of order 6 means you have 6 identical squares to combine different shapes (2-sided). How many combinations are there? Looking at all the shapes in the result, how many of them have only 2 rows in total?","type ""number of hexominoes with exactly 2 rows"" into the search bar with placeholder 'Enter what you want to calculate or know about' to attempt a refined search query combining the known term 'hexominoes' (polyominoes of order 6) and 'exactly 2 rows' to try obtaining specific results about the two-row subset.","The current query interprets the input as asking for the total number of hexominoes (polyominoes of order 6), again providing the total as 35 when considering orientation. However, the results do not specifically address the query about how many of these hexominoes have exactly 2 rows. The same limitation observed in previous searches persists, as Wolfram Alpha does not have a built-in calculation or specific subset break down for hexominoes arranged in exactly two rows. No additional details or promising leads are found in the current results."