task,user_action_and_explanation,observation
What is the approximate Heart Rate Reserve of a 50 year old man who has a heart rate of 60bpm at rest.,Going to https://www.wolframalpha.com/,Went to https://www.wolframalpha.com/
What is the approximate Heart Rate Reserve of a 50 year old man who has a heart rate of 60bpm at rest.,"type ""Heart Rate Reserve of 50 year old man with resting heart rate 60 bpm"" into the search bar with the placeholder 'Enter what you want to calculate or know about' to find the heart rate reserve quickly.","The input provided to Wolfram Alpha did not yield the expected result for calculating Heart Rate Reserve. Instead, it interpreted the query incorrectly, relating it to population data and unit conversion, which is irrelevant to the task at hand. No useful information regarding the Heart Rate Reserve is provided in the result."
What is the approximate Heart Rate Reserve of a 50 year old man who has a heart rate of 60bpm at rest.,"type ""Heart Rate Reserve calculator with age 50 and resting heart rate 60"" into the search bar with the placeholder 'Enter what you want to calculate or know about' to directly request the calculator tool for accurate heart rate reserve results.","The query entered into Wolfram Alpha has again returned irrelevant results related to population data in Reserve, Louisiana, rather than calculating the Heart Rate Reserve. The site misinterpreted the request, failing to provide the desired calculation for a 50-year-old man's heart rate reserve with a resting heart rate of 60 bpm."
What is the approximate Heart Rate Reserve of a 50 year old man who has a heart rate of 60bpm at rest.,"type ""Heart Rate Reserve formula"" into the search bar with the placeholder 'Enter what you want to calculate or know about' to find the correct formula for Heart Rate Reserve, since previous attempts with specific data have led to irrelevant information.","The search for the ""Heart Rate Reserve formula"" led to Wolfram Alpha interpreting the query and displaying a standard calculation interface with incorrect pre-filled data: a 25-year-old male with a resting heart rate of 68 bpm. Next steps should involve adjusting these computational inputs correctly to solve for a 50-year-old with a 60 bpm resting heart rate, which currently does not match the query required for the task."
What is the approximate Heart Rate Reserve of a 50 year old man who has a heart rate of 60bpm at rest.,"type ""50"" into the age field and ""60"" into the resting heart rate field under Computational Inputs, then click 'Compute' to get the results for the correct parameters.","The age has been correctly changed to 50, but the resting heart rate is still set at 68 bpm instead of 60 bpm. You need to adjust the resting heart rate to 60 bpm to get the correct calculation. Currently, the Heart Rate Reserve displayed is based on incorrect input data."
What is the approximate Heart Rate Reserve of a 50 year old man who has a heart rate of 60bpm at rest.,"type ""60"" into the resting heart rate field under Computational Inputs and then click 'Compute' to get the correct Heart Rate Reserve for a 50-year-old man with a resting heart rate of 60 bpm, as the current input is incorrect and set at 68 bpm.","The resting heart rate has now been correctly changed to 60 bpm for the 50-year-old male input. Upon computing, the results show: maximum heart rate is 170 bpm, target heart rate range for exercise is from 128 to 153 bpm, and heart rate reserve is 110 bpm. The task has been successfully completed with the correct parameters entered."
What is the approximate Heart Rate Reserve of a 50 year old man who has a heart rate of 60bpm at rest.,Summarizing last observations,"This summary reflects the most recent observations only:

The user successfully adjusted the computational inputs for a 50-year-old male with a resting heart rate of 60 bpm on Wolfram Alpha. The computed results now correctly display the maximum heart rate as 170 bpm, the target heart rate range for exercise as 128 to 153 bpm, and the heart rate reserve as 110 bpm. This completes the task with accurate inputs and outputs.

Refer to the task history for full context."