task,user_action_and_explanation,observation
"Show the solution of y\""(z) + sin(y(z)) = 0 from wolframalpha.","Going to https://www.wolframalpha.com/""
""Wolfram Alpha","Went to https://www.wolframalpha.com/""
""Wolfram Alpha"
"Show the solution of y\""(z) + sin(y(z)) = 0 from wolframalpha.","type ""y''(z) + sin(y(z)) = 0"" into the search bar with placeholder text 'Enter what you want to calculate or know about' to find the solution on Wolfram Alpha.","The user successfully inputted the equation ""y''(z) + sin(y(z)) = 0"" into Wolfram Alpha's search bar, and the results have been displayed. Wolfram Alpha has classified this as a second-order nonlinear ordinary differential equation and provided its autonomous equation form. The solution using the Jacobi amplitude function is displayed as y(z) involving complex expressions which are shown graphically through sample plots and a sample solution family."
"Show the solution of y\""(z) + sin(y(z)) = 0 from wolframalpha.",Summarizing last observations,"The most recent observations indicate that the user successfully entered the equation ""y''(z) + sin(y(z)) = 0"" into Wolfram Alpha's search bar, leading to a detailed classification and solution display. Wolfram Alpha classified it as a second-order nonlinear ordinary differential equation. The solution involves using the Jacobi amplitude function, and the platform provides a mathematical expression for y(z) along with graphical representations of sample plots and a solution family. These results are intended to offer analytical insight and visual comprehension of the differential equation's behavior.

Current screenshots support these observations by showing the search results page from Wolfram Alpha, where the equation and its classification are visible. The differential equation solution is given explicitly, and sample plots illustrate individual and family solutions, which helps visualize the equation's wider implications.

For a complete understanding and detailed trail of actions and observations, please refer to the full task history."