task,user_action_and_explanation,observation
Compare the total Calories: whopper vs baconator vs big mac. Assume that each serving of food is 300g.,Going to https://www.wolframalpha.com/,Went to https://www.wolframalpha.com/
Compare the total Calories: whopper vs baconator vs big mac. Assume that each serving of food is 300g.,"type ""Calories in 300g Whopper, 300g Baconator, 300g Big Mac"" into the search bar with the placeholder 'Enter what you want to calculate or know about' to find a calorie comparison of the specified foods.",The search query has been entered but Wolfram Alpha hasn't provided calorie comparisons yet. It suggests specifying the type of Whopper or Big Mac for more accurate results.
Compare the total Calories: whopper vs baconator vs big mac. Assume that each serving of food is 300g.,"click ""Use Burger King Whopper, generic"" link to specify the type of Whopper for more accurate calorie information.","The action of selecting the specific type of Whopper was successful. The calorie information displayed now includes 675 Cal for a generic Burger King Whopper, 902 Cal for Wendy's Old Fashioned Baconator Burger, and 730 Cal for a McDonald's Big Mac, each for a 300g serving. This provides a clear comparison for your task."
Compare the total Calories: whopper vs baconator vs big mac. Assume that each serving of food is 300g.,Summarizing last observations,"The most recent observation shows that a comparison of the calorie content for a 300g serving of three popular fast food burgers was successfully conducted. The results display that a generic Burger King Whopper contains approximately 675 calories, Wendy's Old Fashioned Baconator Burger has 902 calories, and McDonald's Big Mac has 730 calories. Detailed nutritional content is displayed alongside each item, giving insights into other nutritional factors such as total fat, cholesterol, and protein content, as seen in the current screenshots.

This summary only reflects the latest observations and findings. For the full context and details leading to these results, refer to the task's complete history."