task,user_action_and_explanation,observation
"A 175cm tall, 85kg, 40yo man climbs 2500 steps at about 18cm per step and 40 steps per minute. summarise the Metabolic properties.",Going to https://www.wolframalpha.com/,Went to https://www.wolframalpha.com/
"A 175cm tall, 85kg, 40yo man climbs 2500 steps at about 18cm per step and 40 steps per minute. summarise the Metabolic properties.","type ""175 cm tall, 85 kg, 40yo man climbs 2500 steps at 18 cm per step and 40 steps per minute, calculate metabolic properties"" into the search bar to generate a detailed metabolic analysis based on this activity and parameters.","The user has successfully inputted the query with the desired parameters into Wolfram Alpha's search bar, but there is no output or analysis displayed on the page yet. The page seems to be static and does not show any processing results for the metabolic calculation based on the provided physical activity."
"A 175cm tall, 85kg, 40yo man climbs 2500 steps at about 18cm per step and 40 steps per minute. summarise the Metabolic properties.","click the orange ""="" button to execute the query and get the metabolic calculation results.","The query was executed by clicking the orange '=' button, but WolframAlpha was unable to process it, as indicated by the message 'Wolfram|Alpha doesn't understand your query'. Suggestions provided include rephrasing the query, using different notations, spelling checks, and formulating the query to target specific questions rather than general topics."
"A 175cm tall, 85kg, 40yo man climbs 2500 steps at about 18cm per step and 40 steps per minute. summarise the Metabolic properties.","type 'metabolic rate calculation for climbing steps 175cm 85kg 40 years' into the search bar to break down the query and focus on key metabolic calculation elements, as general phrases may confuse WolframAlpha.","The query is processed with an interpretation focused on the physical attributes: 'steps 175cm 85kg 40 years'. However, the metabolic calculation based on the activity is still not determined. It seems WolframAlpha is misinterpreting the request, focusing on demographics rather than the activity's metabolic properties."
"A 175cm tall, 85kg, 40yo man climbs 2500 steps at about 18cm per step and 40 steps per minute. summarise the Metabolic properties.",type 'calories burned climbing 2500 steps height 175cm weight 85kg age 40' into the search bar to specify the calculation for the physical activity rather than focusing solely on demographic data.,"The user's query was input into the search bar of WolframAlpha and executed, but it did not yield a calculation related to calories burned or metabolic properties from climbing the specified 2500 steps. Instead, WolframAlpha interpreted the input as focused on 'weight 85kg age 40', showing understanding of body weight and age demographics without addressing the intended calculations on stairs climbed."
"A 175cm tall, 85kg, 40yo man climbs 2500 steps at about 18cm per step and 40 steps per minute. summarise the Metabolic properties.","type 'calories burned climbing stairs 175cm height 85kg weight 2500 steps 18cm per step 40 steps per minute' into the search bar to ensure WolframAlpha processes the query focusing on the physical activity and associated metabolic calculations, specifying the step count and rate to align with expected activity analysis.","The query 'calories burned climbing stairs 175cm height 85kg weight 2500 steps 18cm per step 40 steps per minute' has been input into the WolframAlpha search bar, but the page is not displaying any results or calculations pertaining to the metabolism or calories burned from the activity specified. It appears that WolframAlpha may not understand or is unable to process the query as intended, leaving the user without the desired metabolic summary."
"A 175cm tall, 85kg, 40yo man climbs 2500 steps at about 18cm per step and 40 steps per minute. summarise the Metabolic properties.","type 'calculate calories burned climbing 2500 steps height 175 cm weight 85 kg age 40' into the search bar to try a simpler and more direct query focusing solely on calories burned, which WolframAlpha can better understand and process.","The user has entered a simplified query, 'calculate calories burned climbing 2500 steps height 175 cm weight 85 kg age 40', into WolframAlpha. However, the screen shows no visible results; the page remains empty without any computational output or results related to calories burned. This suggests that WolframAlpha is still unable to interpret the query correctly or provide the sought-after metabolic analysis for the specified activity."
"A 175cm tall, 85kg, 40yo man climbs 2500 steps at about 18cm per step and 40 steps per minute. summarise the Metabolic properties.","type 'calories burned climbing stairs 2500 steps 18 cm step 40 steps minute 175 cm tall 85 kg 40 years old' into the search bar to rephrase the query focusing on the activity context and detailed metrics including step height and rate, ensuring that WolframAlpha comprehends the required calculation specifics.","The query has been processed, but the results pertain to a general metabolic rate and energy expenditure based on physical attributes (age, weight, height) rather than the specific activity of climbing stairs. The inputs default to different values (age 27, weight 154 lbs, height 5'8""). Metabolic results specific to the activity weren't provided."
"A 175cm tall, 85kg, 40yo man climbs 2500 steps at about 18cm per step and 40 steps per minute. summarise the Metabolic properties.","Changing URL parameters. The suggested URL specifically configures the Wolfram Alpha query with assumptions for climbing speed, step height, weight, height, and age parameters. This enhances the accuracy by directly using given demographic data, closely matching the task requirement to calculate the metabolic properties related to calories burned.",Went to https://www.wolframalpha.com/input?i=calories+burned+climbing+stairs+2500+steps&assumption=%7B%22C%22%2C+%22ClimbSpeed%22%2C+%2240+steps+per+minute%22%7D+-%3E+%7B%22int%22%7D&assumption=%7B%22C%22%2C+%22ClimbHeight%22%2C+%2218+cm%22%7D+-%3E+%22int%22&assumption=%22Person%22+-%3E+%7B%22w+85kg%22%2C+%22h+175cm%22%2C+%2240+y%22%7D
"A 175cm tall, 85kg, 40yo man climbs 2500 steps at about 18cm per step and 40 steps per minute. summarise the Metabolic properties.","click the 'Show metric' button to display the metabolic properties in metric units as the default is shown in imperial units, which will help in better understanding of the results for the given metrics like energy expenditure and oxygen consumption, making it easier to correlate with the user's specified parameters.","The metabolic properties are now displayed in metric units. The energy expenditure is 2389 kJ, with an average of 0.96 kJ per step. Fat burned is approximately 0.07399 kg, and oxygen consumption is 114.2 liters, with a metabolic equivalent of 7.8. The estimated heart rate ranges from 142.7 to 192.5 bpm, with a heart rate reserve of 124 bpm."
"A 175cm tall, 85kg, 40yo man climbs 2500 steps at about 18cm per step and 40 steps per minute. summarise the Metabolic properties.",Summarizing last observations,"The most recent observations indicate that after multiple attempts to process the input query on WolframAlpha, the user has now successfully entered a refined query ""calories burned climbing stairs 2500 steps"" with additional computed parameters visible in the current screenshots. The input details processed include a step rate of 50 steps per minute, step height of 6 inches, gender male, and body weight at 185 pounds. Consequently, WolframAlpha has generated a metabolic summary:

- Energy expenditure is calculated at 2389 kJ (kilojoules).
- The average energy expenditure is 0.96 kJ/step.
- Fat burned amounts to approximately 0.07399 kg.
- Oxygen consumption is 114.2 liters.
- The metabolic equivalent is 7.8 METs (metabolic equivalents).

Additionally, the page provides comparable activities and cadences, with equivalent efforts such as 33 minutes of fast rope jumping and a cadence of 50 steps/min maintained for 2500 steps over 50 minutes.

Please refer to the complete task history for a thorough understanding and context of the steps taken to reach this result."