task,user_action_and_explanation,observation
"What is the raw memory of a 100.2\"" * 123.5\"" true colour picture at 72 ppi?",Going to https://www.wolframalpha.com/,Went to https://www.wolframalpha.com/
"What is the raw memory of a 100.2\"" * 123.5\"" true colour picture at 72 ppi?","type ""raw memory of a 100.2 inch by 123.5 inch true color picture at 72 ppi"" into the search bar and press enter. This action leverages Wolfram Alpha's computational engine to calculate the raw memory needed for a specific image size and resolution. The search bar is identified by the placeholder 'Enter what you want to calculate or know about'.","The search action on Wolfram Alpha did not return the expected result. Instead of calculating the raw memory for the specified image dimensions at 72 ppi, Wolfram Alpha interpreted the query as a search for information about a periodical titled ""Picture."" There is no relevant information regarding the raw memory calculation on the results page."
"What is the raw memory of a 100.2\"" * 123.5\"" true colour picture at 72 ppi?","type ""raw memory size of an image 100.2 x 123.5 inches at 72 dpi in true color"" in the search bar and press Enter. This action clarifies the input for Wolfram Alpha by specifying ""image"" and ""dpi"" while avoiding terms that might be misinterpreted as periodicals, leveraging the search bar with placeholder 'Enter what you want to calculate or know about'.","The search query ""raw memory size of an image 100.2 x 123.5 inches at 72 dpi in true color"" has been successfully entered into the Wolfram Alpha search bar, but the results section is currently blank, indicating that Wolfram Alpha has not yet processed or displayed a result for the query."
"What is the raw memory of a 100.2\"" * 123.5\"" true colour picture at 72 ppi?","click the 'Wolfram|Alpha' logo at the top to refresh the page. This action is optimal because the search results have not loaded properly, and refreshing the page can potentially resolve any loading issues allowing for the correct display of results.","The attempt to refresh the page led to a Wolfram Alpha Pro Premium advertisement page instead of displaying the search results. The results for the query did not load, possibly indicating a need for a premium account to access this computation."
"What is the raw memory of a 100.2\"" * 123.5\"" true colour picture at 72 ppi?","click ""Go back to Results Page"" to return to the search results and attempt to view them again. This action is optimal as it may allow you to access the search results without requiring a Pro account.","The results page for the search query is still not displaying any results; the page is blank in the results section. This suggests the issue persists, possibly due to a requirement for Pro access or a loading error."
"What is the raw memory of a 100.2\"" * 123.5\"" true colour picture at 72 ppi?",click the 'Contact Pro Premium Expert Support' link at the bottom to inquire about issues with accessing certain results. This action can provide guidance on whether the calculation requires a Pro account or if there is another issue.,"The page indicates a requirement for Wolfram Alpha Pro to access expert support and potentially resolve issues with accessing certain results. The option to subscribe to Pro Premium is highlighted, suggesting that this service is needed to handle the query."
"What is the raw memory of a 100.2\"" * 123.5\"" true colour picture at 72 ppi?","click the 'Go back to Results Page' link at the top left. This action allows you to attempt accessing the search results again after confirming that the Pro account might be necessary, which may return you to where you can re-evaluate other non-Pro accessible alternatives.","The results page is still blank for the query, despite returning to it. This suggests that the computation may not be accessible without a Pro account or there could be a technical issue on the site."
"What is the raw memory of a 100.2\"" * 123.5\"" true colour picture at 72 ppi?","click the 'Go Pro Now' button, which is highlighted in orange at the top of the page. This action is optimal because the page suggests that access to certain computational results on Wolfram Alpha may require a Pro account, as indicated by the consistent guidance towards upgrading for premium features.","The page is displaying various Wolfram Alpha Pro subscription plans, including Basic, Pro, and Pro Premium. Each plan offers different features, with Pro and Pro Premium providing enhanced computation capabilities. Access to the required computation likely necessitates upgrading to one of these premium plans."
"What is the raw memory of a 100.2\"" * 123.5\"" true colour picture at 72 ppi?",go back to return to the previous page where you attempted the search. This action is necessary to attempt solving the problem elsewhere or reevaluate the approach without subscribing to a premium plan unless deemed necessary.,"The current page shows that Wolfram Alpha has interpreted the query as an image size calculation, but it has not directly computed the raw memory size for the specified image dimensions at 72 dpi. Instead, it suggests possible pixel dimensions and formats without providing memory size details. This indicates that the query is partially understood but not fully processed to obtain the desired output. E.g., various pixel dimension options are given, which can relate to different shapes of images but there's no direct link to memory size."
"What is the raw memory of a 100.2\"" * 123.5\"" true colour picture at 72 ppi?","click the 'Compute' button next to 'pixel count: 10 megapixels' under 'Computation Inputs'. This action is optimal because it will initiate the computation process for the entered parameters, potentially generating the result needed to fulfill the task.","The page has provided basic computational inputs such as pixel count (10 megapixels), but it seems to lack comprehensive details specifying the raw memory size needed for a 100.2"" x 123.5"" true color picture at 72 ppi. The screenshot primarily shows options for inputting pixel details and indicates the requirement for more data like information about color depth. There is no direct result shown yet for the raw memory calculation based on the user's specific requirements, and the 'Compute' button was considered but not yet clicked."
"What is the raw memory of a 100.2\"" * 123.5\"" true colour picture at 72 ppi?",click the 'Compute' button under Computational Inputs. This action may trigger the calculations needed to determine the raw memory size for the specified image dimensions and resolution since the current interpretation suggests that it is needed.,"After clicking the 'Compute' button under Computational Inputs, the page indicates the interpretation of 'size image' but does not provide the calculation for the raw memory size in bytes or bits for the specific dimensions and resolution. Instead, it displays a pixel count of 10 megapixels and possible pixel dimensions in terms of aspect ratios but lacks the expected detailed raw memory computation."
"What is the raw memory of a 100.2\"" * 123.5\"" true colour picture at 72 ppi?","click the 'Compute' button next to the pixel count to initiate the calculation process on the current query input. This action is optimal because it directs Wolfram Alpha to perform the necessary computation based on the pixels entered, resulting in the required output for the task at hand.","The current input shows that the image query was interpreted with a pixel count of 10 megapixels. However, the specific computation regarding the raw memory size for the described image dimensions, resolution, and color depth is still pending initiation. The correct parameters related to this task aren't fully utilized in the 'Computational Inputs' section."
"What is the raw memory of a 100.2\"" * 123.5\"" true colour picture at 72 ppi?","click 'Compute' under the Computational Inputs section. This action is necessary to execute the calculation for the query input, as indicated by the Compute button, which is tied to the pixel count result for raw memory size.","The current page on Wolfram Alpha shows the query 'raw memory size of an image 100.2 x 123.5 inches at 72 dpi in true color', but it's only providing information on pixel dimensions and display format, not directly calculating the raw memory size. The 'Compute' button can be used to input additional parameters such as information and color depth, aspect ratio, and spatial dot density. However, this basic query hasn't yielded a direct result for the raw memory requirement. The need for more specifications or a Pro account might be necessary to obtain the detailed memory size computation."
"What is the raw memory of a 100.2\"" * 123.5\"" true colour picture at 72 ppi?","Changing URL parameters. This URL uses Wolfram Alpha to compute the raw memory size in bytes for the given image dimensions and resolution. The formula ""100.2 * 72 by 123.5 * 72 * 3"" calculates the total number of bytes required for a true color image, where each RGB pixel uses 3 bytes. This matches the task's goal of determining the raw memory size in bytes for the specified image size and resolution.",Went to https://www.wolframalpha.com/input?i=100.2+*+72+by+123.5+*+72+*+3
"What is the raw memory of a 100.2\"" * 123.5\"" true colour picture at 72 ppi?",Summarizing last observations,"Based on the most recent observations and the provided visual context, the Wolfram Alpha page now displays a calculation result for the query regarding the raw memory size of a 100.2-inch by 123.5-inch true color picture at 72 dpi. The result shown is approximately \(1.924513344 \times 10^8\). This suggests that the raw memory required for the specified image dimensions and resolution is calculated successfully, with details such as comparisons and rational form provided. However, the user might still encounter premium account prompts if additional support is needed. This summary reflects only the latest observations, and the task history should be consulted for comprehensive details about previous actions and difficulties encountered throughout the task."