task,user_action_and_explanation,observation
"What is 10,000 US dollars worth now in 1980 and in 1970? Current date is: 2025-01-04.",Going to https://www.wolframalpha.com/,Went to https://www.wolframalpha.com/
"What is 10,000 US dollars worth now in 1980 and in 1970? Current date is: 2025-01-04.",type '10000 US dollars worth now in 1980 and in 1970' into the search bar with placeholder 'Enter what you want to calculate or know about' to perform a calculation on historical currency value.,"The search query typed into Wolfram Alpha was not interpreted correctly. Instead of calculating the historical value of 10,000 US dollars in 1980 and 1970, Wolfram Alpha interpreted '1980' as a number and provided information about the number 1980 instead. The calculation for historical currency value was not performed as intended."
"What is 10,000 US dollars worth now in 1980 and in 1970? Current date is: 2025-01-04.",type 'value of 10000 USD in 1980 and 1970' into the search bar with placeholder 'Enter what you want to calculate or know about' to perform a correct calculation of historical currency value.,"Wolfram Alpha has attempted to calculate 'redemption value' using settlement and maturity dates set to January 1980 and January 1970, respectively. However, it hasn't calculated the inflation-adjusted value of $10,000 in 1980 and 1970 as intended. The settings used are more appropriate for financial securities, not for adjusting currency value for inflation."
"What is 10,000 US dollars worth now in 1980 and in 1970? Current date is: 2025-01-04.","Changing URL parameters. Wolfram Alpha is an online computation platform that can perform various calculations, including inflation adjustments. To accurately achieve the task of finding out what 10,000 US dollars is worth in 1980 and 1970, we need to specify the query to focus on inflation adjustment. By changing the input to 'inflation adjusted value of 10000 USD in 1980 and 1970', we direct Wolfram Alpha to perform an inflation-related computation for the provided amounts in those specific years.",Went to https://www.wolframalpha.com/input?i=inflation+adjusted+value+of+10000+USD+in+1980+and+1970
"What is 10,000 US dollars worth now in 1980 and in 1970? Current date is: 2025-01-04.","click on the 'More interpretations: 1970' link to refine the query and ensure the calculation for both 1980 and 1970 is performed, as it currently only shows the result for 1980.","The action to refine the query by clicking on the 'More interpretations: 1970' did not lead to the desired outcome. Instead of providing inflation-adjusted values for $10,000 in 1970, Wolfram Alpha continued to treat '1970' as a number, displaying numerical and mathematical properties of the year 1970."
"What is 10,000 US dollars worth now in 1980 and in 1970? Current date is: 2025-01-04.",type '10000 USD 1980 to 2025 inflation calculator' into the search bar with placeholder 'Enter what you want to calculate or know about' to refine the search for inflation-adjusted value accurately.,"The action to type '10000 USD 1980 to 2025 inflation calculator' into Wolfram Alpha's search bar has successfully returned a result. The calculation shows the inflation-adjusted value of $10,000 from 1980 to 2025, which is approximately $30,551.80. This provides an accurate inflation-related computation for the specified time range starting from 1980. However, the user still needs to find the inflation-adjusted value for 1970."
"What is 10,000 US dollars worth now in 1980 and in 1970? Current date is: 2025-01-04.","type '10000 USD 1970 to 2025 inflation calculator' into the search bar with placeholder 'Enter what you want to calculate or know about' to find the inflation-adjusted value from 1970 to 2025, thus completing the required information.","The action to type '10000 USD 1970 to 2025 inflation calculator' into Wolfram Alpha's search bar has successfully returned a result. The inflation-adjusted value of $10,000 from 1970 to 2025 is approximately $73,463.76. You now have the inflation-adjusted values for 1980 and 1970: $30,551.80 and $73,463.76, respectively."
"What is 10,000 US dollars worth now in 1980 and in 1970? Current date is: 2025-01-04.",Summarizing last observations,"The most recent observations indicate that the task of determining the inflation-adjusted value of $10,000 from the year 1970 to 2025 has been successfully completed using Wolfram Alpha. This query has returned an inflation-adjusted value of approximately $73,463.76 for the specified time range. This conclusion is supplemented by details visible in the current screenshot of the Wolfram Alpha interface, confirming the calculation result displayed for the years 1970 to 2025. This summary reflects only the latest observations and conclusions. For a comprehensive understanding of the task flow and the user's actions leading up to this result, it is recommended to review the entire task history."