task,user_action_and_explanation,observation
Identify the character in Unicode range 9632 to 9650 that represents a hollow parallelogram.,Going to https://www.wolframalpha.com/,Went to https://www.wolframalpha.com/
Identify the character in Unicode range 9632 to 9650 that represents a hollow parallelogram.,type 'Unicode character hollow parallelogram 9632 to 9650' into the search bar with placeholder 'Enter what you want to calculate or know about' to find the relevant Unicode character.,"The search query 'Unicode character hollow parallelogram 9632 to 9650' was entered into the WolframAlpha search bar. However, the resulting page did not display specific information about Unicode characters in the range 9632 to 9650, nor did it identify any character representing a hollow parallelogram. The page currently shows various input examples related to Unicode, ASCII, and other character encoding inquiries, which suggests that the search was not interpreted correctly for this specific task."
Identify the character in Unicode range 9632 to 9650 that represents a hollow parallelogram.,type 'Unicode 9635 to 9642' into the search bar with placeholder 'Enter what you want to calculate or know about' to narrow down and find the character within the smaller range where hollow geometric shapes are likely defined.,"The search query 'Unicode 9635 to 9642' returned a list of geometric shapes within that range on WolframAlpha. The results illustrate various shapes such as squares with different fills and crosshatches, listed with their respective Unicode values. However, none of these shapes are explicitly described as a 'hollow parallelogram.' The range displayed does not include geometric shapes typically associated with a parallelogram, indicating that the correct Unicode character may be outside this narrowed range."
Identify the character in Unicode range 9632 to 9650 that represents a hollow parallelogram.,type 'Unicode 9649 hollow parallelogram' into the search bar with placeholder 'Enter what you want to calculate or know about' to find the specific Unicode character for a hollow parallelogram in the given range.,"The current search query 'Unicode 9649 hollow parallelogram' successfully identified the Unicode character for a white parallelogram. The character U+25B1, which is described as a 'white parallelogram,' was displayed, matching the task requirement of identifying a hollow parallelogram. This character falls within the targeted Unicode range and is presented both as a symbol and with additional encoding information such as HTML and Wolfram Language representations."
Identify the character in Unicode range 9632 to 9650 that represents a hollow parallelogram.,Summarizing last observations,"The most recent observation shows that the search for 'Unicode 9649 hollow parallelogram' on WolframAlpha successfully identified the Unicode character U+25B1. This character, known as a 'white parallelogram,' matches the task requirement for a hollow parallelogram within the specified Unicode range. Additional details such as HTML encoding and Wolfram Language representation for the character are also provided. Please refer to the complete task history for full context and details."