task,user_action_and_explanation,observation
Pack 24 circles in a circle radius r. Compare Densest known packing and Square packing. Then tell me the radius of the inner circles.,Going to https://www.wolframalpha.com/,Went to https://www.wolframalpha.com/
Pack 24 circles in a circle radius r. Compare Densest known packing and Square packing. Then tell me the radius of the inner circles.,type '24 circles in a circle Densest known packing Square packing inner circles radius' into the search bar to find information on circle packing and the radii required for the task at hand. The search bar has the placeholder 'Enter what you want to calculate or know about'.,"The input provided on Wolfram Alpha was not interpreted as intended for finding information on circle packing. Instead, the tool interpreted the query as a general topic on 'packing,' leading to a result about mathematical definitions and terminology related to packing. No specific information about the densest known packing, square packing, or the radii of inner circles is provided in the result."
Pack 24 circles in a circle radius r. Compare Densest known packing and Square packing. Then tell me the radius of the inner circles.,type 'circle packing 24 circles densest square packing circle radius' into the search bar with the placeholder 'Enter what you want to calculate or know about' to refine the search results and directly target topics related to circle packing configurations and radius calculations.,"The Wolfram Alpha page shows results for circle packing with 24 circles. The densest known packing configuration has the inner circle radius as \(0.176939r\), filling 75.14% of the outer circle. The hexagonal packing configuration has a slightly smaller inner circle radius of \(0.169724r\), filling 4.08% less than the densest configuration. These results allow for comparison between the densest known packing and a hexagonal packing approach."
Pack 24 circles in a circle radius r. Compare Densest known packing and Square packing. Then tell me the radius of the inner circles.,"scroll down to view more interpretations if available, especially focusing on 'square packing' to compare it with the current results of densest known and hexagonal packings. This will help in completing the task of comparing different packing configurations.","The screenshot displays three different packing configurations for 24 circles in a circle:

1. **Densest Packing**:
   - Inner circle radius: \(0.176939r\)
   - Filled fraction: 75.14%
   
2. **Hexagonal Packing**:
   - Inner circle radius: \(0.169724r\)
   - Filled fraction: 69.14%
   
3. **Square Packing**:
   - Inner circle radius: \(0.163961r\)
   - Filled fraction: 64.52%

These values indicate the efficiency of space utilization, with the densest packing achieving the highest filled fraction and largest inner circle radius."
Pack 24 circles in a circle radius r. Compare Densest known packing and Square packing. Then tell me the radius of the inner circles.,Summarizing last observations,"The most recent observations from the Wolfram Alpha search results provide detailed information on the different packing configurations for 24 circles within a larger circle. For the **densest packing**, the radius of each inner circle is calculated to be \(0.176939r\) with a filled fraction of 75.14%. The **hexagonal packing** shows a slightly smaller radius of \(0.169724r\), achieving a filled fraction of 69.14%. Lastly, **square packing** yields an inner circle radius of \(0.163961r\) with a filled fraction of 64.52%. These results clearly illustrate the varying efficiency of each packing method, with the densest packing providing the most effective use of space. Note that this summary reflects only the latest observations. For full context and details, please refer to the complete task history."