task,user_action_and_explanation,observation
Simplify x^5-20x^4+163x^3-676x^2+1424x-1209 so that it has fewer items.,Going to https://www.wolframalpha.com/,Went to https://www.wolframalpha.com/
Simplify x^5-20x^4+163x^3-676x^2+1424x-1209 so that it has fewer items.,"type ""x^5-20x^4+163x^3-676x^2+1424x-1209 factor"" in the search bar with placeholder 'Enter what you want to calculate or know about' to simplify the expression.","The expression \(x^5-20x^4+163x^3-676x^2+1424x-1209\) is factored over the complex numbers, shown as roots in the screenshot. A factorization in a specific field (GF(2)) is also provided: \(x^5 + x^3 + 1\)."
Simplify x^5-20x^4+163x^3-676x^2+1424x-1209 so that it has fewer items.,click 'Download Page' to save the factorization results for further review and reference offline.,"The user attempted to download the page with factorization results, but the page indicates that the 'Download Page' option is not clickable for non-Pro users. It appears that downloading results requires a Wolfram|Alpha Pro subscription, as suggested by the 'Go Pro Now' prompt that overlays the area where download interactions are usually executed."
Simplify x^5-20x^4+163x^3-676x^2+1424x-1209 so that it has fewer items.,"scroll down to explore any additional options or details related to the solution that could be visible beyond the current view, as further information might be available below the visible window.","The screenshot displays the factorization of the polynomial \(x^5 - 20x^4 + 163x^3 - 676x^2 + 1424x - 1209\) over the complex numbers. The expression is shown as roots in terms of complex numbers. Additionally, there is a factorization over finite fields, specifically GF(2), resulting in \(x^5 + x^3 + 1\). No additional options related to simplification are visible below the current view."
Simplify x^5-20x^4+163x^3-676x^2+1424x-1209 so that it has fewer items.,Summarizing last observations,"Based on the most recent observations, the polynomial \(x^5 - 20x^4 + 163x^3 - 676x^2 + 1424x - 1209\) was factorized using Wolfram Alpha. The factorization results over the complex numbers present the roots of the polynomial, displayed in terms of complex numbers. Additionally, a factorization over finite fields (GF(2)) shows the polynomial as \(x^5 + x^3 + 1\). The user attempted to download these factorization results for offline use but was unsuccessful due to the feature being restricted to Pro users only. Current screenshots show the factorization details, possible additional related queries, and the Pro subscription prompt. This summary reflects only the latest observations, and it is advisable to refer to the task history for full context and details."