task,user_action_and_explanation,observation
Standing in the sun from 11:00 am with SPF 5 in Australia. Approximate time to sunburn for each skin type.,Going to https://www.wolframalpha.com/,Went to https://www.wolframalpha.com/
Standing in the sun from 11:00 am with SPF 5 in Australia. Approximate time to sunburn for each skin type.,"type ""standing in the sun from 11:00 am with SPF 5 in Australia time to sunburn for each skin type"" into the search bar with the placeholder 'Enter what you want to calculate or know about'. This action is optimal to directly query WolframAlpha for the calculation needed to determine sunburn time based on the specific scenario given.","The user has entered the query into the Wolfram Alpha search bar, but the page has not yet executed the search or presented any results. The page currently shows the query text typed by the user but no calculated information or results regarding sunburn time for each skin type."
Standing in the sun from 11:00 am with SPF 5 in Australia. Approximate time to sunburn for each skin type.,click the orange search button with the magnifying glass icon to execute the search query and obtain results for the sunburn time calculation.,"The user successfully executed the search query, and Wolfram Alpha processed the request. However, the resulting information is not accurate for the user's task on several counts. The location is set to San Jose, California instead of Australia, and the start time is displayed as 7:36 pm PST on January 3, 2025, instead of 11:00 am. Moreover, even with the current displayed parameters, the results show unlikely sunburn for all skin types across different SPF levels. These results are not helpful for determining sunburn times in Australia with SPF 5 during the daytime."
Standing in the sun from 11:00 am with SPF 5 in Australia. Approximate time to sunburn for each skin type.,"click the location field currently set to 'San Jose, California, United States' to change it to 'Australia' in order to obtain accurate sun exposure data for the specified region and time.","The webpage still shows the location as 'San Jose, California, United States' and the start time as '7:36 pm PST'. The user needs to update the location to 'Australia' and correct the start time to '11:00 am' to obtain accurate results. The input fields for these changes are visible and can be modified directly."
Standing in the sun from 11:00 am with SPF 5 in Australia. Approximate time to sunburn for each skin type.,"click the 'San Jose, California, United States' location field to modify it to 'Australia' for accurate sun exposure data based on the correct region.","The user attempted to change the location setting but the webpage still shows the location as 'San Jose, California, United States'. The start time remains incorrect as well, listed as '7:36 pm PST'. The current inputs do not reflect the intended data of 'Australia' and a start time of '11:00 am'. Therefore, the calculation for sunburn time is not yet altered and remains inaccurate for the user's current task. Available input fields for updating the location and time appear unchanged or unedited."
Standing in the sun from 11:00 am with SPF 5 in Australia. Approximate time to sunburn for each skin type.,"click the 'San Jose, California, United States' location field in the 'Computational Inputs' section to enable editing and type 'Australia' to correct the location for accurate sun exposure data.","The user attempted to modify the location to 'Australia', but the location in the 'Computational Inputs' section still shows 'San Jose, California, United States'. The start time is also unchanged, still reading '7:36 pm PST'. The sunburn calculation results have not been updated with the correct inputs, and therefore, the results remain inaccurate for 'Australia' at '11:00 am' with an SPF of 5. The user needs to successfully update both the location and the start time fields to receive relevant results."
Standing in the sun from 11:00 am with SPF 5 in Australia. Approximate time to sunburn for each skin type.,"click on the 'San Jose, California, United States' location field under 'Computational Inputs' to enable editing and type 'Australia' to update the location for accurate sun exposure data.","The location field under 'Computational Inputs' still displays 'San Jose, California, United States' instead of 'Australia', meaning the user was unable to update the location as intended. The start time remains incorrect at '7:36 pm PST' as well. Because these fields have not been updated, the sunburn times shown are not applicable to the user's task, which involves standing in the sun at 11:00 am in Australia with SPF 5. The user needs to successfully change both the location to 'Australia' and the start time to '11:00 am' to receive accurate results."
Standing in the sun from 11:00 am with SPF 5 in Australia. Approximate time to sunburn for each skin type.,"type 'Australia' into the 'location' input field currently displaying 'San Jose, California, United States' to update the location for accurate results based on the correct geographical area.","The user successfully entered 'Australia' into the location input field under 'Computational Inputs'. However, the location in the section below remains 'San Jose, California, United States', and the results are still based on that location. The start time is still incorrectly set at '7:36 pm PST'. Thus, the computation results have not updated correctly to reflect the inputs of 'Australia' at '11:00 am'. The existing sunburn time predictions do not pertain to the user's task conditions, which involve standing in the sun with SPF 5 at 11:00 am in Australia. Further action is needed to ensure changes to both the location and start time are applied properly to the results section."
Standing in the sun from 11:00 am with SPF 5 in Australia. Approximate time to sunburn for each skin type.,"type 'Sydney, Australia' into the location field where 'San Jose, California, United States' is displayed to ensure the calculation for sunburn time uses the correct geographical location, as this is crucial for accurate solar exposure data.","The location field has been updated to 'Sydney, Australia'. However, the start time is still incorrect, set to '7:36 pm PST', and the previous results are showing incorrect data. The user needs to update the start time to '11:00 am' for accurate calculations on sunburn times while standing in the sun in Australia with SPF 5. Currently, the sunburn results are showing 'sunburn unlikely' across all skin types and SPF levels, which is not applicable."
Standing in the sun from 11:00 am with SPF 5 in Australia. Approximate time to sunburn for each skin type.,"Changing URL parameters. The original URL lacks a clear query structure suitable for computational entry, but the context suggests querying sunburn time with specifics involving time, SPF, location, and skin type. WolframAlpha is a computational engine that can perform calculations related to sun exposure times given specific inputs. By rephrasing the query in simpler terms related to sun exposure starting at 11:00 am with SPF 5 in Australia, the engine is more likely to produce relevant results for each skin type's sunburn time. This query optimizes the chance of receiving accurate computational results.",Went to https://www.wolframalpha.com/input?i=sun+exposure+11+am+with+SPF+5+Australia+sunburn+time+for+skin+types
Standing in the sun from 11:00 am with SPF 5 in Australia. Approximate time to sunburn for each skin type.,"type 'Australia' in the location input field that is currently displaying 'San Jose, California, United States' to update the location for accurate sun exposure calculations in the correct region.","The user successfully changed the location to 'Australia' in the 'Computational Inputs' section as evidenced by the current displayed location. However, although some progress was made, the start time still does not reflect '11:00 am' as intended. Instead, it remains at '3 Jan 2025'. To proceed and potentially generate more accurate results, the user should correct the start time to '11:00 am'. Currently, the calculation inputs are partially correct for the user's task."
Standing in the sun from 11:00 am with SPF 5 in Australia. Approximate time to sunburn for each skin type.,type '11:00 am' into the start time field in the 'Computational Inputs' section to set the correct time of day for accurate sun exposure calculations in Australia.,"The user has successfully updated the location to 'Australia' and the start time to '11:00 am' in the 'Computational Inputs' section. However, a message indicates that the standard computation time has been exceeded. The results are not displayed, and a prompt suggests trying again with Pro computation time."
Standing in the sun from 11:00 am with SPF 5 in Australia. Approximate time to sunburn for each skin type.,"click the ""Compute"" button, which is orange and located below the input fields for location and start time. This action is optimal as the location is already set to 'Australia' and the time is set to '11:00 am', and clicking 'Compute' will process these inputs to calculate the sunburn time accurately for each skin type with SPF 5.","The user successfully updated the location to 'Australia' and the start time to '11:00 am' in the computational inputs. After clicking the 'Compute' button, Wolfram Alpha processed these inputs and provided the sunburn time results for various skin types without any sunscreen and with different SPF levels. For skin type I and SPF 5, the time to sunburn is approximately 2.5 hours. Similar calculations are provided for other skin types and SPF levels."
Standing in the sun from 11:00 am with SPF 5 in Australia. Approximate time to sunburn for each skin type.,Summarizing last observations,"This summary reflects the most recent observations only. The user successfully corrected the location to 'Australia' and set the start time to '11:00 am' in the Wolfram Alpha interface. The results now show approximate time to sunburn for different skin types and SPF levels specifically for the scenario described:

- **Skin Type I**: 14 minutes without sunscreen, 2.5 hours with SPF 15 (higher SPFs show unlikely sunburn).
- **Skin Type II**: 17 minutes without sunscreen, 3.5 hours with SPF 15.
- **Skin Type III**: 23 minutes without sunscreen, 5 hours with SPF 15.
- **Skin Type IV**: 29 minutes without sunscreen (with higher SPFs, sunburn is unlikely).
- **Skin Types V and VI**: 38 minutes and 59 minutes without sunscreen, respectively, with higher SPFs indicating unlikely sunburn.

The sunscreen advisory indicates a very high exposure category, recommending SPF 15+ and sun protection measures. For complete details, refer to the full task history."