task,user_action_and_explanation,observation
Calculate the estimated time to sunburn for different skin types when exposed to the sun at 1:00 pm with SPF 1 in Brazil.,Going to https://www.wolframalpha.com/,Went to https://www.wolframalpha.com/
Calculate the estimated time to sunburn for different skin types when exposed to the sun at 1:00 pm with SPF 1 in Brazil.,"type ""estimated sunburn time for skin types at 1:00 pm with SPF 1 in Brazil"" into the search bar to find precise calculations for the task using Wolfram Alpha's computational capabilities. The search bar's placeholder text is 'Enter what you want to calculate or know about'.","The user has entered a search query in Wolfram Alpha, but the page currently does not display any results. The system is interpreting the input as 'sunburn time', but specific results or computations are not visible on the screen. This could indicate a delay in response or that Wolfram Alpha cannot directly compute the input as requested without further specifications or adjustments."
Calculate the estimated time to sunburn for different skin types when exposed to the sun at 1:00 pm with SPF 1 in Brazil.,"refine the search query by typing 'UV index in Brazil at 1:00 pm' in the search bar to obtain the UV exposure information, which may help in calculating sunburn times more accurately. The search bar's placeholder text is 'Enter what you want to calculate or know about'.","The search query for 'UV index in Brazil at 1:00 pm' returned results, but it appears that Wolfram Alpha mistakenly interpreted 'Brazil' as 'El Brazil, Texas', providing a UV index of 2 for this location instead. The typical time to sunburn given the UV index in El Brazil, Texas is 2 hours for skin type I and 3 hours for skin type II, with other types unlikely to burn. This information is incorrect for the user's task since it's not specific to Brazil's UV exposure conditions. The country name needs to be clarified in the search to accurately reflect Brazil, the country, and get relevant data."
Calculate the estimated time to sunburn for different skin types when exposed to the sun at 1:00 pm with SPF 1 in Brazil.,"click on 'Use as a country instead' link to refine the search to Brazil as a country, which will provide accurate UV index data for Brazil.","The user clicked on 'Use as a country instead' which correctly refines the search query to treat 'Brazil' as a country. The page now acknowledges 'Brazil' as a country for the query. However, the UV index or related data needed to calculate estimated sunburn time has not been displayed yet. Recommendations for adjusting search terms or strategies are being shown instead, indicating that additional input or a different phrasing might be necessary."
Calculate the estimated time to sunburn for different skin types when exposed to the sun at 1:00 pm with SPF 1 in Brazil.,"type 'current UV index in Brasília, Brazil at 1:00 pm' into the search bar. Focusing on a specific city like Brasília should help Wolfram Alpha provide accurate UV index data relevant to the task, as general queries for the entire country may not yield precise results. The search bar's placeholder text is 'Enter what you want to calculate or know about'.","The search query successfully retrieved the UV index for Brasília, Brazil at 1:00 pm, which is 12. This data is critical for accurately calculating the sunburn time for various skin types. The screen shows that for skin type I, the time to sunburn is 12 minutes; for type II, it's 15 minutes; for type III, 21 minutes; type IV, 28 minutes; type V, 39 minutes; and type VI, 1 hour and 11 minutes. This provides all the necessary details required to determine estimated sunburn times for different skin types with SPF 1 protection."
Calculate the estimated time to sunburn for different skin types when exposed to the sun at 1:00 pm with SPF 1 in Brazil.,Summarizing last observations,"The most recent observations reveal that a search for 'current UV index in Brasília, Brazil at 1:00 pm' successfully provided the UV index of 12. Based on this UV index, the estimated time to sunburn for various skin types with SPF 1 protection is as follows:

- Skin type I: 12 minutes
- Skin type II: 15 minutes
- Skin type III: 21 minutes
- Skin type IV: 28 minutes
- Skin type V: 39 minutes
- Skin type VI: 1 hour and 11 minutes

These results are critical for calculating exposure times specific to Brasília, Brazil. This summary reflects the latest observations; refer to the full task history for complete context and evolution of the task."