task,user_action_and_explanation,observation
"Find two different meanings of the word \""harmony\"" in the Cambridge Dictionary.",Going to https://dictionary.cambridge.org/,Went to https://dictionary.cambridge.org/
"Find two different meanings of the word \""harmony\"" in the Cambridge Dictionary.","type ""harmony"" in the search bar with placeholder text 'Search English-Chinese (Traditional)' to find its definitions in the Cambridge Dictionary.","The user has successfully found two different meanings of the word ""harmony"" in the Cambridge Dictionary. The first meaning, categorized under music (C2 level), is ""a pleasant musical sound made by different notes being played or sung at the same time."" The second meaning, related to social interactions (B2 level), is ""a situation in which people are peaceful and agree with each other, or when things seem right or suitable together."""
"Find two different meanings of the word \""harmony\"" in the Cambridge Dictionary.",Summarizing last observations,"This summary reflects only the most recent observations. The user successfully found two meanings for ""harmony"" in the Cambridge Dictionary. The first definition relates to music (C2 level): ""a pleasant musical sound made by different notes being played or sung at the same time."" The second definition pertains to social interactions (B2 level): ""a situation in which people are peaceful and agree with each other, or when things seem right or suitable together."" 

For full context and details, refer to the complete task history."