task,user_action_and_explanation,observation
Try a Cambridge Dictionary translation and tell me which company provided the translation.,Going to https://dictionary.cambridge.org/,Went to https://dictionary.cambridge.org/
Try a Cambridge Dictionary translation and tell me which company provided the translation.,click on the 'Translate' menu entry at the top of the page to access the translation features and locate which company provides the translation service.,"The translation page is displayed, but there is no visible information about which company provides the translation service. The page allows users to select languages for translation; however, there is no indicator of the translation provider."
Try a Cambridge Dictionary translation and tell me which company provided the translation.,"scroll down to check for any footer or page links that might provide information about the translation provider, as these details are often included in the site's terms or footer area that might be out of the immediate view.","The current screenshot displays options for various language translations, but there is still no visible information about the company providing the translation service on the page. The section titled 'Translation Dictionaries' includes references to 'Password and Global dictionaries from K Dictionaries', which may indicate a possible collaboration with K Dictionaries for these features. However, the company explicitly responsible for the translation service itself is not mentioned."
Try a Cambridge Dictionary translation and tell me which company provided the translation.,"scroll to the very bottom of the page to check the footer area, as it might contain legal or about sections that typically include information about service providers, which could confirm if any company like K Dictionaries is indeed responsible for the translation services.","The attempt to find information about the company providing translation services in the footer has not been successful. The footer visible in the current screenshot does not appear to contain specifics about the translation service provider. The section about 'Translation Dictionaries' hinting at 'Password and Global dictionaries from K Dictionaries' might suggest a collaboration, but this is not confirmed in the visible footer section. Thus, the exact company responsible for the translation service remains unclear."
Try a Cambridge Dictionary translation and tell me which company provided the translation.,"Changing URL parameters. The task requires checking who provides translations for the Cambridge Dictionary. The provided URL is for translation services. To find out the company behind the translations, I have navigated to the 'partners' section, where service providers and partnerships are typically listed.",Went to https://dictionary.cambridge.org/translate/partners/
Try a Cambridge Dictionary translation and tell me which company provided the translation.,"scroll down to look for information about the translation provider, as it might be located further down the page under the translator input section or related information area.","The screenshot shows a section titled 'Translation Dictionaries' which includes a mention of 'Password and Global dictionaries from K Dictionaries'. This suggests that K Dictionaries may be involved in providing some translation services, but the screenshot does not explicitly confirm that they are responsible for the overall translation service on the Cambridge Dictionary website. The exact company providing the translations is not clearly identified in the visual context provided."
Try a Cambridge Dictionary translation and tell me which company provided the translation.,"Changing URL parameters. The task is to find out which company provided the translation service on the Cambridge Dictionary website. The current URL is the main page for translations. By navigating to a section like 'sources' or 'about translations' (often accessible from the translate section), you can find detailed information on translation sources and providers. This section is likely to list companies or contributors responsible for the translations, thus answering the task question.",Went to https://dictionary.cambridge.org/translate/sources/
Try a Cambridge Dictionary translation and tell me which company provided the translation.,"click on any language under 'Choose other languages' section to access more detailed translation features, as this might provide additional insights or attribution regarding the translation service provider on subsequent pages.","The current screenshot displays the English-Spanish translator interface, allowing users to enter text and select languages for translation. There is no specific information visible on this page about which company provides the translation service. While previous references to 'K Dictionaries' were noted, the exact provider for the translation service is not explicitly identified in this screenshot."
Try a Cambridge Dictionary translation and tell me which company provided the translation.,"scroll to view more of the page, particularly below the current visible area, as additional information about the translation provider may be present further down, potentially in a section not yet visible onscreen.","The page mentions 'Password and Global dictionaries from K Dictionaries' under the 'Translation Dictionaries' section. This suggests that K Dictionaries is involved in providing some translation services for the Cambridge Dictionary. However, it does not definitively confirm that they are the sole provider for the translation service on the site."
Try a Cambridge Dictionary translation and tell me which company provided the translation.,"Changing URL parameters. This URL directs you to a page listing various translation keywords and dictionaries available on the Cambridge Dictionary site. By navigating here, you might find additional details and possibly the companies or partners involved in providing translation services, as stated in the task.",Went to https://dictionary.cambridge.org/us/translation/keywords/
Try a Cambridge Dictionary translation and tell me which company provided the translation.,click on the 'Translate' menu entry at the top of the page to navigate back to the translation section since the current URL is a 404 error page and to continue searching for the translation provider information.,"The current page has navigated back to the translate section, displaying translation options and available languages. However, there is still no clear information about which company provides the translation service. No additional footer or source information is visible that might indicate the responsible company."
Try a Cambridge Dictionary translation and tell me which company provided the translation.,"scroll further down to ensure all potential sections are visible, as critical information regarding the translation provider might be located at the very bottom of the page or in other sections not fully visible in the current screenshot.","The current screenshot shows sections for both 'Translation Dictionaries' and 'English definitions'. In the 'Translation Dictionaries' section, it mentions the use of 'Password and Global dictionaries from K Dictionaries'. This suggests that K Dictionaries may play a role in providing the dictionary content or translation functionality but does not explicitly confirm who provides the overall translation service on the website."
Try a Cambridge Dictionary translation and tell me which company provided the translation.,"Changing URL parameters. To accomplish the task of identifying which company provides translation services on the Cambridge Dictionary platform, it is useful to explore a specific translation page. On such pages, there is often additional information available about the translation process or tools involved, such as pop-ups, footers, or notes about the data providers. This URL directs to the Spanish-English translation service of the site, which is a commonly used translation pair and likely includes details about the translation service provider.",Went to https://dictionary.cambridge.org/us/translate/spanish-english/
Try a Cambridge Dictionary translation and tell me which company provided the translation.,"type 'test' into the 'Enter text here' input box to try the translation feature and see if the resulting translation or its settings might reveal information about the provider, such as a logo or a mention of a company's name.","The screenshot shows the Spanish-English translation page with text input for 'test'. However, there is no additional information revealed about the company providing the translation service as there is no logo or mention of a translation provider visible. The page mainly focuses on translation input and selecting source and target languages. The lack of specific information regarding the translation provider suggests the attempt to identify the company responsible for translations has not been successful through this method."
Try a Cambridge Dictionary translation and tell me which company provided the translation.,"click on the 'Privacy Policy' link underneath the translation input area, as privacy policies often disclose third-party services or partnerships involved in the site's offerings, which might reveal the company behind the translation services.","The current screenshot shows the Privacy Policy page for Cambridge Dictionary. However, it primarily discusses data collection, usage, and privacy controls. It does not provide information or confirmation about which company provides the translation services. The task to find the translation provider remains unresolved based on this page."
Try a Cambridge Dictionary translation and tell me which company provided the translation.,"scroll further down to check if there is any specific mention of translation providers, as this section is mostly about privacy policy details from Google, and might not include the information needed about translation services.","The current screenshot displays Google's Privacy Policy, with sections about data collection and privacy practices, but it does not mention anything about translation service providers for the Cambridge Dictionary. The information about translation providers is still unclear from this page."
Try a Cambridge Dictionary translation and tell me which company provided the translation.,go back to the previous page since the current page does not contain any relevant information about the translation service provider on Cambridge Dictionary. The page shows a Google Privacy Policy instead.,"The current screenshot is from the Spanish-English Translator page on the Cambridge Dictionary website. It shows the translation interface and lists various language options for translation. However, it does not provide any information about which company provides the translation services. The only company-related note is about Google Privacy Policy and Terms of Service at the bottom concerning reCAPTCHA protection. The goal of identifying the translation service provider remains unmet based on the available information."
Try a Cambridge Dictionary translation and tell me which company provided the translation.,click on the 'Translate' button next to the text entry field where the word 'test' is typed to initiate a translation and observe the process or any metadata about the translation service that might reveal the company providing it.,"The captcha verification window is displayed, which is a step before performing the translation. The action of clicking the 'Translate' button has not resulted in any translation output, as the captcha must be completed first. Additionally, there is no information in the visible part of the page about which company provides the translation service, and the current observation does not answer the task question."
Try a Cambridge Dictionary translation and tell me which company provided the translation.,"type into the 'Search Spanish–English' text input, which is located at the top left of the page, to test the translation feature. This action will help in determining the translation provider through the possibly appearing translation details or metadata during the process.","The current screenshot reveals that the translations are provided by K Dictionaries, as indicated by the line 'Translation of test from the GLOBAL Spanish-English Dictionary © 2021 K Dictionaries Ltd' at the bottom of the translation result for 'test'. This confirms that K Dictionaries is responsible for the translations on the Cambridge Dictionary website for Spanish-English entries."
Try a Cambridge Dictionary translation and tell me which company provided the translation.,Summarizing last observations,"The most recent observations indicate that translations in the Cambridge Dictionary are associated with ""K Dictionaries,"" as mentioned in the ""Translation Dictionaries"" section for both the GLOBAL and PASSWORD Spanish-English Dictionaries. However, the screenshots do not explicitly confirm if K Dictionaries is solely responsible for all translation services on the site. This summary only reflects the latest observations; for complete context, review the entire task history."