task,user_action_and_explanation,observation
"Learn the UK and US pronunciation of the word procrastination, and find one example sentence that reflects its use in context.",Going to https://dictionary.cambridge.org/,Went to https://dictionary.cambridge.org/
"Learn the UK and US pronunciation of the word procrastination, and find one example sentence that reflects its use in context.",type 'procrastination' into the search bar labeled 'Search English-Chinese (Traditional)' to find the pronunciation and example sentence for the word.,"The user successfully found the UK and US pronunciations for the word 'procrastination' on the Cambridge Dictionary page. The UK pronunciation is /prəʊˌkræs.tɪˈneɪ.ʃən/ and the US pronunciation is /proʊˌkræs.tɪˈneɪ.ʃən/. An example sentence reflecting its use is: ""This is no time for procrastination - we need decisive action."" The webpage provides additional example sentences from various sources to understand the context of usage."
"Learn the UK and US pronunciation of the word procrastination, and find one example sentence that reflects its use in context.",Summarizing last observations,"The most recent observations from the user's activity on the Cambridge Dictionary website indicate that they have successfully located the pronunciation and an example of the word ""procrastination"". The UK pronunciation is /prəʊˌkræs.tɪˈneɪ.ʃən/ and the US pronunciation is /proʊˌkræs.tɪˈneɪ.ʃən/. An example sentence provided is: ""This is no time for procrastination - we need decisive action."" 

The screenshots confirm this information while also displaying additional example sentences that demonstrate the word in different contexts. It also highlights translations of ""procrastination"" in various languages such as Chinese, Spanish, and Portuguese, and provides access to pronunciation audio clips to aid understanding. This summary only reflects the latest observations and for a comprehensive understanding, one should refer to the full task history."