task,user_action_and_explanation,observation
"Use Cambridge Dictionary to understand the use of articles ('a', 'an', 'the') in English Grammar, including examples of usage with both countable and uncountable nouns.",Going to https://dictionary.cambridge.org/,Went to https://dictionary.cambridge.org/
"Use Cambridge Dictionary to understand the use of articles ('a', 'an', 'the') in English Grammar, including examples of usage with both countable and uncountable nouns.","click ""Grammar"" to find information about the use of articles in English grammar, as it likely contains relevant resources and examples.","You are on the Grammar section of the Cambridge Dictionary website. There is an option to browse English Grammar topics. To find information on articles ('a', 'an', 'the'), you might want to select the 'Nouns, pronouns and determiners' section, as articles fall under determiners."
"Use Cambridge Dictionary to understand the use of articles ('a', 'an', 'the') in English Grammar, including examples of usage with both countable and uncountable nouns.","click ""Nouns, pronouns and determiners"" to explore sections related to articles, as they are a type of determiner.","The user is on the 'Nouns, pronouns and determiners' section of the Cambridge Dictionary website. This section provides introductory information about nouns, pronouns, and determiners, mentioning that determiners specify the kind of reference a noun has. Common determiners listed include 'the,' 'those,' 'my,' 'her,' 'both,' 'all,' 'several,' and 'no.' There is a list of subtopics below, including an option to explore 'Determiners,' which is likely to contain detailed information on articles ('a', 'an', 'the') used in English grammar."
"Use Cambridge Dictionary to understand the use of articles ('a', 'an', 'the') in English Grammar, including examples of usage with both countable and uncountable nouns.","click ""Determiners"" to find specific information on articles ('a', 'an', 'the'), as they are a subset of determiners used to specify nouns.","The user is on the Cambridge Dictionary page for 'Determiners'. This page offers a list of different types of determiners listed at the top of the page, including 'Articles: a, an, the'. There is a clickable topic labeled 'A/an and the', which likely leads to detailed information on articles and examples of their use with countable and uncountable nouns."
"Use Cambridge Dictionary to understand the use of articles ('a', 'an', 'the') in English Grammar, including examples of usage with both countable and uncountable nouns.","click ""A/an and the"" to access detailed information and examples on the use of articles, including their application with countable and uncountable nouns.","The Cambridge Dictionary page provides a detailed explanation of the articles 'a', 'an', and 'the'. It describes 'a' and 'an' as indefinite articles used when something is not already known to the speaker or listener, and 'the' as the definite article used when the noun being referred to is known. Examples are provided to illustrate the usage, including with both countable nouns ('a car', 'an apartment') and explanations on making nouns specific versus non-specific. The page further explains when to use 'a' versus 'an' based on the initial sound of the following word."
"Use Cambridge Dictionary to understand the use of articles ('a', 'an', 'the') in English Grammar, including examples of usage with both countable and uncountable nouns.",Summarizing last observations,"The most recent observations indicate that the user has successfully navigated to the Cambridge Dictionary page covering ""A/an and the"". This page provides detailed information on the use of articles in English grammar, specifically focusing on 'a', 'an', and 'the'. It explains that 'a' and 'an' are indefinite articles used for non-specific references, while 'the' is a definite article used for specific references. Examples illustrate the usage with both countable and uncountable nouns, highlighting when to use each article based on specificity and the noun's countability status. The explanation includes scenarios for choosing 'a' or 'an' based on the initial sounds of the following word and discusses the pronunciation of 'the' before vowels and consonants. Moreover, the screenshots supplement the observations by showing examples and further explanations like general versus specific noun uses and clarifying exceptions in sound-based article usage. For full context and additional information on the navigation steps leading to this detailed explanation, refer to the complete task history."