task,user_action_and_explanation,observation
"Find three different meanings of \""dog\"" in Cambridge Dictionary.",Going to https://dictionary.cambridge.org/,Went to https://dictionary.cambridge.org/
"Find three different meanings of \""dog\"" in Cambridge Dictionary.","type 'dog' into the search bar with placeholder text 'Search English—Chinese (Traditional)' to find the definitions of the word ""dog"".","The search for 'dog' in the Cambridge Dictionary was successful. Three meanings of 'dog' are visible on the page: 1) 'A common animal with four legs, especially kept by people as a pet or to hunt or guard things' (an animal). 2) 'A man who is unpleasant or not to be trusted' (slang for a person). 3) 'An offensive word for an ugly person, especially a woman' (offensive, referring to a person)."
"Find three different meanings of \""dog\"" in Cambridge Dictionary.",Summarizing last observations,"The most recent observations indicate that the search for ""dog"" in the Cambridge Dictionary returned the following meanings:

1. As a noun (animal): ""A common animal with four legs, especially kept by people as a pet or to hunt or guard things.""
2. As a noun (person, slang): ""A man who is unpleasant or not to be trusted.""
3. As a noun (offensive): ""An offensive word for an ugly person, especially a woman.""
4. As a verb (follow): ""To follow someone closely and continuously.""
5. As a verb (problem): ""To cause difficulties.""

For full context and further details, please refer to the complete task history."