task,user_action_and_explanation,observation
"Find one word, one phase and one idiom related to euphoria in Cambridge Dictionary.",Going to https://dictionary.cambridge.org/,Went to https://dictionary.cambridge.org/
"Find one word, one phase and one idiom related to euphoria in Cambridge Dictionary.",type 'euphoria' into the search bar with the placeholder 'Search English–Chinese (Traditional)' to find related words and phrases.,"The search for ""euphoria"" has successfully returned results. The definition of ""euphoria"" is displayed as ""extreme happiness, sometimes more than is reasonable in a particular situation."" There is one phrase example provided: ""They were in a state of euphoria for days after they won the prize,"" which uses the word ""state"" with ""euphoria."" However, no idiom related to ""euphoria"" is explicitly listed on this page. The user may need to explore further resources or sections for idiomatic expressions related to euphoria."
"Find one word, one phase and one idiom related to euphoria in Cambridge Dictionary.",scroll down to see if there is a section for idioms or related phrases that might include idioms tied to 'euphoria'.,"The page includes several example sentences using the word 'euphoria,' but there is no designated section for related idioms or phrases visible here. The translations section shows 'euphoria' in different languages, and a list of related words like 'euphoric' and 'euphorically.' To find an idiom related to euphoria, further exploration in idioms or expressions sections might be required, or trying a broader search including idioms with similar meanings."
"Find one word, one phase and one idiom related to euphoria in Cambridge Dictionary.","Changing URL parameters. To find idiomatic expressions, phrases, and words related to 'euphoria', exploring the Cambridge Dictionary's idiom and phrase sections is beneficial. As the task involves finding these related to 'euphoria', navigating to the sections where idiomatic expressions are listed would help in identifying relevant entries. Thus, the suggested URL is directed to the idiomatic expressions section of the site, which alphabetically categorizes idioms starting with the letter 'E', potentially containing entries related to 'euphoria'.",Went to https://dictionary.cambridge.org/us/browse/english/idiomatic-expressions/e
"Find one word, one phase and one idiom related to euphoria in Cambridge Dictionary.","click on 'Back to home page' link to return to the main page of the Cambridge Dictionary after encountering a server error on the idioms page. This is optimal because it allows navigation back to a functional part of the website to continue the search for words, phrases, and idioms related to 'euphoria.'","The user successfully returned to the Cambridge Dictionary main page after encountering a server error on the idioms section. The main page has options for different types of English dictionaries, grammar resources, thesaurus access, pronunciation help, and translation dictionaries. The search bar is again available for initiating a new search or exploration. No specific progress has been made toward finding phrases or idioms related to 'euphoria' yet. The user can now try searching directly for 'idioms related to euphoria' or explore related sections from the main navigation available at the top of the page."
"Find one word, one phase and one idiom related to euphoria in Cambridge Dictionary.",type 'idioms related to euphoria' into the search bar with the placeholder 'Search English–Chinese (Traditional)' to directly search for idiomatic expressions associated with euphoria within the Cambridge Dictionary database.,"The search for 'idioms related to euphoria' did not yield any relevant results. Instead, the page suggests words with similar spelling or pronunciation, such as 'to relate to her,' 'to relate to someone,' and others, which are unrelated to the query regarding euphoria. The search mechanism did not recognize 'idioms related to euphoria' as a keyword mix, leading to unhelpful suggestions. There are no visible idiomatic expressions related to 'euphoria.'"
"Find one word, one phase and one idiom related to euphoria in Cambridge Dictionary.","type 'euphoria idioms' into the search bar with the placeholder 'Search English–Chinese (Traditional)' to refine the search specifically for idioms related to euphoria within the Cambridge Dictionary, as the previous broader search did not yield relevant results.","The search for 'euphoria idioms' did not return direct results for idiomatic expressions related to euphoria. The suggestions listed include words like 'euphonious' and 'euphonia,' which are related in spelling or pronunciation but not in meaning. There is no specific section or result shown for idioms related to 'euphoria.' The user might need to try searching for popular idioms associated with emotions or happiness in general, or browse the idiom section separately."