task,user_action_and_explanation,observation
"Search for the word \""sustainability\"" on the Cambridge Dictionary, what is the translation of sustainability into Chinese and French in the dictionary.",Going to https://dictionary.cambridge.org/,Went to https://dictionary.cambridge.org/
"Search for the word \""sustainability\"" on the Cambridge Dictionary, what is the translation of sustainability into Chinese and French in the dictionary.","type ""sustainability"" into the search bar with the placeholder ""Search English–Chinese (Traditional)"" to find the translation.","The user has successfully found the translation of the word ""sustainability"" into Traditional Chinese on the Cambridge Dictionary website. The translation for ""sustainability"" in Traditional Chinese is ""可持續性"" or ""永續性"". However, the user still needs to find the French translation, as the current page is set to English–Chinese (Traditional) translations only."
"Search for the word \""sustainability\"" on the Cambridge Dictionary, what is the translation of sustainability into Chinese and French in the dictionary.","click the language menu currently showing 'English–Chinese (Traditional)' to select 'English–French' from the dropdown list. This action is optimal because it will switch the dictionary translation setting to English–French, allowing us to see the French translation of 'sustainability'.","The user has opened the language selection menu and is ready to select 'English–French' from the dropdown list. This action will allow them to view the French translation of 'sustainability'. The current screenshot displays the available translation options, including English-French."
"Search for the word \""sustainability\"" on the Cambridge Dictionary, what is the translation of sustainability into Chinese and French in the dictionary.","click 'English–French' from the dropdown list in the language selection to switch the translation setting to English–French, allowing you to find the French translation for 'sustainability'.","The user has successfully switched to the English–French dictionary setting. Now, they can perform a search for the word 'sustainability' to find its French translation using the search bar."
"Search for the word \""sustainability\"" on the Cambridge Dictionary, what is the translation of sustainability into Chinese and French in the dictionary.","type ""sustainability"" into the search bar with the placeholder ""Search English–French"" to find the translation in French.","The user has successfully located the French translation of the word ""sustainability"" on the Cambridge Dictionary website. The translation is ""durabilité"" or ""viabilité"". This completes the user's task of finding translations for 'sustainability' into both Chinese and French."
"Search for the word \""sustainability\"" on the Cambridge Dictionary, what is the translation of sustainability into Chinese and French in the dictionary.",Summarizing last observations,"The most recent observations reveal that the user successfully found the translations for the word ""sustainability"" on the Cambridge Dictionary website. Initially, the user identified the Traditional Chinese translation as ""可持續性"" or ""永續性"". Later, after switching to the English-French dictionary setting, the French translations were found to be ""durabilité"" or ""viabilité"". The current screenshots further confirm these translations, displaying detailed examples and context of usage in French, as well as a summary of translations in other languages, including Chinese (Traditional and Simplified), Spanish, and Portuguese. This summary reflects only the latest observations, and for full context and details, the complete task history should be referred to."