task,user_action_and_explanation,observation
"Find the grammar for present perfect simple uses in English, including examples of affirmative, negative, and interrogative sentences, on the Cambridge Dictionary website.",Going to https://dictionary.cambridge.org/,Went to https://dictionary.cambridge.org/
"Find the grammar for present perfect simple uses in English, including examples of affirmative, negative, and interrogative sentences, on the Cambridge Dictionary website.",click the 'Grammar' link because it will likely lead to resources where I can find information about the present perfect simple tense.,"The user has successfully navigated to the Grammar section of the Cambridge Dictionary website. The page contains various categories such as 'Adjectives and adverbs', 'Nouns, pronouns and determiners', 'Verbs', etc. To find the grammar for present perfect simple uses, the user should click on the 'Verbs' link, as this is where tense information is typically found. However, the present perfect simple specifically is not visible yet and might need further navigation or search within the 'Verbs' section."
"Find the grammar for present perfect simple uses in English, including examples of affirmative, negative, and interrogative sentences, on the Cambridge Dictionary website.","click the 'Verbs' link because it will lead to verb-related grammar topics, which is where present perfect simple instructions are likely found.","The user has successfully accessed the 'Verbs' section, which provides several subtopics including 'Tenses and time' and 'Verb forms.' To find specific information about the present perfect simple tense, the user should explore the 'Tenses and time' subtopic, as it is likely to contain details about various verb tenses including present perfect simple."
"Find the grammar for present perfect simple uses in English, including examples of affirmative, negative, and interrogative sentences, on the Cambridge Dictionary website.","click the 'Tenses and time' link because it will likely lead to detailed explanations and examples of various verb tenses, including the present perfect simple tense.","The user is now on the 'Tenses and time' page, which provides an overview of different verbal tenses and their uses. However, there is no specific information about the present perfect simple tense on this initial overview page. To proceed with the current task, the user should explore the 'Present' link, which may lead to more specific details about present tenses, including the present perfect simple, along with examples of affirmative, negative, and interrogative sentences."
"Find the grammar for present perfect simple uses in English, including examples of affirmative, negative, and interrogative sentences, on the Cambridge Dictionary website.","click the 'Present' link because it is likely to contain detailed information on present tenses, including present perfect simple, which aligns directly with the task of finding its grammar usage and examples.","The 'Present' page has been accessed, which includes links to various present tense topics. You can find 'Present perfect simple (I have worked)' among the options listed. Clicking this link will likely lead to detailed information on the present perfect simple uses, including examples of affirmative, negative, and interrogative sentences."
"Find the grammar for present perfect simple uses in English, including examples of affirmative, negative, and interrogative sentences, on the Cambridge Dictionary website.","click the 'Present perfect simple (I have worked)' link because it will provide detailed information and examples of affirmative, negative, and interrogative sentences using the present perfect simple tense, which is the specific information needed for the task.","The user has successfully navigated to the 'Present perfect simple (I have worked)' page on the Cambridge Dictionary website. This page provides detailed grammatical information about the present perfect simple tense, including its form and usage. It includes examples of affirmative sentences (""I have worked""), negative sentences (""I have not worked""), and interrogative sentences (""Have I worked?""). The page also explains the structure of the tense using both full and short forms, which fulfills the user's task of finding grammar usage along with examples."
"Find the grammar for present perfect simple uses in English, including examples of affirmative, negative, and interrogative sentences, on the Cambridge Dictionary website.",Summarizing last observations,"The most recent observations reflect that the user successfully accessed the ""Present perfect simple (I have worked)"" page on the Cambridge Dictionary website. This page provides comprehensive grammatical information on the present perfect simple tense, including examples of affirmative sentences (e.g., ""I have worked""), negative sentences (e.g., ""I have not worked""), and interrogative sentences (e.g., ""Have I worked?""). It discusses the structure of the tense using both full and contracted forms and provides context for its use, such as for experiences, recent completed events, past events with present results, and its use with expressions like ""for"" and ""since."" For complete context and task history, please refer to the full task details."