task,user_action_and_explanation,observation
"Look up the use of modal verbs in grammar section for expressing possibility (e.g., 'might', 'could', 'may') and find examples of their usage in sentences on the Cambridge Dictionary.",Going to https://dictionary.cambridge.org/,Went to https://dictionary.cambridge.org/
"Look up the use of modal verbs in grammar section for expressing possibility (e.g., 'might', 'could', 'may') and find examples of their usage in sentences on the Cambridge Dictionary.",click the 'Grammar' link to navigate to the grammar section where you can find information about modal verbs.,"The user successfully navigated to the Grammar section on the Cambridge Dictionary website. The page provides various grammar resources, but modal verbs are not immediately visible. The user may need to either search or browse through the sections such as 'Verbs' or the alphabetical index to find specific information about modal verbs related to expressing possibility."
"Look up the use of modal verbs in grammar section for expressing possibility (e.g., 'might', 'could', 'may') and find examples of their usage in sentences on the Cambridge Dictionary.","click the 'Verbs' link to explore the section likely containing information about verbs, including modal verbs such as 'might', 'could', and 'may' used for expressing possibility.","The user is in the 'Verbs' section of the Cambridge Dictionary grammar page. A link for 'Modal verbs and modality' is visible, which likely contains information on modal verbs expressing possibility like 'might', 'could', and 'may'."
"Look up the use of modal verbs in grammar section for expressing possibility (e.g., 'might', 'could', 'may') and find examples of their usage in sentences on the Cambridge Dictionary.","click the 'Modal verbs and modality' link to access information about modal verbs used for expressing possibility, such as 'might', 'could', and 'may', which is necessary to fulfill the task goal of finding their usage in examples.","The user has successfully navigated to the 'Modal verbs and modality' section of the Cambridge Dictionary grammar page. The screenshot shows that this section lists core modal verbs like 'can', 'could', 'may', 'might', 'will', 'shall', 'would', 'should', and 'must'. Additionally, it provides information categorizing these verbs as expressing modality - a speaker's attitude or degrees of possibility. However, specific examples of sentences using 'might', 'could', and 'may' in the context of expressing possibility are not immediately visible in the screenshot."
"Look up the use of modal verbs in grammar section for expressing possibility (e.g., 'might', 'could', 'may') and find examples of their usage in sentences on the Cambridge Dictionary.","click the link for 'May' in the 'See also' section to view more detailed information and examples of 'may' used for expressing possibility, which aligns with the task goal of finding examples of modalities like 'might', 'could', and 'may'.","The user has accessed the page for the modal verb 'May' on the Cambridge Dictionary website. The page provides examples of using 'may' to express possibility. Examples include: 'It may be possible for him to get home tonight.' and 'We may not have enough information at the moment.' The section explains affirmative, negative, and question forms of 'may'."
"Look up the use of modal verbs in grammar section for expressing possibility (e.g., 'might', 'could', 'may') and find examples of their usage in sentences on the Cambridge Dictionary.","click the 'Modal verbs' link under 'See also' to navigate back and explore further information and examples of other modal verbs like 'might' and 'could' used for expressing possibility, as currently only 'may' is covered.","The user navigated to the 'Modal verbs' section which provides detailed explanations on the use of modal verbs such as 'might' and 'could' for expressing possibility. The examples in the section illustrate various contexts: ""We thought he might sell the house,"" and ""She could take the bus."" These examples confirm the use of 'might' and 'could' in sentences to convey possibility, fulfilling the task goal of finding examples of their usage in expressing modality."
"Look up the use of modal verbs in grammar section for expressing possibility (e.g., 'might', 'could', 'may') and find examples of their usage in sentences on the Cambridge Dictionary.",Summarizing last observations,"Based on the most recent observations, the user successfully accessed the 'Modal verbs' section within the Cambridge Dictionary. This section provides detailed grammatical explanations of modal verbs, particularly emphasizing their use in showing possibility. Examples of modal verbs expressing possibility are illustrated, such as ""We thought he might sell the house,"" for 'might', and ""She could take the bus,"" for 'could'. Additional details from the current screenshots reveal contracted forms of modal verbs along with usage notes, such as placing modal verbs after the subject and before the main verb, as well as how they interact with adverbs. Furthermore, examples of sentences using other modal verbs like 'may' are also included: ""Loud noises may sometimes frighten dogs..."" This summary reflects only the latest observations, and referring to the complete task history is advised for full context and details."