task,user_action_and_explanation,observation
"Look up the meaning, pronunciation, and an example sentence of the word \""gestalt\"" using the Cambridge Dictionary.",Going to https://dictionary.cambridge.org/,Went to https://dictionary.cambridge.org/
"Look up the meaning, pronunciation, and an example sentence of the word \""gestalt\"" using the Cambridge Dictionary.","type ""gestalt"" into the search bar with the placeholder text 'Search English–Chinese (Traditional)' and press enter to find the meaning, pronunciation, and example sentence of the word ""gestalt"".","The search for the word ""gestalt"" has been successful. The meaning provided is ""something such as a structure or experience that, when considered as a whole, has qualities that are more than the total of all its parts."" The pronunciation for the word in UK English is /ɡəˈʃtælt/ and in US English is /ɡəˈʃtɑːlt/. An example sentence given is: ""This new biography is the first to consider fully the writer's gestalt."" Additionally, it is noted that as an adjective, it refers to ""considering or treating what a person experiences and believes as a whole and separate thing."""
"Look up the meaning, pronunciation, and an example sentence of the word \""gestalt\"" using the Cambridge Dictionary.",Summarizing last observations,"The most recent observations detail that a search for the word ""gestalt"" in the Cambridge Dictionary has been completed. The definition provided is ""something such as a structure or experience that, when considered as a whole, has qualities that are more than the total of all its parts."" This aligns with the concept often discussed in psychology and social sciences. The pronunciation is listed for both UK (/ɡəˈʃtælt/) and US (/ɡəˈʃtɑːlt/) English.

An example sentence presented is: ""This new biography is the first to consider fully the writer's gestalt."" Additionally, as an adjective, ""gestalt"" refers to considering or treating experiences and beliefs as a whole entity.

These details are derived from the most recent screenshots and observations, with the suggestion to refer to the full task history for complete context and understanding."