task,user_action_and_explanation,observation
"Use the Cambridge Dictionary to understand the rules for forming and using comparative and superlative adjectives in English Grammar, including example sentences.",Going to https://dictionary.cambridge.org/,Went to https://dictionary.cambridge.org/
"Use the Cambridge Dictionary to understand the rules for forming and using comparative and superlative adjectives in English Grammar, including example sentences.",click on the 'Grammar' link to find information about the rules for forming and using comparative and superlative adjectives in English grammar.,You have successfully navigated to the English Grammar section of the Cambridge Dictionary. There is a list of categories including 'Adjectives and adverbs' that you can explore for information on comparative and superlative adjectives.
"Use the Cambridge Dictionary to understand the rules for forming and using comparative and superlative adjectives in English Grammar, including example sentences.",click on the 'Adjectives and adverbs' link to access information on comparative and superlative adjectives as they are likely to be covered under this category.,"You are on the 'Adjectives and adverbs' section. Here, you can select topics such as 'Adjectives,' 'Adverbs,' and 'Using adjectives and adverbs.' These sections are likely to provide information on forming and using comparative and superlative adjectives."
"Use the Cambridge Dictionary to understand the rules for forming and using comparative and superlative adjectives in English Grammar, including example sentences.","click on the 'Adjectives' link to access detailed information about adjectives, including likely sections on comparative and superlative forms, which are essential to fulfilling the task goal.","The user has successfully accessed a section detailing the rules for forming and using comparative and superlative adjectives. The page provides clear descriptions of comparative and superlative adjectives, along with example sentences that demonstrate their use. For instance, comparative adjectives compare one person or thing to another, like 'Josh is taller than his sister,' while superlative adjectives describe one entity as having the most of a quality, such as 'The 'Silver Arrow' will be the fastest train in the world when it is built.' The page also addresses the difference between comparative and superlative adjectives, with examples like 'Joe's older than Mike' and 'Sheila is the youngest girl in the family.'"
"Use the Cambridge Dictionary to understand the rules for forming and using comparative and superlative adjectives in English Grammar, including example sentences.",Summarizing last observations,"The most recent observations indicate that the user has successfully accessed detailed information on forming and using comparative and superlative adjectives from the Cambridge Dictionary. According to the screenshots, the page provides comprehensive explanations and numerous examples. Comparative adjectives compare one entity to another, as highlighted in examples like ""Josh is taller than his sister."" Superlative adjectives distinguish one entity as having the most of a quality within a group, seen in sentences like ""The 'Silver Arrow' will be the fastest train in the world when it is built."" Details are also provided on how different types of adjectives form their comparative and superlative forms, with rules outlined for one-syllable adjectives, two-syllable adjectives, especially those ending in ""y,"" and longer adjectives, which use ""more/less"" and ""most/least."" The screenshots offer further insights into pronunciation and irregular forms, such as adjectives ""good,"" ""bad,"" and ""far,"" which have unique irregular forms. This summary reflects only the latest observations; please refer to the complete task history for the full context and details."