task,user_action_and_explanation,observation
"Look up the definition, pronunciation, and examples of the word \""zeitgeist.\"",""https://dictionary.cambridge.org/",Going to https://dictionary.cambridge.org/dictionary/english/zeitgeist,Went to https://dictionary.cambridge.org/dictionary/english/zeitgeist
"Look up the definition, pronunciation, and examples of the word \""zeitgeist.\"",""https://dictionary.cambridge.org/","Changing URL parameters. The current URL already directs to the Cambridge Dictionary page for the word 'zeitgeist.' Here, you can find the definition, pronunciation icons for both UK and US English, and example sentences. To complete the task, you just need to click on the UK pronunciation icon available on this page.",Went to https://dictionary.cambridge.org/dictionary/english/zeitgeist
"Look up the definition, pronunciation, and examples of the word \""zeitgeist.\"",""https://dictionary.cambridge.org/","Changing URL parameters. You can find the definition, pronunciation, and examples of usage for the word 'zeitgeist' directly on the existing URL: https://dictionary.cambridge.org/dictionary/english/zeitgeist. This page on the Cambridge Dictionary site is dedicated to the entry for 'zeitgeist', and it contains the audio pronunciation icons for both UK and US English, the detailed definition, and example sentences illustrating how the word is used in context. There is no need to navigate away from the current URL to complete the task.",Went to https://dictionary.cambridge.org/dictionary/english/zeitgeist
"Look up the definition, pronunciation, and examples of the word \""zeitgeist.\"",""https://dictionary.cambridge.org/",Summarizing last observations,"The most recent observations show that the task goal was focused on looking up the word ""zeitgeist"" on the Cambridge Dictionary website. The URL utilized for this was https://dictionary.cambridge.org/dictionary/english/zeitgeist, where all the necessary information was already available.

Upon reviewing the screenshots of the current page, it is clear that:
- The word ""zeitgeist"" is defined on the page as ""the general set of ideas, beliefs, feelings, etc., that is typical of a particular period in history.""
- There are pronunciation options for both UK and US English, with audio icons that users can click to listen.
- The page includes numerous example sentences demonstrating the context in which ""zeitgeist"" can be used.

These findings substantiate that the page fully covers the requirements of the task, providing a comprehensive definition, pronunciation guide, and examples of usage. This summary reflects only the latest observations, and for full context, it's recommended to review the complete task history."