task,user_action_and_explanation,observation
"Search for the differences between \""fewer\"" and \""less\"" in grammar section, and provide examples illustrating their correct usage from the Cambridge Dictionary.",Going to https://dictionary.cambridge.org/,Went to https://dictionary.cambridge.org/
"Search for the differences between \""fewer\"" and \""less\"" in grammar section, and provide examples illustrating their correct usage from the Cambridge Dictionary.","click the 'Grammar' link to navigate to the grammar section where differences between 'fewer' and 'less' can be found, consistent with the task of searching within the grammar section.","The user has successfully reached the Cambridge Dictionary's Grammar section. There is a search box available where the user can type terms like 'fewer' and 'less' to directly search for their differences. Additionally, there are several categories listed like 'Easily confused words,' which might contain information related to 'fewer' and 'less.' The user can proceed by either using the search bar or exploring these categories to find relevant information."
"Search for the differences between \""fewer\"" and \""less\"" in grammar section, and provide examples illustrating their correct usage from the Cambridge Dictionary.","type 'fewer vs less' into the search box at the top of the Grammar section. This action is optimal because it directly searches for the differences between 'fewer' and 'less', aligning with the task goal, and the search box is readily available with the placeholder text 'Search Grammar'.","The user entered 'fewer vs less' in the search box of the Grammar section but didn't get immediate results for grammatical differences and examples. Instead, there are suggestions related to the terms 'fewer', 'vs', and 'less'. The user needs to click on one of these specific terms, such as 'fewer' or 'less', to access detailed grammatical explanations and examples provided by the Cambridge Dictionary."
"Search for the differences between \""fewer\"" and \""less\"" in grammar section, and provide examples illustrating their correct usage from the Cambridge Dictionary.","click the link with the text 'fewer' under 'You can also search for:' because it will lead to detailed grammatical explanations and examples about the usage of 'fewer', directly aligning with the task of finding differences and correct usage examples from the Cambridge Dictionary.","The user successfully accessed a page detailing the differences between 'fewer' and 'less' in the context of grammar. The page explains that 'less' is typically used with uncountable nouns, while 'fewer' is used with plural nouns. Examples provided include: 'I do less work at weekends than I used to,' and 'Better cycle routes would mean fewer cars and fewer accidents.' It also notes that 'less' is often used informally with plural countable nouns, although this is traditionally incorrect, as in 'We've got less pizzas than we need.' An example illustrating correct usage is 'fewer pizzas.' Additional explanations cover the use of 'fewer' and 'less' before specific articles and demonstratives, and omitting nouns where they're obvious, such as 'Fewer are killed at work.'"
"Search for the differences between \""fewer\"" and \""less\"" in grammar section, and provide examples illustrating their correct usage from the Cambridge Dictionary.",Summarizing last observations,"The most recent observations indicate that the user successfully accessed the Cambridge Dictionary page discussing the differences between 'fewer' and 'less.' The page clarifies that 'less' is used with uncountable nouns, while 'fewer' is used with plural nouns, providing examples such as ""I do less work at weekends than I used to"" and ""Better cycle routes would mean fewer cars and fewer accidents."" It also notes informal uses where 'less' is used with plural countable nouns, which is traditionally incorrect (e.g., ""We've got less pizzas than we need,"" should be ""fewer pizzas""). The page further explains using 'fewer' and 'less' before articles, demonstratives, and possessives, and how they can be used without a noun when the reference is clear, as in ""Fewer are killed at work."" This summary reflects only the latest observations. For complete details and context, the full task history should be reviewed."