task,user_action,observation
Check the price for an Apple iPhone 14 Plus with 256GB storage in Purple color.,Going to https://www.apple.com/,Went to https://www.apple.com/
Check the price for an Apple iPhone 14 Plus with 256GB storage in Purple color.,"click ""iPhone"" in the top navigation bar to explore iPhone models and find the iPhone 14 Plus.","The current screenshot shows the iPhone section on the Apple website. However, the specific model iPhone 14 Plus is not directly displayed. You need to scroll down or navigate to the specific model listings, such as 'iPhone 14', to find the option for the iPhone 14 Plus. Once there, you can select the Purple color and 256GB storage to view pricing."
Check the price for an Apple iPhone 14 Plus with 256GB storage in Purple color.,"scroll down to find the iPhone 14 model listings to access the iPhone 14 Plus options, including color and storage selections.","The current screenshot shows a section with a tagline ""Get to know iPhone"" and highlights some features, but it does not display the specific iPhone 14 Plus model or its selection options for color and storage. You need to scroll further down or locate a section specifically for selecting iPhone models and configurations to find the iPhone 14 Plus with 256GB storage in Purple."
Check the price for an Apple iPhone 14 Plus with 256GB storage in Purple color.,"scroll down to find the section specifically listing iPhone models and configurations to access the iPhone 14 Plus options, including color and storage selections.","The current screenshot shows the section titled ""Explore the lineup"" with options to compare all models. However, it does not specifically show the iPhone 14 Plus or its configuration options. To proceed, you should click on ""Compare all models"" or continue scrolling to find detailed listings for the iPhone 14 Plus, where you can select the desired Purple color and 256GB storage to view the price."
Check the price for an Apple iPhone 14 Plus with 256GB storage in Purple color.,"click ""Compare all models"" to access a detailed comparison page where you can find the specific configuration options for the iPhone 14 Plus, including the Purple color and 256GB storage to check the price.","The screenshot shows a comparison page for iPhone models, currently focused on the iPhone 16 Pro Max and iPhone 16 Pro. The iPhone 14 Plus is not visible. To find the iPhone 14 Plus, you may need to use the dropdown menu or look for navigation options to specify the iPhone 14 Plus model, then select the Purple color and 256GB storage for pricing details."
Check the price for an Apple iPhone 14 Plus with 256GB storage in Purple color.,click on the dropdown currently labeled 'iPhone 16 Pro Max' to search for and select 'iPhone 14 Plus' to find the specific model and configuration options for price details.,"You have successfully selected the iPhone 14 Plus model in the comparison tool. Available color options are displayed, including Purple. You can now select the Purple color and check the price for the 256GB configuration. The price for the iPhone 14 Plus starts at $699 or $29.12/month for 24 months, but this may vary based on storage options, so ensure 256GB is selected to get the exact price."
Check the price for an Apple iPhone 14 Plus with 256GB storage in Purple color.,click on the Purple color option to see the pricing details specific to the 256GB configuration for the iPhone 14 Plus.,"Upon selecting the Purple color for the iPhone 14 Plus, the pricing details are shown. The starting price is $699 or $29.12 per month for 24 months. Ensure the storage configuration is set to 256GB to verify the exact price, as the starting price may correspond to a different storage capacity."
Check the price for an Apple iPhone 14 Plus with 256GB storage in Purple color.,"click ""256GB"" option to check the price for the iPhone 14 Plus with 256GB storage in Purple.",You have selected the Purple color and 256GB storage for the iPhone 14 Plus on the comparison page. The price for the iPhone 14 Plus with 256GB storage in Purple is $699 or $29.12 per month for 24 months.
Check the price for an Apple iPhone 14 Plus with 256GB storage in Purple color.,Summarizing last observations,"The most recent observation shows the comparison page for iPhone models with the iPhone 14 Plus and iPhone 16 Pro selected. The Purple color option for the iPhone 14 Plus is visible, and the pricing details for the 256GB storage are confirmed as $699 or $29.12 per month for 24 months. This summary reflects only the latest observations. Please refer to the full task history for complete context and details."