task,user_action,observation
Check if there are trade-in offers for the latest model of iPhone.,Going to https://www.apple.com/,Went to https://www.apple.com/
Check if there are trade-in offers for the latest model of iPhone.,"click on the ""iPhone"" link in the top navigation bar to explore iPhone models and check for trade-in offers.",The screenshot shows the iPhone page on the Apple website. There is a banner indicating that you can get credit toward the iPhone 16 or iPhone 16 Pro when trading in an eligible smartphone. This suggests that trade-in offers are available for the latest iPhone models. You can explore more by clicking on the 'Shop iPhone' link in the banner for further details on the trade-in process and eligibility.
Check if there are trade-in offers for the latest model of iPhone.,Summarizing last observations,"This summary reflects only the most recent observations:

The Apple website indicates that trade-in offers are available for the latest models, specifically the iPhone 16 and iPhone 16 Pro. Customers can receive a credit ranging from $180 to $650 when trading in an eligible smartphone, starting from iPhone 12 or higher. The option to explore further details on the trade-in process is available by clicking the 'Shop iPhone' link. 

For full context and details, please refer to the complete task history."