task,user_action,observation
How many colors does the latest MacBook Air come in?,Going to https://www.apple.com/,Went to https://www.apple.com/
How many colors does the latest MacBook Air come in?,click,"You are on the main page for Mac products. To find out how many colors the latest MacBook Air comes in, click on ""MacBook Air"" at the top navigation bar to access its specific product page, where color options are usually listed."
How many colors does the latest MacBook Air come in?,"Click on the ""MacBook Air"" icon in the top navigation bar to access the specific product page and view the color options available.","You are on the MacBook Air product page. However, the color options for the MacBook Air are not visible in the current screenshot. You may need to scroll down or click on a link that shows configuration or design options to view the available colors."
How many colors does the latest MacBook Air come in?,"scroll down to look for a section that displays the available color options for the MacBook Air, such as 'Colors' or 'Design Options.'","The current screenshot does not display the color options for the MacBook Air. You may need to continue scrolling or look for a specific section detailing colors, often found under 'Configurations' or 'Specifications.' Alternatively, look for imagery or tabs that might label and show different color finishes."
How many colors does the latest MacBook Air come in?,"scroll down further to find the section that displays the available color options for the MacBook Air, often highlighted with color swatches or labeled as 'Colors' or 'Design Options.'",The latest MacBook Air comes in four colors. This information is provided in the current screenshot under the section stating 'Four stellar colors.' This confirms the available color options for the MacBook Air.
How many colors does the latest MacBook Air come in?,Summarizing last observations,"The most recent observations indicate that the latest MacBook Air comes in four colors, as confirmed by a section in the current screenshot labeled ""Four stellar colors."" This summary reflects only the latest findings about the MacBook Air's color options. For complete context and additional details, please refer to the entire task history."