task,user_action,observation
"On Apple's website, how many different types of keyboards are available when customizing your 14-inch MacBook Pro?",Going to https://www.apple.com/,Went to https://www.apple.com/
"On Apple's website, how many different types of keyboards are available when customizing your 14-inch MacBook Pro?",click on the 'Mac' link in the top navigation bar to navigate to the Mac product page.,You have successfully navigated to the Mac product page. The next step is to click on 'MacBook Pro' to start the customization process and find out the keyboard options available for the 14-inch model.
"On Apple's website, how many different types of keyboards are available when customizing your 14-inch MacBook Pro?",click on the 'MacBook Pro' link near the top of the page to start the customization process for the MacBook Pro.,"You are currently on the MacBook Pro product page. To find out the different types of keyboards available, you need to initiate the customization process by clicking the 'Buy' button, typically found on this page, to proceed to the configuration options for the 14-inch MacBook Pro. Look for the customization section where you can view and select keyboard options."
"On Apple's website, how many different types of keyboards are available when customizing your 14-inch MacBook Pro?","click on the 'Buy' button located beneath the 'MacBook Pro Hello, Apple Intelligence' section to access the customization options for the 14-inch MacBook Pro.","You are on the page to choose a 14-inch MacBook Pro model. Each configuration specifies a ""Magic Keyboard with Touch ID,"" but the screenshot does not show multiple keyboard options. To find out if there are other keyboard options, you will need to proceed further into the customization process by selecting a model."
"On Apple's website, how many different types of keyboards are available when customizing your 14-inch MacBook Pro?",click on the first 14-inch MacBook Pro model with '10-Core CPU 10-Core GPU 16GB Unified Memory 512GB SSD Storage' to proceed with the customization and check for additional keyboard options.,"The customization page displays the option for a ""Backlit Magic Keyboard with Touch ID - US English."" The screenshot does not show multiple keyboard options, indicating that there might be only one available by default. No alternative keyboard choices are visible in the current customization settings."
"On Apple's website, how many different types of keyboards are available when customizing your 14-inch MacBook Pro?",Summarizing last observations,"The most recent observations indicate that the 14-inch MacBook Pro customization page shows only one keyboard option, labeled as ""Backlit Magic Keyboard with Touch ID - US English."" The current screenshots confirm this finding by displaying the same single option for the keyboard. This summary reflects only the latest observations, and for a more comprehensive understanding, the complete task history should be referred to."