task,user_action,observation
"Identify and list the specifications of the latest iPad model released by Apple, including its storage options, processor type, and display features.",Going to https://www.apple.com/,Went to https://www.apple.com/
"Identify and list the specifications of the latest iPad model released by Apple, including its storage options, processor type, and display features.","click ""iPad"" in the top navigation bar to view the latest iPad models and their specifications.","The iPad section is open with options like ""Explore All iPad,"" ""iPad Pro,"" ""iPad Air,"" ""iPad,"" and ""iPad mini."" To find the latest model, you should browse through these categories, focusing on the ""iPad Pro"" or ""iPad Air"" for the most recent high-end options. Clicking on one of these categories will provide detailed specifications such as storage options, processor type, and display features."
"Identify and list the specifications of the latest iPad model released by Apple, including its storage options, processor type, and display features.","click ""iPad Pro"" to view the specifications of the latest high-end iPad model, including storage options, processor type, and display features.","The iPad Pro page is displayed with a promotional tagline ""Thinpossible."" The option to proceed with purchasing or learning more is available, but the specific specifications such as storage options, processor type, and display features are not shown in this screenshot. To find these details, you need to scroll down or navigate to sections like 'Tech Specs' or 'Compare Models' on the page."
"Identify and list the specifications of the latest iPad model released by Apple, including its storage options, processor type, and display features.","scroll down to find sections like 'Tech Specs' or 'Learn More' that will provide detailed specifications such as storage options, processor type, and display features for the iPad Pro.","The screenshot shows a section of the iPad Pro page, highlighting features like its portability and slim design (5.1 mm thickness) for a 13-inch model. However, detailed specifications such as storage options, processor type, and display features are not yet visible. Further scrolling or clicking on 'Tech Specs' or 'Overview' should reveal the detailed information needed for the task."
"Identify and list the specifications of the latest iPad model released by Apple, including its storage options, processor type, and display features.","click ""Tech Specs"" at the top navigation to view the detailed specifications for the iPad Pro, including storage options, processor type, and display features.","The screenshot shows the detailed specifications for the latest iPad Pro models. There are two models: iPad Pro 11-inch and iPad Pro 13-inch. 

**Storage Options:**
- Both models are available with 256GB, 512GB, 1TB, and 2TB storage options.

**Finish:**
- Available in Silver and Space Black.

**Size and Weight:**
- iPad Pro 11-inch: 9.83 inches high, 0.21 inch thick, weighs 0.98 pounds (444 grams) for Wi-Fi and 0.98 pounds (446 grams) for Wi-Fi + Cellular models.
- iPad Pro 13-inch: 11.09 inches high, 0.20 inch thick, weighs 1.28 pounds (579 grams) for Wi-Fi and 1.28 pounds (582 grams) for Wi-Fi + Cellular models.

Hidden details like processor type and display features might require further scrolling or navigating within ""Tech Specs."""
"Identify and list the specifications of the latest iPad model released by Apple, including its storage options, processor type, and display features.",scroll down further to reveal processor type and display features in the 'Tech Specs' section for the iPad Pro.,"The screenshot shows more details about the iPad Pro models, but it does not yet reveal the processor type or full display features. It contains information on size, weight, and what's included in the box, along with an overview of button and connector placement. To see processor and display details, continue scrolling in the 'Tech Specs' section, focusing on areas likely to be labeled 'Performance' or 'Display.'"
"Identify and list the specifications of the latest iPad model released by Apple, including its storage options, processor type, and display features.","scroll down further to reveal more information under the 'Display' section, which might also show the 'Performance' details containing processor specifications for the iPad Pro.","The screenshot shows detailed display and processor information for the latest iPad Pro models:

**Display Features:**
- **11-inch Model:**
  - Ultra Retina XDR display, Tandem OLED
  - 2420-by-1668-pixel resolution at 264 ppi
  - ProMotion technology with adaptive refresh rates from 10Hz to 120Hz
  - Wide color (P3), True Tone, Fingerprint-resistant oleophobic coating
  - Fully laminated, Antireflective coating
  - SDR brightness: 1000 nits max, XDR brightness: 1000 nits full screen, 1600 nits peak (HDR content)
  - 2,000,000:1 contrast ratio
  - Supports Apple Pencil Pro, Apple Pencil (USB-C), Apple Pencil hover

- **13-inch Model:**
  - Ultra Retina XDR display, Tandem OLED
  - 2752-by-2064-pixel resolution at 264 ppi
  - Same additional features as 11-inch model

**Processor Type:**
- Both models are equipped with the Apple M4 chip.

This information completes the detailed specifications required for the task."
"Identify and list the specifications of the latest iPad model released by Apple, including its storage options, processor type, and display features.",Summarizing last observations,"This summary reflects only the most recent observations:

The latest iPad Pro models are available with detailed display and processor specifications:

**Display Features:**
- **11-inch Model:**
  - Ultra Retina XDR display, Tandem OLED
  - 2420-by-1668-pixel resolution at 264 ppi
  - ProMotion technology with adaptive refresh rates (10Hz to 120Hz)
  - SDR brightness: 1000 nits max, XDR brightness: 1000 nits peak (HDR content)
  - 2,000,000:1 contrast ratio

- **13-inch Model:**
  - Similar features with 2752-by-2064-pixel resolution

**Processor Type:**
- Both models feature the Apple M4 chip:
  - Models with 256GB or 512GB storage include a 9-core CPU and 8GB RAM
  - Models with 1TB or 2TB storage include a 10-core CPU and 16GB RAM

For complete context, refer to the detailed navigation task history."