task,user_action,observation
Find the latest model of the iPhone and compare the price and screen size between the pro and pro max.,Going to https://www.apple.com/,Went to https://www.apple.com/
Find the latest model of the iPhone and compare the price and screen size between the pro and pro max.,"click ""iPhone"" from the top navigation menu to explore the latest iPhone models including iPhone Pro and Pro Max.","The screenshot shows the iPhone section on the Apple website. It lists the latest iPhone models, including the iPhone 16 Pro and iPhone 16. To compare their prices and screen sizes, additional navigation might be needed to access specific details for the Pro and Pro Max models. You can click on the respective models to find detailed specifications and pricing information."
Find the latest model of the iPhone and compare the price and screen size between the pro and pro max.,"click ""iPhone 16 Pro New"" from the top navigation to access detailed specifications and pricing.","The screenshot shows the iPhone 16 Pro page, highlighting the starting price of $999 or $41.62 per month for 24 months. However, it doesn't display the screen size details. To gather the screen size and compare it with the iPhone 16 Pro Max, you would need to look for a 'Specifications' section or access the iPhone 16 Pro Max page for comparison."
Find the latest model of the iPhone and compare the price and screen size between the pro and pro max.,scroll down to look for a 'Specifications' section to find the screen size information for iPhone 16 Pro.,"The screenshot currently shows an introductory section of the iPhone 16 Pro page, but screen size details are not visible. You may need to scroll further or locate a 'Specifications' section to find detailed information about the screen size. Consider looking for a dedicated 'Specs' or 'Tech Specs' link on the page. Additionally, a comparison with the iPhone 16 Pro Max will require visiting its specific page to obtain similar details."
Find the latest model of the iPhone and compare the price and screen size between the pro and pro max.,scroll down further to locate the 'Specifications' section for detailed screen size information for iPhone 16 Pro.,"The screenshot shows that the iPhone 16 Pro has a screen size of 6.3 inches. To complete the comparison with the iPhone 16 Pro Max, you'll need to find and review the specifications for the Pro Max model, especially focusing on its screen size and pricing details. Look for a link or tab to navigate to the iPhone 16 Pro Max page on the website."
Find the latest model of the iPhone and compare the price and screen size between the pro and pro max.,"click ""iPhone 16 Pro Max 6.9”"" model slider under the image to navigate to its detailed specifications for comparison.","The screenshot indicates that the iPhone 16 Pro Max has a screen size of 6.9 inches. To finalize your comparison, ensure you also gather the pricing information for the iPhone 16 Pro Max. The screen size difference between the iPhone 16 Pro (6.3 inches) and the Pro Max (6.9 inches) is now confirmed. Check the page further for pricing details or look for a 'Buy' or 'Pricing' link section for complete information."
Find the latest model of the iPhone and compare the price and screen size between the pro and pro max.,"click ""Buy"" button in the top navigation to access pricing information for iPhone 16 Pro Max.""","The screenshot displays the purchasing page for the iPhone 16 Pro, showing a starting price of $999. It also mentions both the iPhone 16 Pro with a 6.3-inch display and the iPhone 16 Pro Max with a 6.9-inch display. However, the pricing for the Pro Max is not visible here. Consider looking for the specific pricing details of the iPhone 16 Pro Max separately, possibly by selecting it or navigating through the available models in the purchasing section."
Find the latest model of the iPhone and compare the price and screen size between the pro and pro max.,"click ""iPhone 16 Pro Max"" to view its pricing details and finalize the comparison with the iPhone 16 Pro.","The screenshot shows the pricing details for the iPhone 16 Pro, starting from $999. However, it primarily mentions details related to special deals and carrier offers for trade-ins. The iPhone 16 Pro Max pricing isn't distinctly visible in this section. To complete the comparison, ensure you check the iPhone 16 Pro Max pricing section specifically, either by scrolling further or selecting it directly to view its standard pricing without trade-in offers."
Find the latest model of the iPhone and compare the price and screen size between the pro and pro max.,"click ""Pricing"" link or section to find detailed pricing information for the iPhone 16 Pro Max for a complete comparison.","The screenshot shows the pricing details for the iPhone 16 Pro, with a starting price of $999 or $41.62 per month for 24 months. However, it does not display the pricing information for the iPhone 16 Pro Max. To complete the comparison, you need to find the specific pricing for the Pro Max model. This may require selecting the Pro Max model from the purchasing page options or looking for another link or dropdown that specifies different models and their respective prices."
Find the latest model of the iPhone and compare the price and screen size between the pro and pro max.,scroll down further on the iPhone 16 Pro Max page to find the starting price information for this model.,"The screenshot does not show the pricing information for the iPhone 16 Pro Max. It reiterates the starting price for the iPhone 16 Pro at $999. To find the iPhone 16 Pro Max pricing, ensure you're viewing the correct model's purchasing page or navigate specifically to Pro Max's pricing section if not clearly displayed."
Find the latest model of the iPhone and compare the price and screen size between the pro and pro max.,"click ""Pricing"" link at the top navigation to find the pricing details for iPhone 16 Pro Max for comparison.","The screenshot shows options for purchasing the iPhone 16 Pro, including trade-in and financing options. The starting price for the iPhone 16 Pro is confirmed at $999. However, specific pricing for the iPhone 16 Pro Max is not visible in this screenshot. You may need to further explore the website or adjust options to find pricing details for the iPhone 16 Pro Max."
Find the latest model of the iPhone and compare the price and screen size between the pro and pro max.,scroll down further to locate the pricing details for the iPhone 16 Pro Max to complete the comparison.,"The current screenshot shows the pricing details for the iPhone 16 Pro, starting at $999 or $41.62/month for 24 months. However, pricing details for the iPhone 16 Pro Max are not visible here. You may need to select the iPhone 16 Pro Max model on this page to reveal its pricing information. The screen size comparison is complete: 6.3 inches for the Pro and 6.9 inches for the Pro Max. Make sure to locate the exact pricing for the iPhone 16 Pro Max for a full comparison."
Find the latest model of the iPhone and compare the price and screen size between the pro and pro max.,"scroll down to locate the pricing details for the iPhone 16 Pro Max, focusing on areas labeled with 'Pricing' or 'Buy' sections.","The screenshot does not show specific pricing details for the iPhone 16 Pro Max. It highlights some general features and offers included with the purchase (e.g., Apple TV+ trial), but lacks the targeted information needed about the Pro Max's pricing. To find the required details, continue scrolling or search for a section explicitly labeled with pricing, or navigate back to the main purchasing section and select the iPhone 16 Pro Max model directly."
Find the latest model of the iPhone and compare the price and screen size between the pro and pro max.,scroll down to find the pricing information for the iPhone 16 Pro Max to complete the comparison.,"The screenshot shows that the iPhone 16 Pro Max has a screen size of 6.9 inches and a starting price of $1,099. This completes the comparison:

- **iPhone 16 Pro**: 
  - Screen Size: 6.3 inches
  - Price: From $999

- **iPhone 16 Pro Max**: 
  - Screen Size: 6.9 inches
  - Price: From $1,099

The iPhone 16 Pro Max is larger and more expensive compared to the iPhone 16 Pro."
Find the latest model of the iPhone and compare the price and screen size between the pro and pro max.,Summarizing last observations,"The most recent observations show that the iPhone 16 Pro has a starting price of $999 and offers a screen size of either 6.9 inches or 6.3 inches. The iPhone 16 Pro Max features a larger 6.9-inch display, but its pricing wasn't specifically highlighted in the screenshots. For detailed pricing specific to the iPhone 16 Pro Max, further navigation or selection on the purchasing page may be needed. 

This summary reflects the latest observations only; refer to the complete task history for a comprehensive context."