task,user_action,observation
Determine the price difference between the latest series of Apple Watch and Apple Watch SE on the Apple website.,Going to https://www.apple.com/,Went to https://www.apple.com/
Determine the price difference between the latest series of Apple Watch and Apple Watch SE on the Apple website.,"click ""Watch"" in the top navigation bar to explore the latest Apple Watch models and find their prices.""",You have navigated to the Apple Watch section on the Apple website. You should now look for the 'Apple Watch Series 10' and 'Apple Watch SE' models to locate their prices. This will help you determine the price difference between the two models. Consider clicking on each specific watch model for detailed pricing information.
Determine the price difference between the latest series of Apple Watch and Apple Watch SE on the Apple website.,"click ""Apple Watch Series 10 New"" to view its pricing details.","The Apple Watch Series 10 is priced from $399 or $33.25 per month for 12 months. To continue with the task, click on the 'Apple Watch SE' to find its pricing details and then calculate the price difference between the two models."
Determine the price difference between the latest series of Apple Watch and Apple Watch SE on the Apple website.,"scroll down to find ""Apple Watch SE"" and view its pricing details on the page.","The current screenshot is displaying information about the Apple Watch Series 10, but not about the Apple Watch SE. To find the pricing details for the Apple Watch SE, you will need to navigate further or go back to find the specific section for the Apple Watch SE. Look for a link or section dedicated to it and check its pricing."
Determine the price difference between the latest series of Apple Watch and Apple Watch SE on the Apple website.,"click ""Overview"" to return to the main Apple Watch models list and find the Apple Watch SE pricing details.","You are still viewing the Apple Watch Series 10 page. You need to successfully navigate back to the main Apple Watch models list. Consider using the main Apple Watch section link again, or find a navigation path to ""Apple Watch SE"" for its pricing details."
Determine the price difference between the latest series of Apple Watch and Apple Watch SE on the Apple website.,"click ""Overview"" in the top navigation bar to return to the main Apple Watch models list and find the Apple Watch SE.",You are still on the Apple Watch Series 10 page. The 'Overview' link did not redirect you to the main models list. Try using the main navigation menu to go back to the Apple Watch section or use a direct link to find the Apple Watch SE pricing details. Look for options to access all models or a landing page listing the Apple Watch models.
Determine the price difference between the latest series of Apple Watch and Apple Watch SE on the Apple website.,"click ""Apple Watch"" in the top navigation bar to return to the main models list where you can find the Apple Watch SE pricing details.","You are now at the main Apple Watch models list. You can see links for various models, including the 'Apple Watch SE.' Click on 'Apple Watch SE' to view its pricing details. Afterward, you can calculate the price difference with the Apple Watch Series 10, which you have noted as starting from $399."
Determine the price difference between the latest series of Apple Watch and Apple Watch SE on the Apple website.,"click ""Apple Watch SE"" under Explore Watch to view its pricing details.","The Apple Watch SE is priced starting at $249. Previously, you noted that the Apple Watch Series 10 is priced from $399. Therefore, the price difference between the Apple Watch Series 10 and the Apple Watch SE is $150."
Determine the price difference between the latest series of Apple Watch and Apple Watch SE on the Apple website.,Summarizing last observations,"The latest observations indicate that the Apple Watch SE is priced starting at $249, while the Apple Watch Series 10 is priced from $399. The price difference between these two models is $150. This summary reflects only the latest observations, and the complete task history should be referred to for full context."