task,user_action,observation
"Browse Apple Music on the entertainment section of the Apple's website, and see which singers' names are included in the pictures on this page.",Going to https://www.apple.com/,Went to https://www.apple.com/
"Browse Apple Music on the entertainment section of the Apple's website, and see which singers' names are included in the pictures on this page.",click on the 'Entertainment' link in the top navigation bar to access the entertainment section of the Apple's website.,"You have reached the entertainment section of Apple's website, as indicated by the header ""Meet the A-list of entertainment."" However, there are no images or singer names visible yet. Scroll down to view more content related to Apple Music and find any included singer images and names."
"Browse Apple Music on the entertainment section of the Apple's website, and see which singers' names are included in the pictures on this page.",scroll down to reveal more content related to Apple Music and find images and names of singers.,"You have successfully scrolled to the Apple Music section in the entertainment area of Apple's website. Visible singer names in the images include ROSÉ featured in ""The Zane Lowe Interview"" as well as a promotional image for ""New Music Daily."" Other images are present, but they mainly advertise playlists without specific artist names."
"Browse Apple Music on the entertainment section of the Apple's website, and see which singers' names are included in the pictures on this page.",Summarizing last observations,"This summary reflects the most recent observations: Upon reaching the Apple Music section in the entertainment area of Apple's website, singer names visible in the images include ROSÉ, featured in ""The Zane Lowe Interview."" Additionally, there is a promotional image for ""New Music Daily."" Other images promote playlists but do not specify artist names. The current screenshots confirm the presence of these elements, along with other entertainment options like Apple TV+ and Apple Arcade.

For full context and details, please refer to the complete task history."