task,user_action,observation
"Find information on the latest (as of today's date) MacBook model, including its key features such as processor type, memory size, and storage capacity.",Going to https://www.apple.com/,Went to https://www.apple.com/
"Find information on the latest (as of today's date) MacBook model, including its key features such as processor type, memory size, and storage capacity.","click ""Mac"" in the navigation menu at the top of the page to find information on the latest MacBook models.","You have navigated to the 'Mac' section on the Apple website. From this page, you can explore specific model details by clicking on 'MacBook Air' or 'MacBook Pro' listed in the top navigation. This will help you find information on the latest models and their key features, such as processor type, memory size, and storage capacity."
"Find information on the latest (as of today's date) MacBook model, including its key features such as processor type, memory size, and storage capacity.","click ""MacBook Pro New"" in the top navigation to view the latest MacBook Pro model and find its key features.","You have accessed the page for the latest MacBook Pro model. The image indicates new features related to ""Apple Intelligence."" Pricing starts at $1599. To find detailed specifications such as the processor type, memory size, and storage capacity, scroll further down the page or look for a section titled ""Tech Specs"" or ""Specifications."" You may need to click on expandable sections to view detailed information about its key features."
"Find information on the latest (as of today's date) MacBook model, including its key features such as processor type, memory size, and storage capacity.","scroll down to view more information and locate the 'Tech Specs' or 'Specifications' section to find details on processor type, memory size, and storage capacity.","You are currently on the MacBook Pro page viewing a section highlighting the use of 'Apple Intelligence.' To find specific details like processor type, memory size, and storage capacity, continue scrolling or click on 'Tech Specs' in the top navigation menu. This will provide the detailed specifications you are looking for."
"Find information on the latest (as of today's date) MacBook model, including its key features such as processor type, memory size, and storage capacity.","click ""Tech Specs"" in the top navigation menu to view detailed specifications for the latest MacBook Pro model, including processor type, memory size, and storage capacity.","You have accessed the 'Tech Specs' section for the latest MacBook Pro model. Key features include:

- **Processor Types**:
  - Apple M4 chip (10-core CPU)
  - Apple M4 Pro chip (12-core CPU)
  - Apple M4 Pro chip (14-core CPU)
  - Apple M4 Max chip (14-core CPU)

- **Memory Sizes**:
  - 16GB unified memory
  - 24GB unified memory

- **Storage Capacities**:
  - 512GB SSD
  - 1TB SSD

These options vary by configuration and price, starting from $1599 to $3199. Continue exploring for additional details or options."
"Find information on the latest (as of today's date) MacBook model, including its key features such as processor type, memory size, and storage capacity.",Summarizing last observations,"The most recent observations show the detailed specifications of the latest MacBook Pro model. According to the 'Tech Specs' section, the key features include:

- **Processor Types**: Available configurations involve the Apple M4 chip (10-core CPU), Apple M4 Pro chip (up to 14-core CPU), and Apple M4 Max chip (up to 14-core CPU).
- **Memory Sizes**: Options include 16GB, 24GB, and configurable up to 128GB of unified memory.
- **Storage Capacities**: Ranges from 512GB SSD to 1TB SSD.

Additional specifications are available through the screenshots, adding context to the specific chip and memory configurations. Pricing varies from $1599 to $3199. Note that this summary reflects only the latest observations and for full context, please refer to the task history."