task,user_action,observation
Compare the prices of the latest models of MacBook Air available on Apple's website.,Going to https://www.apple.com/,Went to https://www.apple.com/
Compare the prices of the latest models of MacBook Air available on Apple's website.,click the 'Mac' link in the top navigation bar to view MacBook Air models.,"You have navigated to the 'Mac' section on Apple's website. This page includes links to various Mac products, including 'MacBook Air', which is highlighted at the top. To find the prices of the latest MacBook Air models, you should click on the 'MacBook Air' link."
Compare the prices of the latest models of MacBook Air available on Apple's website.,click the 'MacBook Air' link in the navigation bar to view the models and prices.,You have successfully navigated to the MacBook Air page on Apple's website. The latest models are priced as follows: MacBook Air with M3 starts at $1099 or $91.58 per month for 12 months. MacBook Air with M2 starts at $999 or $83.25 per month for 12 months.
Compare the prices of the latest models of MacBook Air available on Apple's website.,Summarizing last observations,"This summary reflects only the most recent observations. On Apple's website, the latest MacBook Air models are displayed with the following prices: the MacBook Air with M3 is priced from $1099 or $91.58 per month for 12 months, while the MacBook Air with M2 starts at $999 or $83.25 per month for 12 months. The page highlights the sleek, lightweight design and superior performance of the M3 chip, which enhances speed and efficiency. It's designed with a focus on portability, available in 13-inch and 15-inch sizes, and crafted from environmentally friendly materials.

For full context and all details, please refer to the complete task history."