task,user_action,observation
Investigate the trade-in value for an iPhone 11 Pro Max on Apple's website.,Going to https://www.apple.com/,Went to https://www.apple.com/
Investigate the trade-in value for an iPhone 11 Pro Max on Apple's website.,"click the ""iPhone"" link in the top navigation bar to find trade-in information for iPhones.","The current webpage is focused on iPhone information but lacks direct trade-in details. There is a banner mentioning potential trade-in credits for newer iPhone models, which links to a page for more information. To find the trade-in value for the iPhone 11 Pro Max, you should follow the 'Shop iPhone' link in the banner or look for a specific 'Trade-In' option in the menu."
Investigate the trade-in value for an iPhone 11 Pro Max on Apple's website.,click the 'Shop iPhone' link in the banner to find trade-in details for the iPhone 11 Pro Max.,"The current page displays options to shop for new iPhone models and offers shopping guides. However, it does not yet reveal specific information about trade-in values. To proceed further with finding trade-in values, look for a specific 'Trade-In' option, possibly within the 'Ways to Save' section or by navigating further down the page for more options related to trade-ins."
Investigate the trade-in value for an iPhone 11 Pro Max on Apple's website.,"click the ""Ways to Save"" option near the top menu to look for trade-in options.","The ""Ways to Save"" section provides some information on trading in devices. There is an offer for $180–$650 in credit for trading in an iPhone 12 or higher when upgrading to an iPhone 16 model. However, it does not explicitly mention the trade-in value for an iPhone 11 Pro Max. To find specific trade-in values, you may need to click on the 'Trade in your current device' option for more details or follow further links within that section."
Investigate the trade-in value for an iPhone 11 Pro Max on Apple's website.,click the 'Trade in your current device. Get credit toward a new one.' link to find specific trade-in values for iPhone 11 Pro Max.,"The screenshot reveals the estimated trade-in values for various iPhone models, including the iPhone 11 Pro Max. The trade-in value for an iPhone 11 Pro Max is listed as 'Up to $330'. This indicates the potential maximum credit you might receive when trading in that model towards a new purchase on Apple's website."
Investigate the trade-in value for an iPhone 11 Pro Max on Apple's website.,Summarizing last observations,"The most recent observations reveal that the trade-in value for an iPhone 11 Pro Max is estimated at 'Up to $330' when trading it in for credit towards a new purchase on Apple's website. This summary reflects only the latest observations. For full context, including previous navigation actions and observations, please refer to the complete task history."