task,user_action,observation
How many types of Apple Pencil are currently available on the Apple's website? Which one supports Wireless pairing and charging.,Going to https://www.apple.com/,Went to https://www.apple.com/
How many types of Apple Pencil are currently available on the Apple's website? Which one supports Wireless pairing and charging.,"click ""iPad"" in the top navigation menu to find information about Apple Pencil options available.","You are on the iPad section of Apple's website. To find information about the Apple Pencil, you need to click on the “Apple Pencil” link in the top navigation menu under the ""iPad"" section. This will take you to a page that provides more details about the different Apple Pencil models and their features, including wireless pairing and charging capabilities."
How many types of Apple Pencil are currently available on the Apple's website? Which one supports Wireless pairing and charging.,"click ""Apple Pencil"" in the top navigation under the ""iPad"" section to access information about the different Apple Pencil models and their features, including wireless pairing and charging capabilities.","The screenshot provides information about the Apple Pencil Pro. It mentions that this model supports pairing, charging, and storing magnetically on the side of your iPad, indicating it supports wireless pairing and charging. For the exact number of Apple Pencil types, additional navigation might be required as the screenshot primarily focuses on the Apple Pencil Pro. You can look for more details on the page to confirm the total number of Apple Pencil models available."
How many types of Apple Pencil are currently available on the Apple's website? Which one supports Wireless pairing and charging.,"click ""View all Apple Pencil features"" link to find more details about the different models of Apple Pencil available, ensuring complete information about their features, including wireless pairing and charging capabilities.","The screenshot shows two types of Apple Pencils: Apple Pencil Pro and Apple Pencil (USB-C). The Apple Pencil Pro supports wireless pairing and charging, as indicated by the checkmarks in the relevant section of the feature comparison."
How many types of Apple Pencil are currently available on the Apple's website? Which one supports Wireless pairing and charging.,Summarizing last observations,"The most recent observations show that there are two types of Apple Pencils available on Apple's website: the Apple Pencil Pro and the Apple Pencil (USB-C). The Apple Pencil Pro supports wireless pairing and charging, as indicated in the feature comparison section.

For full context, please refer to the complete task history."