task,user_action,observation
"Find updates for Apple Watch Series 7,8,9 on Apple's website.",Going to https://www.apple.com/,Went to https://www.apple.com/
"Find updates for Apple Watch Series 7,8,9 on Apple's website.","click the 'Watch' link in the top navigation bar to find updates on Apple Watch Series 7,8,9.","You have successfully navigated to the Apple Watch section of Apple's website. The main page features information about the latest Apple Watch models, including Series 10 and other variants like Ultra 2 and Hermès. However, there is no specific information on Series 7, 8, or 9 on this page. You may need to explore further, possibly through the comparison link or additional sections, to find updates specific to Series 7, 8, and 9."
"Find updates for Apple Watch Series 7,8,9 on Apple's website.","click the 'Compare' link in the navigation bar to view a comparison of different Apple Watch models, which may include Series 7, 8, and 9.","You have opened the section that allows you to explore all Apple Watch models, but there is no immediate display of the Apple Watch Series 7, 8, or 9 details. The main focus appears to be on the Series 10 and other prominent models. To find updates specifically for Series 7, 8, and 9, you'll need to click the 'Explore All Apple Watch' or 'Compare Watch' to access more detailed information. Currently, the Series 7, 8, and 9 may be available under these sections by navigating further into comparisons or detailed listings."
"Find updates for Apple Watch Series 7,8,9 on Apple's website.","click the 'Explore All Apple Watch' link to see details on older models like Series 7, 8, and 9, which may be listed there.","The 'Explore All Apple Watch' section is primarily showcasing the latest models such as the Apple Watch Series 10 and other current releases. There is no visible information on the Apple Watch Series 7, 8, or 9 in the screenshot. You might need to scroll further down or look for specific filters or comparison sections dedicated to older models to find updates on Series 7, 8, and 9."
"Find updates for Apple Watch Series 7,8,9 on Apple's website.","scroll down to look for more detailed sections or links that might lead to updates or comparisons involving the Apple Watch Series 7, 8, and 9. This action will help reveal additional content that may include these models.","The current section provides a general overview of Apple Watch features related to health and fitness, but it doesn't specifically mention the Apple Watch Series 7, 8, or 9. This page seems to be focused on highlighting key functionalities rather than detailing updates for older watch models. Consider looking for a dedicated 'Compare' section or any listings that might allow filtering by model to find updates on the Series 7, 8, and 9 specifically."
"Find updates for Apple Watch Series 7,8,9 on Apple's website.","scroll down further to uncover more sections or comparison links that might include updates on the Apple Watch Series 7, 8, and 9, as the current view still focuses on broader features.","The screenshot continues to showcase general features of the Apple Watch lineup, such as health and fitness capabilities, but it still does not specifically address updates for Series 7, 8, or 9. The 'Explore the lineup' section is visible, and there's a 'Compare all models' link that could lead to more detailed model-specific information. It's recommended to click this 'Compare all models' link to possibly find direct comparisons or updates about the Apple Watch Series 7, 8, and 9."
"Find updates for Apple Watch Series 7,8,9 on Apple's website.","click the 'Compare all models' link to access detailed comparisons or information that might include the Apple Watch Series 7, 8, and 9.","The 'Compare Apple Watch models' page is displayed, currently comparing the Apple Watch SE (2nd generation) and Apple Watch Series 10. There is no immediate information visible for the Series 7, 8, or 9. You may need to use dropdown menus to select and compare these specific models, as only current comparisons are shown by default. Try using the dropdowns to find and include Series 7, 8, and 9 for detailed updates or comparisons."
"Find updates for Apple Watch Series 7,8,9 on Apple's website.","click the dropdown menus next to the models and select Apple Watch Series 7, 8, or 9 to see updates or comparisons for those specific models.","The dropdown menu is visible, offering options to select Apple Watch Series 7, 8, or 9. This allows you to compare these specific models. You should select each one to view detailed updates or comparisons between them and other models. The current selection displays the Apple Watch SE (2nd generation) and Series 10."
"Find updates for Apple Watch Series 7,8,9 on Apple's website.",click the 'Apple Watch Series 9' option in the dropdown menu to view updates specifically for Series 9.,"The dropdown menu for Apple Watch models is displayed, and you've selected 'Apple Watch Series 9'. This action should allow you to view specific updates or details about the Series 9 model. However, the current screenshot shows options for GPS and GPS + Cellular versions, as well as a brief summary of case sizes and materials. To gain more detailed updates or features for Series 9, consider exploring further by clicking 'Learn more' or any additional links provided on this page."
"Find updates for Apple Watch Series 7,8,9 on Apple's website.",click the 'Apple Watch Series 8' option in the dropdown menu to view more details and updates specific to the Series 8 model.,"The dropdown menu for comparing Apple Watch models is visible, and you've selected 'Apple Watch Series 8.' The selection has refreshed the page to display details specific to the Series 8. You can now see options for different case materials and pricing for GPS and GPS + Cellular models. More detailed information about features and specifications can be reviewed by clicking on 'Learn more.' To find updates for Series 7 and 9, you can use the dropdown menu to select and view each model individually."
"Find updates for Apple Watch Series 7,8,9 on Apple's website.",click on 'Apple Watch Series 9' in the dropdown menu to view specific updates and details about this model.,"The 'Apple Watch Series 9' has been selected in the dropdown menu, but the page is focused on providing price details and case material options (e.g., Jet Black Aluminum). To view specific updates or features for the Apple Watch Series 9, you may need to click on 'Learn more' or similar links that can reveal detailed specifications or updates. The page currently emphasizes pricing and material choices rather than specific feature updates."
"Find updates for Apple Watch Series 7,8,9 on Apple's website.",click the 'Apple Watch Series 7' option in the dropdown menu under 'More Watch models' to view updates specific to that model.,"The dropdown menu now includes options for different Apple Watch models, including Series 7, 8, and 9. You have selected the 'Apple Watch Series 7' from the dropdown menu, which should provide access to detailed updates specific to that model. The page is in the process of loading more information about the Apple Watch Series 7."
"Find updates for Apple Watch Series 7,8,9 on Apple's website.","click on 'Apple Watch Series 9' in the dropdown menu labeled 'More Watch models'. This option should lead to specific details and updates relevant to the Series 9 model, which is necessary to accomplish the task of finding updates for Series 7, 8, and 9.","You have successfully accessed the dropdown menu showing more watch models. The list includes options for Apple Watch Series 9, Series 8, and Series 7, among others. However, it appears you are currently still in the 'Compare Apple Watch models' section. You need to select 'Apple Watch Series 9' from the dropdown to view specific details and updates about that model. This action should provide the necessary information to continue finding updates for Series 7 and 8 in a similar manner."
"Find updates for Apple Watch Series 7,8,9 on Apple's website.",click the 'Apple Watch Series 9' from the dropdown menu to view details and updates specific to that model.,"You have successfully selected the 'Apple Watch Series 9' from the dropdown menu. The summary and pricing details specific to Series 9 are now visible. You can view starting prices for GPS and GPS + Cellular options, as well as available case materials and sizes. For further updates and detailed specifications, you may click 'Learn more' or scroll for additional information."
"Find updates for Apple Watch Series 7,8,9 on Apple's website.","click the 'Apple Watch Series 9' in the dropdown menu for More Watch models, to access details or updates specific to Series 9.","You have successfully accessed the comparison section for Apple Watch models. The dropdown menu allows selection of various models, including Apple Watch Series 7, 8, and 9. The page currently shows a comparison between Apple Watch Series 10 and Series 9. Details like pricing and case options for Series 9 are displayed, with options starting from $399 for GPS models. To find updates for Series 7 and 8, you can select those models from the dropdown menu to include in the comparison."
"Find updates for Apple Watch Series 7,8,9 on Apple's website.",click on 'Apple Watch Series 9' in the dropdown list to view details and updates on this model.,"The dropdown menu lists various Apple Watch models, including Series 9, 8, and 7. The Apple Watch Series 9 has been selected in the dropdown. Below, there are basic pricing details showing GPS and GPS + Cellular options starting from $399 and $499, respectively. The page also provides options for selecting different case materials and colors for the Series 9. To get detailed updates, you might continue to explore the 'Learn more' link or scroll further down for comprehensive information on the Series 9."
"Find updates for Apple Watch Series 7,8,9 on Apple's website.",click the 'Apple Watch Series 7' option from the dropdown menu to view more detailed information and updates specifically for this model.,"You have selected the 'Apple Watch Series 7' from the dropdown menu. The page is now displaying specific details about the Apple Watch Series 7, including color and material options (e.g., Jet Black Aluminum). Pricing information is also visible, with options for GPS + Cellular from $499 and GPS from $399. A 'Learn more' link is available for further details. This appears to provide focused updates and specifications for the Series 7 model."
"Find updates for Apple Watch Series 7,8,9 on Apple's website.",click the 'Apple Watch Series 7' option in the dropdown menu under 'Current Watch models' to view specific information and updates related to this series.,"You have successfully selected the 'Apple Watch Series 7' from the dropdown menu. The page now shows information specific to the Apple Watch Series 7, including pricing and material options (e.g., Jet Black Aluminum for GPS + Cellular and GPS models). Further down the page, additional details such as case materials and sizes are provided. For more updates, you could explore the 'Learn more' link or the summary section on this page."
"Find updates for Apple Watch Series 7,8,9 on Apple's website.",click on 'Apple Watch Series 9' in the dropdown menu to view updates specific to this model.,"You have successfully used the dropdown menu to select 'Apple Watch Series 9'. The page now displays specific features and updates for the Apple Watch Series 9, including options for different case materials and display details. You can view details about the screen size, case materials, and display brightness. For more detailed updates or comparisons, you can further explore this page or select additional models from the dropdown menu."
"Find updates for Apple Watch Series 7,8,9 on Apple's website.",click on the 'Apple Watch Series 7' option within the dropdown menu to view updates and specific details about this model.,"You have successfully selected the 'Apple Watch Series 7' from the dropdown menu, which should allow access to specific details about this model. The page appears to be updating the comparison to show relevant features of Series 7. However, only the beginning of the summary is visible. Make sure to review this section further to identify any updates or unique features related to Series 7."
"Find updates for Apple Watch Series 7,8,9 on Apple's website.","click the dropdown menu next to 'Apple Watch Series' and select each model (Series 7, 8, and 9) to view detailed information and updates about them. This action should retrieve specific model descriptions or updates for these series.","You have accessed the dropdown menu showing various Apple Watch models, including Series 7, 8, and 9. You can select these models to view detailed comparisons. The page currently shows a summary of technical specifications, such as case materials and display details. For updates or more detailed information, select each model individually from the dropdown."
"Find updates for Apple Watch Series 7,8,9 on Apple's website.","click the 'Apple Watch Series 7' option from the dropdown menu to view specific updates for this model directly, as it should lead to the relevant details.","You've successfully selected the 'Apple Watch Series 7' from the dropdown menu. The page now displays detailed information about Series 7, including specifications like case materials (aluminum, stainless steel, or titanium), and features such as the LTPO OLED Always-on Retina display with up to 1000 nits brightness. This specific focus should provide updates and detailed information relevant to the Series 7 model. You can also compare it with other models by selecting them from the dropdown menu displayed above."
"Find updates for Apple Watch Series 7,8,9 on Apple's website.",click the 'Apple Watch Series 7' option in the dropdown to view specific updates and details related to this model.,"You have accessed the dropdown menu that allows you to select different Apple Watch models for comparison. The Apple Watch Series 7 is available in the dropdown list. Select it, and the page should provide detailed specifications and comparisons for the Series 7 model. This selection might give you the specific updates and features for the Apple Watch Series 7. Also, consider selecting Series 8 and 9 subsequently for similar updates."
"Find updates for Apple Watch Series 7,8,9 on Apple's website.",click the 'Apple Watch Series 8' option in the dropdown menu under 'More Watch models' to view updates for this model specifically.,"You have selected the 'Apple Watch Series 8' option from the dropdown menu. The page now highlights relevant details for the Apple Watch Series 8, including options for case materials like aluminum and stainless steel, and features like the LTPO OLED Always-on Retina display with up to 1000 nits. Further exploration may reveal more feature updates or specifications specific to the Series 8. Consider browsing through additional sections or scrolling for further information related to this model."