task,user_action,observation
"Compare the color options of iPhone 13 Pro, iPhone 14 Pro and iPhone 15 Pro.",Going to https://www.apple.com/,Went to https://www.apple.com/
"Compare the color options of iPhone 13 Pro, iPhone 14 Pro and iPhone 15 Pro.",click the 'iPhone' link in the navigation bar to access information about different iPhone models.,"You have reached the iPhone section on the Apple website. From here, you can select specific models such as the iPhone 13 Pro, iPhone 14 Pro, and iPhone 15 Pro to view detailed information about each, including color options. To proceed, you should click on each model individually to check their color availability."
"Compare the color options of iPhone 13 Pro, iPhone 14 Pro and iPhone 15 Pro.",click the 'iPhone 14' image/icon in the navigation bar to view details about the iPhone 14 models.,"You are on the 'Buy iPhone 14' page. However, the current view does not display the color options. To find and compare the color options for the iPhone 14 Pro, you need to scroll down or look for a section that details the available finishes or colors, typically labeled as 'Finish' or something similar."
"Compare the color options of iPhone 13 Pro, iPhone 14 Pro and iPhone 15 Pro.",scroll down to reveal the section labeled 'Finish. Pick your favorite look.' to view the color options for the iPhone 14 Pro.,"The current screenshot shows the color options available for the iPhone 14 Pro. The displayed colors include a range of options that are visible as small swatches under the 'Color' section. The colors appear to be shades of white, black, gold, and purple, but the exact descriptions aren't visible. To complete your goal, ensure you note these color options and then repeat a similar process for the iPhone 13 Pro and iPhone 15 Pro models for a full comparison."
"Compare the color options of iPhone 13 Pro, iPhone 14 Pro and iPhone 15 Pro.",click the 'iPhone' link or icon in the navigation bar to go back to the main iPhone page for selecting the iPhone 13 Pro model next.,"The current screenshot appears to be blank or not loaded properly, making it impossible to determine if you're on the main iPhone page or if the navigation was successful. You may need to refresh the page or check your internet connection. Once resolved, you should be able to select the iPhone 13 Pro to view its color options."
"Compare the color options of iPhone 13 Pro, iPhone 14 Pro and iPhone 15 Pro.","refresh the page to ensure that the content loads properly, as the current screen is blank, preventing further navigation.","The screenshot is still blank, indicating there may be a persistent issue with loading the page. This could be due to a connection problem or a technical issue with the website itself. Check your internet connection and try accessing the Apple website from a different browser or device. Once the site is accessible, navigate to the iPhone section again to view the iPhone 13 Pro color options."
"Compare the color options of iPhone 13 Pro, iPhone 14 Pro and iPhone 15 Pro.","Try accessing the Apple website using a different browser or device to see if the page loads correctly. If access is restored, navigate back to the iPhone section and select the iPhone 13 Pro to view its color options.","The webpage is now loading properly, and you're on a general iPhone information page. To proceed with your task of comparing the color options, navigate to the specific iPhone 13 Pro model from here to view its available colors. Look for a section or link that specifies 'iPhone 13 Pro' to find detailed information, including the color options."
"Compare the color options of iPhone 13 Pro, iPhone 14 Pro and iPhone 15 Pro.","scroll down further on the current page to locate the specific section for the iPhone 13 Pro to view its color options, as this section is not visible yet.","You are currently viewing the general iPhone lineup section. It appears that older models like the iPhone 13 Pro are not displayed in this visible area. To find the iPhone 13 Pro color options, consider using the 'Compare all models' link or searching for the iPhone 13 Pro specifically on the page. This might direct you to a section where you can view its specifications, including available colors."
"Compare the color options of iPhone 13 Pro, iPhone 14 Pro and iPhone 15 Pro.",click the 'Compare all models >' link under 'Explore the lineup' to view the iPhone 13 Pro information and check its color options.,"The screenshot shows a comparison between iPhone models, but it's currently displaying the iPhone 16 Pro Max and iPhone 16 Pro instead of the iPhone 13 Pro. You'll need to use the dropdown menus to select the iPhone 13 Pro, iPhone 14 Pro, and iPhone 15 Pro models. Once selected, you should be able to view their respective color options for comparison."
"Compare the color options of iPhone 13 Pro, iPhone 14 Pro and iPhone 15 Pro.",click the 'iPhone' link in the navigation bar at the top to return to the main iPhone page and select the iPhone 13 Pro model next for color comparison.,"The screenshot remains blank, which indicates there might be a continued issue with page loading. This could be related to a browser issue or a persistent connection problem. Consider checking the network connection thoroughly or trying another browser/device to access the Apple website. Once the page is accessible, proceed to select the iPhone 13 Pro to view its color options."
"Compare the color options of iPhone 13 Pro, iPhone 14 Pro and iPhone 15 Pro.",check your internet connection and try to navigate to apple.com again from a different browser or device to resolve the persistent blank screen issue.,"The webpage has successfully loaded, and you are on the main iPhone page of the Apple website. To proceed with comparing the color options for the iPhone 13 Pro, click on the iPhone 13 Pro model link or image from the options displayed at the top. After accessing the page for iPhone 13 Pro, look for the section showcasing color options, typically labeled as 'Finish' or 'Color.' Repeat this for the iPhone 15 Pro following the same steps."
"Compare the color options of iPhone 13 Pro, iPhone 14 Pro and iPhone 15 Pro.",click the 'iPhone 15' icon in the navigation bar to view details about the iPhone 15 models.,"You are on the 'Buy iPhone 15' page. To find the color options for the iPhone 15 Pro, scroll down to the 'Finish' section labeled 'Pick your favorite look,' similar to the process for the iPhone 14 Pro. This section should display color swatches representing the available colors."
"Compare the color options of iPhone 13 Pro, iPhone 14 Pro and iPhone 15 Pro.",scroll down to reveal the section labeled 'Finish. Pick your favorite look.' to view the color options for the iPhone 15 Pro.,"The current screenshot shows the color options for the iPhone 15 Pro. The colors available are indicated by swatches, showing shades of green, blue, silver, black, and white. For a complete comparison, remember to check the colors available for the iPhone 13 Pro as well, and then compare them all to complete your task."
"Compare the color options of iPhone 13 Pro, iPhone 14 Pro and iPhone 15 Pro.",scroll down to view the 'Finish. Pick your favorite look.' section for the iPhone 15 Pro color options.,"The current screenshot does not display the color options for the iPhone 15 Pro. The visible section is focused on trade-in options and payment methods. To compare the color options, continue scrolling or navigate to a section specifically labeled for selecting finishes or colors for the iPhone 15 Pro. This might be found under headings like 'Finish' or 'Color.'"
"Compare the color options of iPhone 13 Pro, iPhone 14 Pro and iPhone 15 Pro.","click the right arrow icon next to the displayed iPhone images to browse more details, possibly including color options for the iPhone 15 Pro.","The current screenshot shows FAQs related to the iPhone 15, but there are no visible color options. To find the specific color options for the iPhone 15 Pro, you'll need to navigate to a section of the page that lists the color finishes or explore a different part of the website that covers detailed product specifications or the buying section for the iPhone 15 Pro."
"Compare the color options of iPhone 13 Pro, iPhone 14 Pro and iPhone 15 Pro.","click the ""Compare all iPhone models"" link to view options for the iPhone 13 Pro, ensuring you can access details about its color options for comparison.","The current screenshot shows the 'Compare iPhone models' page, currently highlighting the iPhone 16 models. To find the color options for the iPhone 13 Pro, you need to change the selected models to include the iPhone 13 Pro. Look for dropdown menus or options that allow you to select different models (i.e., iPhone 13 Pro) to view and compare their details, including available colors."
"Compare the color options of iPhone 13 Pro, iPhone 14 Pro and iPhone 15 Pro.","click the 'iPhone' link in the navigation bar at the top to return to the main iPhone section, enabling selection of the iPhone 13 Pro model.","The screenshot is still blank, indicating there is an issue with loading the webpage. This might be due to persistent connectivity issues or a problem with the browser or device. Consider checking your internet connection, clearing your browser cache, or trying a different device if possible. Once the page is functional, proceed to select the iPhone 13 Pro model to view the color options."
"Compare the color options of iPhone 13 Pro, iPhone 14 Pro and iPhone 15 Pro.",check your internet connection and try opening the Apple website in a different browser or device to see if the content loads correctly.,"The Apple website is loading correctly, and you're in the iPhone section. You can now explore different models. To compare the color options, select 'iPhone 13 Pro' from the available options to view detailed information, including colors. Once you've noted the color options, repeat for the iPhone 15 Pro to complete your comparison."