task,user_action,observation
Search Apple for the accessory Smart Folio for iPad and check the closest pickup availability next to zip code 90038.,Going to https://www.apple.com/,Went to https://www.apple.com/
Search Apple for the accessory Smart Folio for iPad and check the closest pickup availability next to zip code 90038.,"click the search icon, which looks like a magnifying glass, to open the search bar and search for 'Smart Folio for iPad'.","The webpage displays promotional content for AirPods. The search icon at the top right can be used to open the search bar. From there, you can input 'Smart Folio for iPad' to continue your search."
Search Apple for the accessory Smart Folio for iPad and check the closest pickup availability next to zip code 90038.,"click the search icon at the top right, which looks like a magnifying glass, to open the search bar and search for 'Smart Folio for iPad'.",The webpage is currently focused on Apple TV+ and subscription services. The search icon at the top right is visible and can be clicked to open the search bar. You can enter 'Smart Folio for iPad' to proceed with your task.
Search Apple for the accessory Smart Folio for iPad and check the closest pickup availability next to zip code 90038.,"click the search icon at the top right, which looks like a magnifying glass, to open the search bar and search for 'Smart Folio for iPad'.","The search bar is still not engaged. The page is currently displaying content related to Apple TV+. To progress with your task, you need to click the search icon at the top right to open the search bar and enter 'Smart Folio for iPad'. Ensure the search bar is visible and active for input."
Search Apple for the accessory Smart Folio for iPad and check the closest pickup availability next to zip code 90038.,"click the search icon at the top right, which looks like a magnifying glass, to open the search bar and enable input for 'Smart Folio for iPad'.","The Apple TV+ page is still active, and the search bar is not yet engaged. To proceed with your task, click the search icon in the top right corner to activate the search bar. Once the search bar is open, you can input 'Smart Folio for iPad' to search for the accessory. Ensure the search functionality is visible and ready for input."
Search Apple for the accessory Smart Folio for iPad and check the closest pickup availability next to zip code 90038.,"click the search icon, which looks like a magnifying glass, at the top right to open the search bar for input.","The search bar appears to be visible and ready for input. You can enter 'Smart Folio for iPad' to start the search. Once you perform the search, look for the option to check availability and enter the zip code 90038 to find the closest pickup location."
Search Apple for the accessory Smart Folio for iPad and check the closest pickup availability next to zip code 90038.,type 'Smart Folio for iPad' into the search bar with placeholder 'Search' at the top right to start the search for the accessory.,"The search query 'Folio for iPad' appears to be in the search bar, but no results are displayed on the page. It seems like the search didn't execute properly. Try refreshing the page or clicking the search icon again after entering 'Smart Folio for iPad' properly to ensure the search is performed. Once results appear, look for the specific product and its pickup availability."
Search Apple for the accessory Smart Folio for iPad and check the closest pickup availability next to zip code 90038.,type 'Smart Folio for iPad' into the search bar with the placeholder text 'Search apple.com' to start looking for the accessory.,"The search for 'Smart Folio for iPad' returned no results, indicating it might not be searching on the main Apple site but rather just on the current Apple TV+ section. Ensure you're on the main Apple website or try navigating back to the main site. Once there, use the search bar again and verify the whole site is being searched, not just Apple TV+. After finding the product, you can check pickup availability by entering zip code 90038."
Search Apple for the accessory Smart Folio for iPad and check the closest pickup availability next to zip code 90038.,"type 'Smart Folio' in the search bar that currently has 'Folio for iPad' input, then press Enter to initiate a broader search.","The search appears to still be directed towards Apple TV+ content, showing TV shows like ""Bad Sisters"" and ""Ted Lasso."" The search results are not aligned with the accessory query 'Smart Folio for iPad.' It seems the search is not properly targeted at the Apple Store for products. Try accessing the Apple Store directly or ensuring the search is conducted in the right section, focusing specifically on accessories or iPad products, rather than services or media content."
Search Apple for the accessory Smart Folio for iPad and check the closest pickup availability next to zip code 90038.,type 'Smart Folio for iPad' into the search bar at the top right with placeholder text 'Search apple.com' to start the search.,"The search query for 'Smart Folio for iPad' returned no results. It seems the search is not targeting the appropriate section of the Apple website. Ensure you are searching on the main Apple site rather than the Apple TV section. Try searching again from the main Apple homepage, making sure the search context is set for all of Apple.com, not just Apple TV+. Once you have results, look for pickup availability near zip code 90038."
Search Apple for the accessory Smart Folio for iPad and check the closest pickup availability next to zip code 90038.,modify the search input in the search bar to 'Smart Folio',"The search input 'Smart Folio' is in the search bar, but the results displayed are still related to Apple TV shows and not to accessories. It appears the search is not yet directed at Apple products or the store. You may need to navigate to the Apple Store section of the website and perform the search there to get relevant results for the accessory. Look for a main menu or link to 'Store' and then try searching again in that section."
Search Apple for the accessory Smart Folio for iPad and check the closest pickup availability next to zip code 90038.,type 'Smart Folio for iPad' into the search bar with 'Search' placeholder at the top right next to the magnifying glass icon.,"The search for 'Smart Folio for iPad' returned no results on the Apple TV+ section, indicating you might be on the wrong category or page. Try navigating directly to the main Apple Store or iPad Accessories section, and then use the search bar there. Ensure you are on the Apple Store site to find product availability and check pickup options."
Search Apple for the accessory Smart Folio for iPad and check the closest pickup availability next to zip code 90038.,go back to the previous page by clicking the back button in the browser to reattempt the search on the correct Apple homepage instead of Apple TV+.,"The page is still displaying content related to Apple TV+. It appears you haven't successfully navigated back to the main Apple homepage. To continue, ensure you're on the correct homepage. Consider manually entering the URL for the Apple homepage or use the site's navigation options to find the accessory section."
Search Apple for the accessory Smart Folio for iPad and check the closest pickup availability next to zip code 90038.,type 'Smart Folio for iPad' into the search bar with the placeholder 'Search' to find the accessory.,"It seems the search input 'Folio for iPad' is visible in the search bar, but the Apple TV+ page is still displayed. This implies that the search was not executed. Try pressing 'Enter' after typing 'Smart Folio for iPad' in the search bar to ensure the search is performed. Once results are displayed, proceed to check the product's pickup availability near zip code 90038."
Search Apple for the accessory Smart Folio for iPad and check the closest pickup availability next to zip code 90038.,"type 'Smart Folio for iPad' into the search bar, which is now visible at the top right.","The search returned no results for 'Smart Folio for iPad' on the Apple TV+ page. It seems you might still be in the wrong section of the Apple website. Ensure you're on the main Apple homepage or the ""Store"" section to perform the search. Re-enter 'Smart Folio for iPad' and verify the website to get accurate search results.

Once on the correct page, look for the option to check availability and enter the zip code 90038 for pickup locations."
Search Apple for the accessory Smart Folio for iPad and check the closest pickup availability next to zip code 90038.,"click the Apple logo at the top left corner to return to the main Apple homepage, where you can perform a search for 'Smart Folio for iPad' to find the accessory.","You're still on the Apple TV+ page. To proceed, click the Apple logo to return to the Apple homepage. Once there, use the search bar to enter 'Smart Folio for iPad'. After searching, check for the pickup availability option, and enter zip code 90038 to find the closest location."
Search Apple for the accessory Smart Folio for iPad and check the closest pickup availability next to zip code 90038.,type 'Smart Folio for iPad' in the search bar labeled 'Search' at the top right to find the product.,"The search bar currently shows 'Folio for iPad,' but it seems the search hasn't executed as the page content is still displaying Apple TV+ information. Try pressing 'Enter' after typing 'Smart Folio for iPad' to ensure the search is performed. Once results appear, look for the Smart Folio product and check its pickup availability by entering zip code 90038."
Search Apple for the accessory Smart Folio for iPad and check the closest pickup availability next to zip code 90038.,"type 'Smart Folio for iPad' in the search bar at the top right, which is now active and ready for input, to start the search for the accessory.","The search for 'Smart Folio for iPad' returned no results, as it seems the search was conducted on the Apple TV+ section rather than the main Apple site. To find the Smart Folio, ensure you are searching from the main Apple website or directly under the ""Shop"" or ""Store"" section. Re-enter the search term there to get relevant results. Once you have the correct product page, you can check availability by entering the zip code 90038."
Search Apple for the accessory Smart Folio for iPad and check the closest pickup availability next to zip code 90038.,"type 'Smart Folio for iPad' into the search bar, which has 'Folio for iPad' already typed but no results, making sure the complete name is correct for the item search.","The search for 'Smart Folio for iPad' returned no results on the current page, which appears to be from Apple TV+. It seems you're not on the main Apple site where products can be searched. 

To correct this, ensure you are on the Apple main homepage (https://www.apple.com/) before entering 'Smart Folio for iPad' into the search bar. Once on the correct page, perform the search again and look for the pickup availability option for zip code 90038."
Search Apple for the accessory Smart Folio for iPad and check the closest pickup availability next to zip code 90038.,"click on the Apple logo at the top to return to the main page, then click the search icon again and type 'Smart Folio for iPad' in the search bar that appears.","The search query 'Smart Folio for iPad' resulted in no matches on the Apple TV+ section of the site. It appears you may be in a different section of Apple's website. Try returning to the main Apple website and ensuring you are using the main search function for products. Once you're on the product page, check the availability for the Smart Folio by entering the zip code 90038."
Search Apple for the accessory Smart Folio for iPad and check the closest pickup availability next to zip code 90038.,"click the search bar at the top right and type 'Smart Folio' to start a new search, excluding specific mention of iPad to broaden results.","It seems the search is again yielding unrelated results, focusing on TV shows available on Apple TV+. This indicates that the search query 'Smart Folio' is not being processed correctly for product results. Ensure that you are on the main Apple website and not the Apple TV+ section. Try clicking on the Apple logo to return to the main site, and perform the search again. Make sure to enter 'Smart Folio for iPad' and verify you're using the general search functionality, not limited to media content."
Search Apple for the accessory Smart Folio for iPad and check the closest pickup availability next to zip code 90038.,type 'Smart Folio for iPad' into the search bar with the text 'Search Apple.com' to find the accessory.,"The search results indicate 'No Results' for 'Smart Folio for iPad' on the Apple TV+ section. It seems the search is being conducted within the Apple TV+ domain, not the main Apple Store. To rectify this, try accessing the main Apple Store page and search again. Ensure you are not in a specific service like Apple TV+ and that the search is performed across Apple’s entire site."
Search Apple for the accessory Smart Folio for iPad and check the closest pickup availability next to zip code 90038.,"type 'Smart Folio for iPad' in the search bar at the top right, which currently has 'Folio for iPad' input. Enter the correct search term to get results for the product you need.","The search results indicate ""No Results"" for 'Smart Folio for iPad' on the Apple TV+ section. It seems you might be in the wrong section of the website. Ensure you're searching within the main Apple site, not a specific service like Apple TV+. Try navigating to the main Apple page and using the search bar from there, ensuring you're in the correct section for the products. Then enter 'Smart Folio for iPad' again to find the product and check availability for zip code 90038."
Search Apple for the accessory Smart Folio for iPad and check the closest pickup availability next to zip code 90038.,"click the 'Apple TV+' logo to return to the main Apple product site and perform the search again, ensuring you're on the main site instead of Apple TV+.",You are still on the Apple TV+ page. Clicking the 'Apple TV+' logo might not take you back to the main Apple site. Try accessing the Apple website directly by typing 'www.apple.com' into the browser's address bar to ensure you are on the main site. Then proceed to use the search bar to find 'Smart Folio for iPad' and check its pickup availability near zip code 90038.