task,user_action,observation
"What Apple Repair ways are mentioned on apple website, answer 2 of them.",Going to https://www.apple.com/,Went to https://www.apple.com/
"What Apple Repair ways are mentioned on apple website, answer 2 of them.",click the 'Support' link in the top navigation bar. This will take you to the support page where repair options are likely to be found.,"The Apple Support page offers a link to 'Apple Repair,' which likely includes different repair options. Clicking on this link will provide detailed information about repair services and methods."
"What Apple Repair ways are mentioned on apple website, answer 2 of them.","click the 'Apple Repair' link, which is located under the icons for various product support options. This link will provide detailed information about the different repair options available through Apple.","The Apple website mentions several repair options:

1. **Send your product to Apple**: Allows you to arrange for shipment to an Apple Repair Center.

2. **Find an Apple Authorized Service Provider**: Gives you access to a network of service providers for convenient repairs."
"What Apple Repair ways are mentioned on apple website, answer 2 of them.",Summarizing last observations,"The most recent observations from the Apple Repair page indicate two repair options mentioned:

1. **Send your product to Apple**: This allows customers to arrange online or over the phone for their product to be shipped to an Apple Repair Center without needing an appointment.
2. **Find an Apple Authorized Service Provider**: Customers can access various convenient locations for repairs through the network of Apple Authorized Service Providers.

These reflect the most recent observations. Please refer to the complete task history for full context and details on other repair options available."