task,user_action,observation
Find out the trade-in value for an iPhone 13 Pro Max in good condition on the Apple website.,Going to https://www.apple.com/,Went to https://www.apple.com/
Find out the trade-in value for an iPhone 13 Pro Max in good condition on the Apple website.,"click ""iPhone"" link in the top navigation menu to explore trade-in options specific to iPhones.","You navigated to the iPhone section on Apple's website. The page shows a header image and highlights available iPhone models. To find the trade-in value for the iPhone 13 Pro Max, you should look for a trade-in option or link, possibly under a 'Shop iPhone' or 'Trade-In' section on this page."
Find out the trade-in value for an iPhone 13 Pro Max in good condition on the Apple website.,"click ""Shop iPhone"" link to explore trade-in options and get the trade-in value for the iPhone 13 Pro Max.","You are now on the 'Shop iPhone' page, which highlights new iPhone models. This page primarily focuses on purchasing options rather than trade-in values. To find trade-in information, look for a dedicated 'Trade-In' link or option, possibly located in the top navigation menu or under sections such as 'Ways to Save' or 'Accessories' that relate to trade-in deals."
Find out the trade-in value for an iPhone 13 Pro Max in good condition on the Apple website.,"click ""Ways to Save"" link to explore potential trade-in options for the iPhone 13 Pro Max.",You are on the 'Ways to Save' page. The section mentions an Apple Trade-In option where you can get $180–$650 in credit toward iPhone 16 or iPhone 16 Pro when you trade in an iPhone 12 or higher. It does not specify the exact value for an iPhone 13 Pro Max in good condition. You may need to click the 'Trade in your current device' section to get a more specific estimate.
Find out the trade-in value for an iPhone 13 Pro Max in good condition on the Apple website.,"click the ""Trade in your current device"" section to get more specific trade-in estimates for the iPhone 13 Pro Max.","You have successfully accessed the trade-in value information for the iPhone 13 Pro Max. According to the screenshot, the trade-in value for an iPhone 13 Pro Max in good condition can be up to $400. This information is consistent with your current task of finding out the trade-in value on the Apple website."
Find out the trade-in value for an iPhone 13 Pro Max in good condition on the Apple website.,Summarizing last observations,"The most recent observations reveal that the trade-in value for an iPhone 13 Pro Max in good condition on Apple's website can be up to $400. The information was found under the ""Trade in your current device"" section. Current screenshots of the ""Ways to Save"" page reinforce the presence of trade-in options but do not specify values beyond this observation. This summary only reflects the latest findings; refer to the complete task history for full context and details."