task,user_action,observation
"On Apple's website, check the estimated battery life of the latest MacBook Air during web browsing in Tech Specs.",Going to https://www.apple.com/,Went to https://www.apple.com/
"On Apple's website, check the estimated battery life of the latest MacBook Air during web browsing in Tech Specs.","click on the ""Mac"" link in the top navigation bar to access the Mac product page where the latest MacBook Air details can be found.","You have successfully navigated to the Mac section of Apple's website. The page shows various Mac models, including the MacBook Air. For the next step, click on the 'MacBook Air' link to access its product details and technical specifications, where you can find information on the estimated battery life during web browsing."
"On Apple's website, check the estimated battery life of the latest MacBook Air during web browsing in Tech Specs.",click the 'MacBook Air' link in the top navigation to access its product details and technical specifications.,"You have successfully accessed the MacBook Air product page. The screenshot shows information about the MacBook Air with the M3 chip, highlighting a battery life of up to 18 hours, indicating this estimate is likely for web browsing scenarios. For more detailed technical specifications, you may click on the 'Tech Specs' tab near the top of the page."
"On Apple's website, check the estimated battery life of the latest MacBook Air during web browsing in Tech Specs.","click the 'Tech Specs' tab near the top to view detailed technical specifications, including precise battery life information during web browsing.","The screenshot shows the MacBook Air technical specifications page, displaying details about the chip options (M2 and M3) and other hardware features. However, specific battery life information is not visible. Further scrolling may be needed to find the estimated battery life during web browsing."
"On Apple's website, check the estimated battery life of the latest MacBook Air during web browsing in Tech Specs.",scroll down to see more detailed specifications that may include the estimated battery life during web browsing.,"Scrolling has revealed detailed specifications for the MacBook Air's hardware, including chip options and display features. However, the estimated battery life during web browsing is not yet visible in these details. Further scrolling may uncover the specific battery life information needed for your task."
"On Apple's website, check the estimated battery life of the latest MacBook Air during web browsing in Tech Specs.",scroll down further to locate the battery life section which may specify the estimated battery life during web browsing.,The screenshot shows the battery specifications for the MacBook Air. It indicates that the device offers up to 15 hours of wireless web browsing. This information fulfills your task of checking the estimated battery life during web browsing in the Tech Specs section.
"On Apple's website, check the estimated battery life of the latest MacBook Air during web browsing in Tech Specs.",Summarizing last observations,"This summary reflects only the latest observations. The MacBook Air's battery life specification has been located on Apple's website. The estimated battery life during web browsing is up to 15 hours, as seen in the technical specifications section. For full context and details of the navigation process, refer to the complete task history."