task,user_action,observation
Find the maximum video recording resolution supported by the latest iPad mini on the Apple website.,Going to https://www.apple.com/,Went to https://www.apple.com/
Find the maximum video recording resolution supported by the latest iPad mini on the Apple website.,click the 'iPad' link in the navigation bar at the top to access information about the latest iPad mini.,"You successfully accessed the iPad section on the Apple website. The page shows various iPad options, including the iPad mini. To find the specific video recording resolution for the latest iPad mini, you need to click on the 'iPad mini' link to view its specifications or details."
Find the maximum video recording resolution supported by the latest iPad mini on the Apple website.,click the 'iPad mini New' link in the navigation bar to access the specific details about the iPad mini.,"You have reached the iPad mini page on the Apple website. The page highlights key features of the iPad mini. To find the video recording resolution, you should look for a 'Tech Specs' or 'Specifications' link or section, which typically contains detailed information about the device's capabilities, including camera specifications."
Find the maximum video recording resolution supported by the latest iPad mini on the Apple website.,click the 'Tech Specs' link in the top navigation bar to view detailed specifications including camera capabilities.,"The page displays the technical specifications of the iPad mini, but the camera specifications, including the video recording resolution, are not visible in the current screenshot. You'll need to scroll or search within the 'Tech Specs' section to locate details about camera capabilities and video recording resolution."
Find the maximum video recording resolution supported by the latest iPad mini on the Apple website.,scroll down the page to find the camera specifications section that includes the video recording resolution.,"The camera specifications, including the video recording resolution, are not visible in the current screenshot. You'll need to scroll further down the 'Tech Specs' section to find the detailed camera specifications for the iPad mini."
Find the maximum video recording resolution supported by the latest iPad mini on the Apple website.,scroll further down the page to locate the camera specifications section where the video recording resolution is detailed.,"The screenshot shows the start of the camera specifications section for the iPad mini, but the maximum video recording resolution is not yet visible. You may need to scroll further to find the detailed video recording capabilities, such as resolution or frame rate details."
Find the maximum video recording resolution supported by the latest iPad mini on the Apple website.,"scroll down further to see more details about the camera specifications, including the video recording resolution.","The maximum video recording resolution supported by the latest iPad mini is 4K at 24 fps, 25 fps, 30 fps, or 60 fps."
Find the maximum video recording resolution supported by the latest iPad mini on the Apple website.,Summarizing last observations,"The most recent observations indicate that the latest iPad mini supports a maximum video recording resolution of 4K at 24 fps, 25 fps, 30 fps, or 60 fps. This summary reflects only the latest observations, and for complete context and details, referring to the full task history is recommended."