task,user_action,observation
"How much does it cost to buy an ipad mini with 64GB storage and Wi-Fi + Cellular connectivity? (no engraving, no apple pencil, no smart folio, no apple trade-in).",Going to https://www.apple.com/,Went to https://www.apple.com/
"How much does it cost to buy an ipad mini with 64GB storage and Wi-Fi + Cellular connectivity? (no engraving, no apple pencil, no smart folio, no apple trade-in).","click the 'iPad' link in the top navigation bar to explore available iPad models, including iPad Mini.","You have reached the 'Shop iPad' landing page on Apple's website. Here, you can see options for different iPad models, including iPad Pro and iPad Air. However, the iPad Mini is not visible in this part of the page. You may need to scroll or navigate further to find the iPad Mini and check its pricing details."
"How much does it cost to buy an ipad mini with 64GB storage and Wi-Fi + Cellular connectivity? (no engraving, no apple pencil, no smart folio, no apple trade-in).","scroll down to reveal more iPad models and options, including the iPad Mini, if available.","The screenshot shows options like comparing models and trade-in programs, but it doesn't display the iPad Mini specifically or its pricing information. To proceed, keep scrolling down or use the 'Compare All Models' option to find the iPad Mini details, including its price for the specified configuration."
"How much does it cost to buy an ipad mini with 64GB storage and Wi-Fi + Cellular connectivity? (no engraving, no apple pencil, no smart folio, no apple trade-in).",click the 'Compare All Models' section to find the iPad Mini and view the pricing details for the 64GB Wi-Fi + Cellular option.,"The screenshot shows the 'Compare All Models' section, but it doesn't display detailed pricing or specifications for the iPad Mini. To progress, click the 'Which iPad is right for you?' link to further narrow down the options and access more specific details about the iPad Mini."
"How much does it cost to buy an ipad mini with 64GB storage and Wi-Fi + Cellular connectivity? (no engraving, no apple pencil, no smart folio, no apple trade-in).","click the 'Which iPad is right for you?' link to see detailed information about various iPad models, including the iPad Mini, to find its pricing for the specified configuration.","You have reached the 'Which iPad is right for you?' section. However, this area appears to focus more on guides and savings options rather than listing specific model details. To find the iPad Mini pricing for the 64GB Wi-Fi + Cellular option, you may need to click on the 'Compare All Models' section or directly access the product page for the iPad Mini if available. This will likely provide specific configurations and pricing options."
"How much does it cost to buy an ipad mini with 64GB storage and Wi-Fi + Cellular connectivity? (no engraving, no apple pencil, no smart folio, no apple trade-in).","scroll down to see if more details about specific iPad models, including the iPad Mini, are available below this section, focusing on product configurations and pricing information.","The current screenshot doesn't provide information about specific iPad models or their pricing. Instead, it highlights holiday picks and offerings such as delivery options and accessories like the Apple Pencil Pro.

To find the price of the iPad Mini with 64GB storage and Wi-Fi + Cellular connectivity, you may need to scroll further or use the search function to directly access the iPad Mini product page."
"How much does it cost to buy an ipad mini with 64GB storage and Wi-Fi + Cellular connectivity? (no engraving, no apple pencil, no smart folio, no apple trade-in).",scroll further down the page to locate the iPad Mini product section to find specific pricing configurations.,"The current screenshot continues to show general information and holiday picks without specific iPad model details, including the iPad Mini and its pricing. It might be necessary to use the website's navigation or search feature to directly locate the iPad Mini product page. Ensure you are in the right section focused on Apple products and model comparisons."
"How much does it cost to buy an ipad mini with 64GB storage and Wi-Fi + Cellular connectivity? (no engraving, no apple pencil, no smart folio, no apple trade-in).",scroll down further to find more specific information or access the search feature to directly locate the iPad Mini product page for pricing details.,"The screenshot shows promotional information about the iPad experience and special savings but doesn't provide specific details about iPad models or pricing, especially the iPad Mini.

To find the iPad Mini with 64GB storage and Wi-Fi + Cellular connectivity, try using the website's search feature or navigate directly to the iPad Mini product page to view specific pricing options."
"How much does it cost to buy an ipad mini with 64GB storage and Wi-Fi + Cellular connectivity? (no engraving, no apple pencil, no smart folio, no apple trade-in).","scroll down further to locate specific iPad models, focusing on finding the iPad Mini with its pricing details.","The current screenshot shows information about special pricing for students and educators, as well as enterprise solutions, but it doesn't include specific details about individual iPad models such as the iPad Mini. To find the pricing for the iPad Mini with 64GB and Wi-Fi + Cellular, you may need to return to the main iPad model selection page or use the search function on the website to locate the direct product page for the iPad Mini."
"How much does it cost to buy an ipad mini with 64GB storage and Wi-Fi + Cellular connectivity? (no engraving, no apple pencil, no smart folio, no apple trade-in).","scroll down to view more content below the current section, looking for the specific iPad Mini product page to find pricing information for the 64GB Wi-Fi + Cellular option.","The current screenshot does not display pricing or product information for the iPad Mini. It focuses on financing details and general terms. To find the pricing for the iPad Mini with 64GB storage and Wi-Fi + Cellular connectivity, try navigating directly to the iPad Mini product page using the site's search function or the main navigation options, focusing specifically on 'Shop iPad' for the product details."
"How much does it cost to buy an ipad mini with 64GB storage and Wi-Fi + Cellular connectivity? (no engraving, no apple pencil, no smart folio, no apple trade-in).",scroll up to return to the main section and locate a search bar or navigation options that lead directly to the iPad Mini product page for detailed configurations and pricing information.,"The current screenshot shows information related to special savings for education and business, but it does not include specific details or links to the iPad Mini or its pricing. It still seems necessary to switch strategies, such as using the search functionality or directly navigating to the iPad section from the main menu. This would better assist in directly accessing the iPad Mini product page to find the required pricing information."
"How much does it cost to buy an ipad mini with 64GB storage and Wi-Fi + Cellular connectivity? (no engraving, no apple pencil, no smart folio, no apple trade-in).","scroll down further on the page to try to locate specific details about iPad models, including the iPad Mini, focusing on configurations and pricing.","The current screenshot shows the footer of the Apple website, providing various links to sections like 'Apple Store Online' and 'Shop iPad', but does not provide details or pricing for the iPad Mini. To find the specific pricing details about the iPad Mini with 64GB storage and Wi-Fi + Cellular connectivity, consider using the 'Shop iPad' link or the search feature at the top of the page to directly navigate to the iPad Mini product page."
"How much does it cost to buy an ipad mini with 64GB storage and Wi-Fi + Cellular connectivity? (no engraving, no apple pencil, no smart folio, no apple trade-in).",use the search function to look for 'iPad Mini' by typing it into the search bar with the placeholder 'Search apple.com' to directly access its product page and find the pricing for the specified configuration.,"The current screenshot does not display any results or product details related to the iPad Mini. It appears to be showing the footer section of the Apple website, which contains links to various categories and services but not specific product information. Ensure you are using the search bar effectively to find 'iPad Mini' and access the correct product page for detailed pricing information."
"How much does it cost to buy an ipad mini with 64GB storage and Wi-Fi + Cellular connectivity? (no engraving, no apple pencil, no smart folio, no apple trade-in).",scroll up to the top of the page to access the search bar and type 'iPad Mini 64GB Wi-Fi + Cellular' to directly find the product page with pricing details.,"The current screenshot doesn't show the search bar at the top or any specific information regarding the iPad Mini and its pricing. It mainly displays promotional offers for education and business pricing. You should scroll all the way to the top to access the website's search functionality, where you can type 'iPad Mini 64GB Wi-Fi + Cellular' to go directly to the product page for pricing details."
"How much does it cost to buy an ipad mini with 64GB storage and Wi-Fi + Cellular connectivity? (no engraving, no apple pencil, no smart folio, no apple trade-in).","scroll down further to continue looking for specific iPad model listings, like the iPad Mini, to find pricing information for the 64GB Wi-Fi + Cellular configuration.","The current screenshot primarily contains fine print, terms, and footer information. It doesn't provide details about the iPad Mini's pricing or specifications.

To find the iPad Mini pricing, consider using the website's navigation menu to go directly to the iPad Mini product page, or use the search feature to locate it faster. This should lead to specific product configurations and pricing information for your desired model."
"How much does it cost to buy an ipad mini with 64GB storage and Wi-Fi + Cellular connectivity? (no engraving, no apple pencil, no smart folio, no apple trade-in).",click the 'iPad' link in the footer under 'Shop and Learn' to go directly to all iPad models and find the iPad Mini pricing.,You have reached the iPad section with an option to view specific models including the iPad Mini. The top navigation now includes a link for 'iPad mini'. Click on the 'iPad mini' link to access the product page where you can view pricing details for the 64GB Wi-Fi + Cellular configuration.
"How much does it cost to buy an ipad mini with 64GB storage and Wi-Fi + Cellular connectivity? (no engraving, no apple pencil, no smart folio, no apple trade-in).",click the 'iPad mini New' link in the top navigation bar to access the iPad Mini product page and view pricing for the 64GB Wi-Fi + Cellular option.,"You have reached the iPad Mini product page. This page provides an overview of the iPad Mini's features such as the A17 Pro chip and color options. However, the specific pricing details for the 64GB Wi-Fi + Cellular configuration are not visible in the current view. To find this information, try clicking on the 'Buy' button or scroll further down the page to access detailed pricing and configuration options."
"How much does it cost to buy an ipad mini with 64GB storage and Wi-Fi + Cellular connectivity? (no engraving, no apple pencil, no smart folio, no apple trade-in).","click the 'Buy' button on the top right to view purchasing options and pricing details for the iPad Mini, including the 64GB Wi-Fi + Cellular configuration.","The screenshot shows the 'Buy iPad Mini' page. The starting price is displayed as $499 or $41.58/month for 12 months. However, this likely refers to the base model. To confirm the price for the iPad Mini with 64GB storage and Wi-Fi + Cellular, you'll need to scroll further to select the specific configuration and view the updated price."
"How much does it cost to buy an ipad mini with 64GB storage and Wi-Fi + Cellular connectivity? (no engraving, no apple pencil, no smart folio, no apple trade-in).","scroll down to access the storage and connectivity options, where you can select the 64GB and Wi-Fi + Cellular configuration for the iPad Mini.","The current screenshot shows the storage options for the iPad Mini, but only displays 128GB and 512GB configurations. It does not include the 64GB storage option. To find pricing for the 64GB model, ensure you access the configurations section that specifically includes this storage variant along with Wi-Fi + Cellular connectivity. There might be a need to scroll further or check if there was an oversight or update on the page that provides 64GB options."
"How much does it cost to buy an ipad mini with 64GB storage and Wi-Fi + Cellular connectivity? (no engraving, no apple pencil, no smart folio, no apple trade-in).","scroll down to find the price details for the 64GB Wi-Fi + Cellular configuration on the iPad Mini product page, as the current view only shows different storage options without prices.","The screenshot shows the iPad mini page with a general starting price ""From $499"" indicated at the top. To confirm the price for the 64GB Wi-Fi + Cellular configuration, you may need to select this specific configuration or scroll further to find detailed pricing options for that variant. Currently, the exact price isn't fully visible. Consider exploring the configuration options or using the dropdown if available to specify the desired model and connectivity details."
"How much does it cost to buy an ipad mini with 64GB storage and Wi-Fi + Cellular connectivity? (no engraving, no apple pencil, no smart folio, no apple trade-in).",click on the 'Wi-Fi + Cellular' option on the right to view pricing details for the iPad Mini with the desired connectivity.,The price for the iPad Mini with 64GB storage and Wi-Fi + Cellular connectivity is shown as starting from $649 or $54.08 per month for 12 months. This amount does not include additional options like engraving.
"How much does it cost to buy an ipad mini with 64GB storage and Wi-Fi + Cellular connectivity? (no engraving, no apple pencil, no smart folio, no apple trade-in).",Summarizing last observations,"The most recent observations from the screenshots show that the iPad Mini with Wi-Fi + Cellular connectivity is priced from $649. This summary reflects only the latest observations. For complete context and detailed task history, please refer to the full navigation history."