task,user_action_and_explanation,observation
"Use Cambridge Dictionary to understand the use of articles ('a', 'an', 'the') in English Grammar, including examples of usage with both countable and uncountable nouns.",Going to https://dictionary.cambridge.org/,Went to https://dictionary.cambridge.org/
"Use Cambridge Dictionary to understand the use of articles ('a', 'an', 'the') in English Grammar, including examples of usage with both countable and uncountable nouns.",click on the 'Grammar' link to navigate to the grammar section for information on the use of articles.,"The user has successfully navigated to the English Grammar section on the Cambridge Dictionary website. The page offers sections to explore various grammar topics, including nouns, pronouns, and determiners, which likely covers articles such as 'a', 'an', and 'the'. The user can now click on 'Nouns, pronouns and determiners' to find specific information on the use of articles, including examples with countable and uncountable nouns. The webpage also mentions key features such as clear explanations and real-life examples, which can aid in understanding."
"Use Cambridge Dictionary to understand the use of articles ('a', 'an', 'the') in English Grammar, including examples of usage with both countable and uncountable nouns.","click on the 'Nouns, pronouns and determiners' link to access information on articles including examples of usage.","You have navigated to the 'Nouns, pronouns and determiners' section. This section provides options to explore topics like determiners, nouns, and noun phrases, which will include information about articles ('a', 'an', 'the'). To understand the use of articles and get examples of usage with both countable and uncountable nouns, you should click on the 'Determiners' link."
"Use Cambridge Dictionary to understand the use of articles ('a', 'an', 'the') in English Grammar, including examples of usage with both countable and uncountable nouns.",click on the 'Determiners' link to access specific information about articles including examples of their usage.,"You have reached the 'Determiners' section on the Cambridge Dictionary website. This page lists various topics related to determiners, including a section specifically for articles ('a', 'an', the'). To access detailed information on articles with examples of their use with countable and uncountable nouns, click on the 'A/an and the' link."
"Use Cambridge Dictionary to understand the use of articles ('a', 'an', 'the') in English Grammar, including examples of usage with both countable and uncountable nouns.",click on the 'A/an and the' link to access detailed information and examples of usage with countable and uncountable nouns.,"You have accessed the 'A/an and the' section on the Cambridge Dictionary website. This page provides detailed explanations of the use of articles 'a', 'an', and 'the'. It describes how 'a/an' is used before a noun when the object is not known to the speaker or listener, indicating indefinite articles. Conversely, 'the' is used to denote something specific or known to both the speaker and listener. It includes examples with both countable and uncountable nouns to illustrate these points effectively. The page also provides comparison examples to clarify the specific versus non-specific use of articles."
"Use Cambridge Dictionary to understand the use of articles ('a', 'an', 'the') in English Grammar, including examples of usage with both countable and uncountable nouns.",Summarizing last observations,"This summary reflects only the most recent observations regarding the use of articles 'a', 'an', and 'the' from the Cambridge Dictionary:

The 'A/an and the' section provides detailed insights into articles as determiners preceding nouns. 'A/an' is used for indefinite nouns not known to the speaker and listener. For example, ""Do you have a car?"". In contrast, 'the' specifies known items, as seen in sentences like ""Where did we park the car?"". Various examples clarify their use with countable and uncountable nouns. 'A/an' appears with singular countable nouns (e.g., ""an apple""), while 'the' can be paired with plural or specific uncountable nouns (""the rice"", ""the books""). The page explains pronunciation (""the apple"" vs. ""the team"") and usage nuances, such as avoiding 'a/an' with uncountable nouns, suggesting phrases like ""a bit of news"" for specificity. 

Refer to the complete task history for full context and additional details."