task,user_action,observation
"Find the grammar for present perfect simple uses in English, including examples of affirmative, negative, and interrogative sentences, on the Cambridge Dictionary website.",Going to https://dictionary.cambridge.org/,Went to https://dictionary.cambridge.org/
"Find the grammar for present perfect simple uses in English, including examples of affirmative, negative, and interrogative sentences, on the Cambridge Dictionary website.","click ""Grammar"" under the 'Explore the Cambridge Dictionary' section to access grammar resources and find information about present perfect simple.","You have accessed the Cambridge Dictionary's Grammar section. The page provides an option to explore and search for detailed grammar explanations and examples. To find information on the present perfect simple tense, you can use the search bar at the top by entering 'present perfect simple,' or navigate through the 'Verbs' section listed under 'Explore the English Grammar.' This section will likely contain the tense information you're seeking."
"Find the grammar for present perfect simple uses in English, including examples of affirmative, negative, and interrogative sentences, on the Cambridge Dictionary website.",type 'present perfect simple' into the 'Search Grammar' bar to find specific information and examples about its uses and structures.,"The search for 'present perfect simple' has led to a page comparing 'Past simple or present perfect?' While it briefly touches upon the present perfect (e.g., ""I have worked""), it does not provide a dedicated explanation with examples for affirmative, negative, and interrogative sentences. To find detailed usage and examples specific to present perfect simple, continue scrolling or use the site's navigation to look for more targeted sections related to verb tenses."
"Find the grammar for present perfect simple uses in English, including examples of affirmative, negative, and interrogative sentences, on the Cambridge Dictionary website.","scroll down to explore more examples and dedicated sections on present perfect simple uses, focusing on finding examples of affirmative, negative, and interrogative sentences as indicated by the content layout.","The screenshot displays a section that compares past simple and present perfect, providing some context on their usage. It includes examples like ""I haven't finished my homework yet"" (negative), ""We have had a good day so far"" (affirmative), and addresses their time frames. However, it does not provide thorough explanations or examples of interrogative forms of the present perfect simple. You may need to click on the link labeled 'Present perfect simple (I have worked)' for a more comprehensive explanation and examples of affirmative, negative, and interrogative sentences."
"Find the grammar for present perfect simple uses in English, including examples of affirmative, negative, and interrogative sentences, on the Cambridge Dictionary website.","click on the link labeled 'Present perfect simple (I have worked)' to access a more comprehensive explanation and examples of affirmative, negative, and interrogative sentences for the present perfect simple.","You have accessed the page on 'Present perfect simple' that provides a comprehensive explanation of its uses and structures. It includes examples of affirmative (e.g., ""I have worked""), negative (e.g., ""I haven't worked""), and interrogative sentences (e.g., ""Have I worked?""). The page discusses the form, using 'have/has' with the past participle of the verb, and differentiates between full and short forms for affirmative and negative statements. This fulfills your task of finding specific grammar rules and examples for the present perfect simple tense."
"Find the grammar for present perfect simple uses in English, including examples of affirmative, negative, and interrogative sentences, on the Cambridge Dictionary website.",Summarizing last observations,"This summary reflects the most recent observations only. Upon accessing the 'Present perfect simple' page, you found a comprehensive explanation of its uses and structures on the Cambridge Dictionary website. It includes examples of affirmative sentences like ""I have worked,"" negative sentences such as ""I haven't worked,"" and interrogative forms including ""Have I worked?"" The page details how to form the present perfect simple using 'have/has' combined with the past participle of the verb. It also explains the distinction between full and short forms for affirmative and negative statements. For full context and previous steps, please refer to the complete task history."