task,user_action,observation
"Use the Cambridge Dictionary to find the pronunciation, definition, and one example sentence for the word \""concatenate\"".",Going to https://dictionary.cambridge.org/,Went to https://dictionary.cambridge.org/
"Use the Cambridge Dictionary to find the pronunciation, definition, and one example sentence for the word \""concatenate\"".","type in the search bar with placeholder 'Search English–Chinese (Traditional)' the word 'concatenate' to find its pronunciation, definition, and example sentence.","The task was completed successfully. The pronunciation of ""concatenate"" is provided with both UK (/kənˈkæt.ə.neɪt/) and US (/kənˈkæt.ə.neɪt/) phonetic representations. The definition given is ""to put things together as a connected series."" An example sentence is ""The filename is a series of concatenated words with no spaces."" Additional example sentences can be found in the examples section."
"Use the Cambridge Dictionary to find the pronunciation, definition, and one example sentence for the word \""concatenate\"".",Summarizing last observations,"The task to find the pronunciation, definition, and an example sentence for the word ""concatenate"" using the Cambridge Dictionary has been successfully completed. The pronunciation is shown as UK (/kənˈkæt.ə.neɪt/) and US (/kənˈkæt.ə.neɪt/). The definition provided is ""to put things together as a connected series."" An example sentence is ""The filename is a series of concatenated words with no spaces."" Additional example sentences are available in the examples section. 

This summary reflects only the latest observations. Please refer to the complete task history for full context and details."