task,user_action_and_explanation,observation
"Look up the use of modal verbs in grammar section for expressing possibility (e.g., 'might', 'could', 'may') and find examples of their usage in sentences on the Cambridge Dictionary.",Going to https://dictionary.cambridge.org/,Went to https://dictionary.cambridge.org/
"Look up the use of modal verbs in grammar section for expressing possibility (e.g., 'might', 'could', 'may') and find examples of their usage in sentences on the Cambridge Dictionary.","click the 'Grammar' link to navigate to the grammar section, where you can find information about modal verbs and their usage.","You successfully navigated to the Grammar section of the Cambridge Dictionary. There are links available for various grammar topics including verbs, which might contain information about modal verbs. Consider clicking on the 'Verbs' section to explore further information on modal verbs such as 'might', 'could', and 'may' for expressing possibility."
"Look up the use of modal verbs in grammar section for expressing possibility (e.g., 'might', 'could', 'may') and find examples of their usage in sentences on the Cambridge Dictionary.",click the 'Verbs' link to explore information about modal verbs and their usage in expressing possibility.,"You successfully accessed the 'Verbs' section, which includes a link titled 'Modal verbs and modality'. Clicking this link should provide detailed information on modal verbs such as 'might', 'could', and 'may', including examples of how they are used to express possibility."
"Look up the use of modal verbs in grammar section for expressing possibility (e.g., 'might', 'could', 'may') and find examples of their usage in sentences on the Cambridge Dictionary.",click the 'Modal verbs and modality' link to find detailed information and examples of modal verbs used to express possibility.,"You are now on the 'Modal verbs and modality' page, which outlines core modal verbs such as 'can', 'could', 'may', 'might', 'will', 'shall', 'would', 'should', and 'must'. You can scroll down to explore examples of sentences using these modal verbs to express possibility. This page provides a comprehensive overview of how these verbs function within the context of different modal meanings."
"Look up the use of modal verbs in grammar section for expressing possibility (e.g., 'might', 'could', 'may') and find examples of their usage in sentences on the Cambridge Dictionary.","scroll down the page to find specific examples of how modal verbs such as 'might', 'could', and 'may' are used to express possibility. This will allow access to detailed explanations and examples illustrating their usage in context.","You have found a section listing various modal verbs and expressions. The page includes several examples, but specific examples using 'might', 'could', and 'may' to express possibility are not immediately visible. Consider selecting or scrolling to detailed sections for each specific modal verb ('Could, may and might') to see examples in context. The page seems to have structured links to explore these topics directly, under the headings for each modal verb."
"Look up the use of modal verbs in grammar section for expressing possibility (e.g., 'might', 'could', 'may') and find examples of their usage in sentences on the Cambridge Dictionary.","click the 'Could, may and might' link to access detailed examples and explanations of these modal verbs used for expressing possibility.","The page provides examples of how 'could', 'may', and 'might' are used to express degrees of possibility: 

- **""The restaurant may close.""** This suggests it is likely that the restaurant will close.
- **""The restaurant could close.""** This implies it is less likely that the restaurant will close.
- **""The restaurant might close.""** This indicates there is only a possibility that the restaurant will close, but certainty is low.

These examples illustrate different levels of possibility attached to each modal verb."
"Look up the use of modal verbs in grammar section for expressing possibility (e.g., 'might', 'could', 'may') and find examples of their usage in sentences on the Cambridge Dictionary.",Summarizing last observations,"The most recent observations on the 'Could, may and might' page provide specific examples of how these modal verbs express different degrees of possibility. Examples include:

- ""The restaurant **may** close,"" indicating likelihood.
- ""The restaurant **could** close,"" implying less likelihood.
- ""The restaurant **might** close,"" suggesting only a possibility with low certainty.

These examples highlight the varying levels of certainty that each modal verb conveys. The page also mentions how intonation and stress can affect the degree of certainty communicated.

For detailed context and a full understanding of the task progress, refer back to the complete task history."