task,user_action,observation
"Search for \""feel giddy\"" in Cambridge Dictionary's Thesaurus and list the synonyms the dictionary provides.",Going to https://dictionary.cambridge.org/,Went to https://dictionary.cambridge.org/
"Search for \""feel giddy\"" in Cambridge Dictionary's Thesaurus and list the synonyms the dictionary provides.","click ""Thesaurus"" link in the top navigation bar to access the Thesaurus section for searching synonyms.","You have successfully accessed the Thesaurus section on the Cambridge Dictionary website. You can now use the search bar at the top to enter ""feel giddy"" and find the synonyms provided by the dictionary."
"Search for \""feel giddy\"" in Cambridge Dictionary's Thesaurus and list the synonyms the dictionary provides.","type ""feel giddy"" into the search bar with the placeholder ""Search Thesaurus"" and press Enter to find synonyms.","The search for ""feel giddy"" in the Cambridge Dictionary Thesaurus was successful. The synonyms provided are:
- feel dizzy
- spin
- whirl
- reel"
"Search for \""feel giddy\"" in Cambridge Dictionary's Thesaurus and list the synonyms the dictionary provides.",Summarizing last observations,"The most recent observations show a search for ""feel giddy"" in the Cambridge Dictionary Thesaurus, which successfully returned synonyms including ""feel dizzy,"" ""spin,"" ""whirl,"" and ""reel."" These results are confirmed by the screenshots, which display these synonyms prominently on the page. For further context and details, refer to the complete task history."