task,user_action,observation
"Use the Cambridge Dictionary to find the definition, UK pronunciation, and an example sentence for the word \""quintessential.\"",""https://dictionary.cambridge.org/",Going to https://dictionary.cambridge.org/,Went to https://dictionary.cambridge.org/
"Use the Cambridge Dictionary to find the definition, UK pronunciation, and an example sentence for the word \""quintessential.\"",""https://dictionary.cambridge.org/","type ""quintessential"" into the search bar with placeholder 'Search English' and press the search icon to find its definition, UK pronunciation, and an example sentence.","The Cambridge Dictionary provides the following details for the word ""quintessential"":

- **Definition**: ""being the most typical example or most important part of something.""
- **UK Pronunciation**: /ˌkwɪn.tɪˈsen.ʃəl/
- **Example Sentence**: ""Sheep's milk cheese is the quintessential Corsican cheese."" 

The task has been completed successfully with the necessary information provided."
"Use the Cambridge Dictionary to find the definition, UK pronunciation, and an example sentence for the word \""quintessential.\"",""https://dictionary.cambridge.org/",Summarizing last observations,"This summary reflects the most recent observations: The Cambridge Dictionary provides the following details for the word ""quintessential"":

- **Definition**: ""being the most typical example or most important part of something.""
- **UK Pronunciation**: /ˌkwɪn.tɪˈsen.ʃəl/
- **Example Sentence**: ""Sheep's milk cheese is the quintessential Corsican cheese.""

The information is supplemented by screenshots showing additional example sentences and related words. For full context and details, please refer to the complete task history."