task,user_action_and_explanation,observation
"Try the Word Scramble game in the Plus section, Can you beat the clock by unscrambling the letters to spell the word? (Just try the first example.)",Going to https://dictionary.cambridge.org/,Went to https://dictionary.cambridge.org/
"Try the Word Scramble game in the Plus section, Can you beat the clock by unscrambling the letters to spell the word? (Just try the first example.)","click the '+Plus' tab in the header menu to access different interactive sections, such as quizzes and games.","The Word Scramble game is visible on the page. There is a 'Play' button underneath the description, inviting users to challenge themselves with word games from Cambridge Dictionary. The user can click 'Play' to start the game and attempt the first example."
"Try the Word Scramble game in the Plus section, Can you beat the clock by unscrambling the letters to spell the word? (Just try the first example.)",click the 'Play' button under the Word Scramble section to start the game and try the first example.,"The 'Word Scramble' game interface is displayed with a prominent 'Play' button. However, it seems that the game hasn't started yet. The user needs to click the 'Play' button to begin unscrambling letters in the first example."
"Try the Word Scramble game in the Plus section, Can you beat the clock by unscrambling the letters to spell the word? (Just try the first example.)",click the yellow 'Play' button to start the Word Scramble game and attempt the first example.,The game interface for Word Scramble is displayed with a prominent yellow 'Play' button. The user needs to click this button to begin the first word scramble challenge.
"Try the Word Scramble game in the Plus section, Can you beat the clock by unscrambling the letters to spell the word? (Just try the first example.)",click the yellow 'Play' button to start the Word Scramble game and attempt the first example.,The 'Word Scramble' game interface is displayed with a prominent yellow 'Play' button. The user needs to click this button to start the game and attempt the first word scramble challenge. The screen encourages the user to beat the clock by unscrambling letters to form a word.