task,user_action,observation
"Find one word, one phrase, and one idiom related to euphoria in Cambridge Dictionary.",Going to https://dictionary.cambridge.org/,Went to https://dictionary.cambridge.org/
"Find one word, one phrase, and one idiom related to euphoria in Cambridge Dictionary.","type into the search bar with placeholder 'Search English–Chinese (Traditional)', enter 'euphoria' and press enter to find related words, phrases, and idioms.","Progress towards the task has been made. The search for 'euphoria' returned results on the Cambridge Dictionary webpage. 

- **Word**: ""Euphoria"" itself is a noun described as ""extreme happiness, sometimes more than is reasonable in a particular situation.""
- **Phrase**: The example phrase provided is ""state of euphoria.""

There don't appear to be any idioms related to euphoria visible in the screenshot. You may need to search further or try different keywords to find an idiom."
"Find one word, one phrase, and one idiom related to euphoria in Cambridge Dictionary.","type into the search bar with placeholder 'Search English–Chinese (Traditional)', enter 'euphoria idiom' and press enter to find a relevant idiom.","The search for 'euphoria idiom' did not directly yield any idioms associated with euphoria in the Cambridge Dictionary. Instead, the search suggestions include words related to 'euphoria' like 'euphoric' and other unrelated words. 

To progress further, consider searching for idioms that imply a sense of extreme happiness or joy, which is related to euphoria, such as 'walking on air' or 'on cloud nine.' These may not be specific to 'euphoria' but convey a similar sentiment."
"Find one word, one phrase, and one idiom related to euphoria in Cambridge Dictionary.","type into the search bar with placeholder 'Search English–Chinese (Traditional)', enter 'idiom happiness' and press enter to find an idiom related to euphoria.","The search for 'idiom happiness' did not yield direct results for idioms related to happiness or euphoria. The page suggests similar words related to 'happiness,' but it doesn't provide any idioms. To find idioms related to euphoria, consider directly searching for well-known idioms like 'on cloud nine' or 'walking on air.' These phrases convey a sense of great happiness and may provide relevant results."
"Find one word, one phrase, and one idiom related to euphoria in Cambridge Dictionary.","type into the search bar with placeholder 'Search English–Chinese (Traditional)', enter 'on cloud nine' and press enter to find an idiom related to euphoria.","The search for the idiom 'on cloud nine' appears to have been successful. The idiom 'on cloud nine' is typically used to describe a state of great happiness, which is closely related to euphoria. This concludes the task of finding a word, a phrase, and an idiom related to euphoria. If more information or examples are needed, further exploration in the dictionary might be helpful."
"Find one word, one phrase, and one idiom related to euphoria in Cambridge Dictionary.",Summarizing last observations,"The most recent observations indicate that a successful search was done for the idiom ""on cloud nine,"" which is associated with a state of great happiness, similar to euphoria. This search concludes the task goal of finding a word (""euphoria""), a phrase (""state of euphoria""), and an idiom (""on cloud nine"") related to euphoria.

The screenshot confirms the dictionary page detailing the idiom. This summary only reflects the latest observations; for comprehensive details, it is recommended to refer to the entire task history."