task,user_action,observation
Try a Cambridge Dictionary translation and tell me which company provided the translation.,Going to https://dictionary.cambridge.org/,Went to https://dictionary.cambridge.org/
Try a Cambridge Dictionary translation and tell me which company provided the translation.,"click ""Translate"" in the top navigation menu to access the translation feature and see the company providing the translation service.","The current screenshot shows the main page of the Cambridge Dictionary's website. It displays options for various dictionaries and a section for translation dictionaries like English-Chinese and English-French. However, it does not provide specific information about which company provides the translation service. You may need to select a specific translation dictionary or perform a translation to see if any provider details become visible during that process."
Try a Cambridge Dictionary translation and tell me which company provided the translation.,"click ""English–French"" under Translation dictionaries to see if translation provider details are displayed after selecting a translation dictionary.","The screenshot displays the selection menu for translation dictionaries, including the option for ""English–French."" However, it does not provide information about the company providing the translation service. You may need to initiate a translation process or check the footer or about section of the website for such details."
Try a Cambridge Dictionary translation and tell me which company provided the translation.,"click ""English–French"" under Translation dictionaries to initiate a translation and look for any provider information after translation.","The screenshot displays the list of available translation dictionaries on the Cambridge Dictionary website, including the 'English–French' option. However, there is no visible information about the company providing the translation services. To find this information, you might need to initiate an actual translation or explore the website's footer or 'About Us' section, as these often contain third-party credits or partner details."
Try a Cambridge Dictionary translation and tell me which company provided the translation.,"click ""English–French"" under Translation to initiate a sample translation and check for any translation provider details that may appear after using the service.","The screenshot shows a list of available dictionaries on the Cambridge Dictionary website, including the 'English–French' translation option. However, there is no visible indication of the company providing the translation service. To find this information, you may need to perform an actual translation or check sections like 'About' or the website footer, where such details might be provided."