task,user_action,observation
"Find the pronunciation, definition, and a sample sentence for the word 'serendipity'.",Going to https://dictionary.cambridge.org/,Went to https://dictionary.cambridge.org/
"Find the pronunciation, definition, and a sample sentence for the word 'serendipity'.","type 'serendipity' into the search bar with placeholder 'Search English—Korean' and press Enter to find its pronunciation, definition, and a sample sentence.",The search for 'serendipity' on the Cambridge Dictionary site is successful. The pronunciation is provided in both UK and US versions (/ˌser.ənˈdɪp.ə.ti/). The definition is 'the fact of finding interesting or valuable things by chance.' A sample sentence is also provided: 'There is a real element of serendipity in archaeology.'
"Find the pronunciation, definition, and a sample sentence for the word 'serendipity'.",Summarizing last observations,"This summary reflects the most recent observations only. The search for the word 'serendipity' on the Cambridge Dictionary website was successful. The pronunciation provided includes both UK (/ˌser.ənˈdɪp.ə.ti/) and US (/ˌser.ənˈdɪp.ə.ti/) versions. The definition is given as 'the fact of finding interesting or valuable things by chance.' A sample sentence is also provided: 'There is a real element of serendipity in archaeology.' Additionally, related words and phrases related to 'good luck and bad luck' are listed, and several more example sentences are provided from the Cambridge English Corpus to illustrate the usage of the word.

For the full context and details, please refer to the complete task history."