task,user_action_and_explanation,observation
"Find and browse Cambridge Dictionary Shop section, listing 3 items.",Going to https://dictionary.cambridge.org/,Went to https://dictionary.cambridge.org/
"Find and browse Cambridge Dictionary Shop section, listing 3 items.",click on the 'Shop' link in the top navigation bar to access the shop section and list 3 items available.,"You have accessed the Cambridge Dictionary Shop section.

Three items available are:
1. 'Word of the Year' merchandise - T-shirts
2. Mugs
3. Notebooks

You can explore these categories for more specific products within each type."
"Find and browse Cambridge Dictionary Shop section, listing 3 items.",Summarizing last observations,"This summary reflects the most recent observations only. In the Cambridge Dictionary Shop section, you can find the following items available for purchase: 'Word of the Year' T-shirts, mugs, and notebooks. The current screenshots supplement this information by displaying items such as a ""Manifest"" T-shirt under ""Word of the Year,"" a ""Curmudgeon"" mug, and a ""Bright Spark"" notebook. Additional products visible include T-shirts with words like ""Bookish"" and ""Hallucinate,"" as well as items like a ""Bright Spark Mug"" and ""Bits and Bobs Natural Tote Bag."" For a complete understanding, please refer to the full task history."