task,user_action_and_explanation,observation
"Search for the differences between \""fewer\"" and \""less\"" in grammar section, and provide examples illustrating their correct usage from the Cambridge Dictionary.",Going to https://dictionary.cambridge.org/,Went to https://dictionary.cambridge.org/
"Search for the differences between \""fewer\"" and \""less\"" in grammar section, and provide examples illustrating their correct usage from the Cambridge Dictionary.","click on the 'Grammar' button to navigate to the grammar section where rules and examples of words such as 'fewer' and 'less' are likely discussed, aiding in completing the task.","You have successfully navigated to the grammar section of the Cambridge Dictionary website. To find information on 'fewer' vs 'less', you might want to explore the 'Easily confused words' category or use the search bar at the top, entering terms like ""fewer less grammar"" to locate specific articles or explanations."
"Search for the differences between \""fewer\"" and \""less\"" in grammar section, and provide examples illustrating their correct usage from the Cambridge Dictionary.",click on 'Easily confused words' to locate grammar rules and examples for 'fewer' and 'less' as these words are often confused and likely addressed in this section.,"You have arrived at the 'Easily confused words' section. The list of entries currently visible does not include 'fewer vs less'. You may need to scroll down further in the list or use the search feature to specifically find information comparing 'fewer' and 'less'. This section is designed to help clarify commonly confused words, so the information may be nearby."
"Search for the differences between \""fewer\"" and \""less\"" in grammar section, and provide examples illustrating their correct usage from the Cambridge Dictionary.","scroll down to look for the entry on 'fewer vs less'. These words are often confused, and scrolling may reveal more entries in the 'Easily confused words' list.","The 'Easily confused words' section is visible, but the entry for 'fewer vs less' is not yet displayed. You may need to scroll further down or try using the search feature to locate the specific comparison between 'fewer' and 'less' in this section."
"Search for the differences between \""fewer\"" and \""less\"" in grammar section, and provide examples illustrating their correct usage from the Cambridge Dictionary.","scroll down further in the 'Easily confused words' section to reveal more entries and find the comparison between 'fewer' and 'less', as these terms are likely further down the list and have not yet been displayed.",You have successfully found the entry 'Less or fewer?' in the 'Easily confused words' section. You can now click on this entry to explore the grammatical differences and see examples illustrating the correct usage of 'fewer' and 'less' from the Cambridge Dictionary. This should help in understanding how each term is used in context.
"Search for the differences between \""fewer\"" and \""less\"" in grammar section, and provide examples illustrating their correct usage from the Cambridge Dictionary.",click on the 'Less or fewer?' entry in the 'Easily confused words' section to access the explanation and examples providing the grammatical differences and correct usage of 'fewer' and 'less' as required.,"You have accessed the explanation for 'Less or fewer?' in the Cambridge Dictionary. 

**Differences:**
- **Less** is used with uncountable nouns, while **fewer** is used with plural nouns.
- **Examples:**
  - ""I do less work at weekends than I used to."" 
  - ""Better cycle routes would mean fewer cars and fewer accidents.""

Additional notes indicate that 'less' is often used with plural countable nouns in informal settings, though it's traditionally incorrect.

The entry provides comprehensive examples illustrating when to use each term correctly."
"Search for the differences between \""fewer\"" and \""less\"" in grammar section, and provide examples illustrating their correct usage from the Cambridge Dictionary.",Summarizing last observations,"The most recent observations include information from the Cambridge Dictionary about the differences between ""fewer"" and ""less."" ""Less"" is used with uncountable nouns, while ""fewer"" is used with plural nouns. 

### Examples:
- **Less:** ""I do less work at weekends than I used to.""
- **Fewer:** ""Better cycle routes would mean fewer cars and fewer accidents.""

The entry also notes that though ""less"" is sometimes used with plural countable nouns in informal situations, it is traditionally considered incorrect. For a complete understanding, refer to the full task history."