task,user_action,observation
"Look up the definition, pronunciation, and examples of the word \""zeitgeist.\"",""https://dictionary.cambridge.org/",Going to https://dictionary.cambridge.org/,Went to https://dictionary.cambridge.org/
"Look up the definition, pronunciation, and examples of the word \""zeitgeist.\"",""https://dictionary.cambridge.org/","type ""zeitgeist"" into the search bar with placeholder ""Search English–Korean"" and press the search icon.","The user successfully searched for the word ""zeitgeist"" on the Cambridge Dictionary website.

- **Definition**: Zeitgeist is defined as ""the general set of ideas, beliefs, feelings, etc. that is typical of a particular period in history.""
- **Pronunciation**: The pronunciation is provided in both UK and US versions.
- **Examples**: Several examples of how ""zeitgeist"" is used in sentences are shown, such as its role in societal changes and cultural periods. This fulfills the user's current task goals."
"Look up the definition, pronunciation, and examples of the word \""zeitgeist.\"",""https://dictionary.cambridge.org/",Summarizing last observations,"This summary reflects only the most recent observations and results. The user searched ""zeitgeist"" on the Cambridge Dictionary website. The definition given was ""the general set of ideas, beliefs, feelings, etc. that is typical of a particular period in history."" Both UK and US pronunciations are provided. Example sentences illustrate how ""zeitgeist"" is used to reflect cultural and societal themes. For a full context of the task, refer to the complete task history."