task,user_action,observation
"Look up the definition, pronunciation (both UK and US), and find one example sentence for the word \""altruism\"" in the Cambridge Dictionary.",Going to https://dictionary.cambridge.org/,Went to https://dictionary.cambridge.org/
"Look up the definition, pronunciation (both UK and US), and find one example sentence for the word \""altruism\"" in the Cambridge Dictionary.",type 'altruism' into the search bar with placeholder 'Search English' and click the search icon to find the word's definition and pronunciation.,"The search for ""altruism"" in the Cambridge Dictionary was successful.

- **Definition:** Altruism is defined as the willingness to do things that bring advantages to others, even if it results in disadvantages for yourself.
- **Pronunciation:**
  - UK: /ˈæl.tru.ɪ.zəm/
  - US: /ˈæl.tru.ɪ.zəm/
- **Example Sentence:** ""She's not known for her altruism.""

Progress towards the current task is complete."
"Look up the definition, pronunciation (both UK and US), and find one example sentence for the word \""altruism\"" in the Cambridge Dictionary.",Summarizing last observations,"This summary reflects the most recent observations:

The word ""altruism"" was successfully looked up in the Cambridge Dictionary. The definition provided is: ""willingness to do things that bring advantages to others, even if it results in disadvantage for yourself."" The pronunciation for both the UK and US is /ˈæl.tru.ɪ.zəm/. An example sentence found is: ""She's not known for her altruism.""

For the complete context and task history, please refer to the earlier steps."