task,user_action,observation
"Search for \""to behave well\"" in Cambridge Dictionary's Thesaurus and see which synonyms the dictionary gives.",Going to https://dictionary.cambridge.org/,Went to https://dictionary.cambridge.org/
"Search for \""to behave well\"" in Cambridge Dictionary's Thesaurus and see which synonyms the dictionary gives.","click the 'Thesaurus' link at the top menu to access the thesaurus section where you can search for synonyms of ""to behave well"".","The current page shows a navigation panel with options to select different dictionaries and thesaurus under 'Choose a dictionary.' The user has accessed the Cambridge Dictionary site but needs to select 'Thesaurus' from the menu to proceed with searching for synonyms. No search for ""to behave well"" has been conducted yet. The next step is to select 'Thesaurus' from the list to navigate to the thesaurus section for performing the search."
"Search for \""to behave well\"" in Cambridge Dictionary's Thesaurus and see which synonyms the dictionary gives.",click on the 'Thesaurus' link under the 'GRAMMAR AND THESAURUS' section in the 'Choose a dictionary' panel to access the thesaurus section for searching synonyms.,"The user has opened the 'Choose a dictionary' panel on the Cambridge Dictionary site. The 'Thesaurus' option is visible under the 'GRAMMAR AND THESAURUS' section. The next step is to click 'Thesaurus' to navigate to the thesaurus section and perform the search for synonyms of ""to behave well."" As of now, no search has been conducted."
"Search for \""to behave well\"" in Cambridge Dictionary's Thesaurus and see which synonyms the dictionary gives.","click on the 'Thesaurus' link under 'GRAMMAR AND THESAURUS' in the 'Choose a dictionary' panel to access the thesaurus section and perform the search.""","You've landed on a blog article from the Cambridge Dictionary's 'About Words' section, rather than the thesaurus. The article discusses phrases about destiny and fate. To proceed with searching for synonyms of ""to behave well,"" go to the main thesaurus page and enter the term in the search box."
"Search for \""to behave well\"" in Cambridge Dictionary's Thesaurus and see which synonyms the dictionary gives.",click the menu icon at the top left to open the navigation panel and return to the main Cambridge Dictionary site for accessing the thesaurus section.,"You are currently on a blog post from the Cambridge Dictionary's 'About Words' section and not on the main Cambridge Dictionary thesaurus page. To access the thesaurus, click the menu icon at the top left again to navigate back to the main Cambridge Dictionary site. From there, ensure you select 'Thesaurus' directly to search for ""to behave well."""
"Search for \""to behave well\"" in Cambridge Dictionary's Thesaurus and see which synonyms the dictionary gives.","click the menu icon at the top left to open the navigation panel and access the thesaurus section for searching ""to behave well.""","You are still on a blog page from Cambridge Dictionary's 'About Words' section and have not navigated to the main thesaurus page yet. The menu icon was clicked, but it seems the navigation panel isn't visible here. To proceed, ensure you are clicking the correct 'Thesaurus' link from the main menu or 'Choose a dictionary' panel on the homepage. Return to the main Cambridge Dictionary site, then access the Thesaurus directly to search for ""to behave well."""
"Search for \""to behave well\"" in Cambridge Dictionary's Thesaurus and see which synonyms the dictionary gives.",click the menu icon at the top left of the page to open the navigation panel and return to the main Cambridge Dictionary site for accessing the thesaurus section.,"You are still viewing a blog article from the Cambridge Dictionary's 'About Words' section. The navigation panel hasn't opened, and you haven't returned to the main thesaurus page yet. To proceed, click the menu icon at the top left to attempt returning to the main Cambridge Dictionary homepage, then directly select 'Thesaurus' from there to conduct your search."