task,user_action_and_explanation,observation
"Use the Cambridge Dictionary to understand the rules for forming and using comparative and superlative adjectives in English Grammar, including example sentences.",Going to https://dictionary.cambridge.org/,Went to https://dictionary.cambridge.org/
"Use the Cambridge Dictionary to understand the rules for forming and using comparative and superlative adjectives in English Grammar, including example sentences.",click on the 'Grammar' link to navigate to the section where you can find rules regarding comparative and superlative adjectives.,"You have successfully accessed the English Grammar section on the Cambridge Dictionary website. To find information on comparative and superlative adjectives, click on the 'Adjectives and adverbs' link under 'Explore the English Grammar.' This should guide you to the relevant rules and examples."
"Use the Cambridge Dictionary to understand the rules for forming and using comparative and superlative adjectives in English Grammar, including example sentences.",click on the 'Adjectives and adverbs' link under 'Explore the English Grammar' to access information on comparative and superlative adjectives with examples.,"You are on the 'Adjectives and adverbs' page of the Cambridge Dictionary. To find the rules for forming and using comparative and superlative adjectives, look for links or sections related to 'Adjectives' or 'Using adjectives and adverbs.' These sections likely contain the information on how to construct and apply comparative and superlative forms, complete with example sentences."
"Use the Cambridge Dictionary to understand the rules for forming and using comparative and superlative adjectives in English Grammar, including example sentences.","click on the 'Adjectives' link to access specific information on forming and using comparative and superlative adjectives, which will likely include example sentences.","You are on the 'Adjectives' page of the Cambridge Dictionary. To find the specific rules for forming and using comparative and superlative adjectives, click on the 'Comparative and superlative adjectives' link listed on the page. This section should provide the necessary information and examples you are looking for."
"Use the Cambridge Dictionary to understand the rules for forming and using comparative and superlative adjectives in English Grammar, including example sentences.",click on the 'Comparative and superlative adjectives' link to access detailed rules and examples about forming and using these adjectives.,"You have accessed the section on 'Comparative and superlative adjectives' in the Cambridge Dictionary. This page provides an overview of how comparative adjectives are used to compare differences between two items, while superlative adjectives highlight the extreme or highest degree among a group. For example, 'This car is more expensive than my last one' and 'Joe used to be the slowest runner in the class.' For more detailed explanations and examples, you can explore the links provided for comparisons using adjectives, clauses, and comparisons of equality."
"Use the Cambridge Dictionary to understand the rules for forming and using comparative and superlative adjectives in English Grammar, including example sentences.",Summarizing last observations,"This summary reflects the most recent observations. You are on the 'Comparative and superlative adjectives' section of the Cambridge Dictionary website. The page explains that comparative adjectives compare differences between two items, while superlative adjectives highlight the highest degree among a group. Examples include 'This car is more expensive than my last one' for comparatives and 'Joe used to be the slowest runner in the class' for superlatives. Additional resources are available for more detailed explanations on comparisons using adjectives, clauses, and comparisons of equality. For the complete task history and further details, refer to the full context."