task,user_action,observation
"Look up the pronunciation and definition of the word \""ameliorate,\"" and provide an example sentence using the word.",Going to https://dictionary.cambridge.org/,Went to https://dictionary.cambridge.org/
"Look up the pronunciation and definition of the word \""ameliorate,\"" and provide an example sentence using the word.","type ""ameliorate"" into the search bar with placeholder ""Search English–Korean"" and press enter to look up its definition and pronunciation.","The user successfully retrieved the definition and pronunciation of ""ameliorate."" 

Definition: ""Ameliorate"" is a verb meaning to make a bad or unpleasant situation better.

Pronunciation: 
- UK: /əˈmiː.li.ə.reɪt/
- US: /əˈmiː.li.ə.reɪt/

Example Sentence: ""Foreign aid is badly needed to ameliorate the effects of the drought."" 

Additionally, there are sample sentences provided, such as using ""ameliorate"" in the context of improving urban environments or alleviating distress."
"Look up the pronunciation and definition of the word \""ameliorate,\"" and provide an example sentence using the word.",Summarizing last observations,"The most recent observations show that the definition and pronunciation of ""ameliorate"" were successfully retrieved. ""Ameliorate"" is a verb meaning to make a bad or unpleasant situation better. Pronunciation is indicated as UK: /əˈmiː.li.ə.reɪt/ and US: /əˈmiː.li.ə.reɪt/. An example sentence provided is: ""Foreign aid is badly needed to ameliorate the effects of the drought."" Additional example sentences are included, such as improving urban environments and alleviating distress. For full context and details, the complete task history should be referred to."