task,user_action,observation
"Look up the meaning, pronunciation, and an example sentence of the word \""gestalt\"" using the Cambridge Dictionary.",Going to https://dictionary.cambridge.org/,Went to https://dictionary.cambridge.org/
"Look up the meaning, pronunciation, and an example sentence of the word \""gestalt\"" using the Cambridge Dictionary.","type ""gestalt"" into the search bar with placeholder ""Search English–Korean""","The search for ""gestalt"" on the Cambridge Dictionary website was successful.

- **Meaning**: As a noun, ""gestalt"" refers to something such as a structure or experience that, when considered as a whole, has qualities that are more than the total of its parts.
- **Pronunciation**: UK: /ɡəˈʃtælt/, US: /ɡəˈʃtɑːlt/
- **Example Sentence**: ""This new biography is the first to consider fully the writer's gestalt."""
"Look up the meaning, pronunciation, and an example sentence of the word \""gestalt\"" using the Cambridge Dictionary.",Summarizing last observations,"The most recent observations reveal that the search for the word ""gestalt"" on the Cambridge Dictionary website was successful. The word is defined as a noun referring to something that, when considered as a whole, has qualities greater than the sum of its parts. It is pronounced as /ɡəˈʃtælt/ in the UK and /ɡəˈʃtɑːlt/ in the US. An example sentence provided is: ""This new biography is the first to consider fully the writer's gestalt."" Additionally, there's a brief mention of its usage as an adjective in psychology, referring to a holistic approach to understanding experiences and beliefs. For full details and context, including related words and further examples, the complete task history should be referred to."