task,user_action,observation
"Look up the pronunciation, definition, and example sentence for the word \""ubiquitous\"" in UK and US English.",Going to https://dictionary.cambridge.org/,Went to https://dictionary.cambridge.org/
"Look up the pronunciation, definition, and example sentence for the word \""ubiquitous\"" in UK and US English.","type ""ubiquitous"" into the search bar with placeholder ""Search English-Korean"" and press Enter to look up pronunciation, definition, and example sentence.","Progress made toward current task. The word ""ubiquitous"" has been looked up on the Cambridge Dictionary site. 

- **Pronunciation**: 
  - UK: /juːˈbɪk.wɪ.təs/
  - US: /juːˈbɪk.wə.t̬əs/
- **Definition**: Seeming to be everywhere.
- **Example Sentences**:
  - ""Leather is very much in fashion this season, as is the ubiquitous denim.""
  - ""The Swedes are not alone in finding their language under pressure from the ubiquitous spread of English.""
  - ""The mobile phone, that most ubiquitous of consumer-electronic appliances, is about to enter a new age."""
"Look up the pronunciation, definition, and example sentence for the word \""ubiquitous\"" in UK and US English.",Summarizing last observations,"The latest observations reveal that the word ""ubiquitous"" was successfully looked up on the Cambridge Dictionary website. The pronunciation for UK English is /juːˈbɪk.wɪ.təs/ and for US English is /juːˈbɪk.wə.t̬əs/. The definition provided is ""seeming to be everywhere."" Some example sentences include: ""Leather is very much in fashion this season, as is the ubiquitous denim,"" and ""Despite their ubiquitous character, the relation of these features to one another and to other features in the geometry has remained unclear."" This summary reflects only the most recent observations; refer to the complete task history for full context and more details."