task,user_action,observation
"Learn the UK and US pronunciation of the word ""procrastination"", and find one example sentence that reflects its use in context.",Going to https://dictionary.cambridge.org/,Went to https://dictionary.cambridge.org/
"Learn the UK and US pronunciation of the word ""procrastination"", and find one example sentence that reflects its use in context.","type ""procrastination"" into the search bar with the placeholder ""Search English–Korean"" and press Enter to find the pronunciation and example sentence.","The search for ""procrastination"" on the Cambridge Dictionary site has provided both UK and US pronunciations. UK pronunciation is /prəˌkræs.tɪˈneɪ.ʃən/, and US pronunciation is /proʊˌkræs.tɪˈneɪ.ʃən/. 

An example sentence is: ""Vacillation and procrastination, out of fears of recession or otherwise, would run grave risks."" The task of learning the pronunciation and finding a contextual example has been completed successfully."
"Learn the UK and US pronunciation of the word ""procrastination"", and find one example sentence that reflects its use in context.",Summarizing last observations,"The most recent observations reveal that the user accessed the Cambridge Dictionary website to learn the UK and US pronunciations of the word ""procrastination,"" which are /prəˌkræs.tɪˈneɪ.ʃən/ and /proʊˌkræs.tɪˈneɪ.ʃən/ respectively. An example sentence provided is: ""Vacillation and procrastination, out of fears of recession or otherwise, would run grave risks."" This summary reflects only the latest observations; refer to the task history for full context."