task,user_action_and_explanation,observation
"Search for guidelines on using indirect speech in English, with examples of how to change direct speech to indirect speech, on the Cambridge Dictionary.",Going to https://dictionary.cambridge.org/,Went to https://dictionary.cambridge.org/
"Search for guidelines on using indirect speech in English, with examples of how to change direct speech to indirect speech, on the Cambridge Dictionary.",click on the 'Grammar' link to find guidelines related to indirect speech usage on the Cambridge Dictionary site.,"You are on the Cambridge Dictionary's Grammar page. There are categories like ""Adjectives and adverbs,"" ""Easily confused words,"" ""Nouns, pronouns and determiners,"" among others. You can use the search bar at the top to directly search for 'indirect speech' or navigate through the listed topics. Alternatively, browsing the ""Words, sentences and clauses"" section might lead you to relevant guidelines on indirect speech."
"Search for guidelines on using indirect speech in English, with examples of how to change direct speech to indirect speech, on the Cambridge Dictionary.",type 'indirect speech' into the search bar with the placeholder 'Search Grammar' to find specific guidelines and examples related to indirect speech on the Cambridge Dictionary site.,"You have successfully found the guidelines on using indirect speech in English on the Cambridge Dictionary website. The page provides information on how indirect speech focuses on the content rather than exact words, along with examples of converting direct speech into indirect speech for statements, questions, and commands.

Examples:
- Statement: ""I'm tired,"" becomes ""I told them (that) I was tired.""
- Question: ""Are you ready?"" becomes ""The nurse asked Joel if/whether he was ready.""
- Command: ""Leave at once!"" becomes ""They ordered us to leave at once.""

The page further details indirect speech reporting for statements and questions, explaining the use of clauses like 'that-clause' and variations for questions."
"Search for guidelines on using indirect speech in English, with examples of how to change direct speech to indirect speech, on the Cambridge Dictionary.",Summarizing last observations,"This summary reflects only the most recent observations from the Cambridge Dictionary page on indirect speech. Indirect speech focuses on the content of what someone said, rather than their exact words. The page provides examples of changing direct speech to indirect speech:

- Statements can be converted using a ""that-clause."" For example, ""I'm tired,"" becomes ""I told them (that) I was tired.""
- Questions are addressed with ""if/whether clauses"" or ""wh-clauses"" such as, ""Are you ready?"" becoming ""The nurse asked Joel if/whether he was ready.""
- Commands use a ""to-infinitive clause;"" for instance, ""Leave at once!"" becomes ""They ordered us to leave at once.""

The guidelines also cover specific cases like reporting statements, yes-no questions, alternative questions, and wh-questions. Additional information includes the use of present simple and past continuous reporting verbs in indirect speech.

For further details and full context, please refer to the complete task history."