task,user_action_and_explanation,observation
Convert the Cambridge Dictionary homepage from English (UK) to Deutsch.,Going to https://dictionary.cambridge.org/,Went to https://dictionary.cambridge.org/
Convert the Cambridge Dictionary homepage from English (UK) to Deutsch.,click on the 'English-German' link to switch the dictionary language to Deutsch (German).,"The homepage has successfully switched to the English-German dictionary. The main interface is still in English, but it focuses on providing German translations of English words. There are options to browse popular searches and key features in the English-German dictionary."
Convert the Cambridge Dictionary homepage from English (UK) to Deutsch.,click on the menu button (three horizontal lines) in the top left corner to look for a language selection or settings option to change the interface language to Deutsch.,"The menu displays a list of available bilingual dictionaries, but there is no option to change the user interface language to Deutsch. The current interface is still in English, and the dictionary is set to provide English-German translations. The focus remains on translation rather than changing the entire site language to German."
Convert the Cambridge Dictionary homepage from English (UK) to Deutsch.,There is no option to change the interface language to Deutsch in the current menu. I will go back to explore other areas of the site that might have language settings.,"The interface is still in English, focusing on English-German translation. The main navigation bar at the top doesn't show an option for changing the site language to German. There are various features related to the English-German dictionary, but no sections for adjusting the website's language settings. You might explore other pages like 'Settings' or 'Account' if available, or consider that the website may not support full interface language changes."
Convert the Cambridge Dictionary homepage from English (UK) to Deutsch.,scroll to find if there is any language option or settings link at the bottom of the page to change the interface to Deutsch.,"After scrolling to the bottom of the Cambridge Dictionary page, there is no visible option to change the interface language to Deutsch. The page primarily offers resources and features related to English-German translations. The interface remains in English, with no evident settings or options for altering the language of the site's interface to German."
Convert the Cambridge Dictionary homepage from English (UK) to Deutsch.,click on the globe icon or language dropdown at the top right to check if there is an option to change the interface language to Deutsch.,"There is a globe icon at the top right corner of the page. Clicking on this often provides language options. However, from the current screenshot, it isn't clear if an option for changing the interface language to Deutsch is present there. The main page content like 'Word of the Day' remains in English, focusing on the English-German dictionary and translations."
Convert the Cambridge Dictionary homepage from English (UK) to Deutsch.,click on the globe icon at the top right corner to explore language options for changing the site interface to Deutsch.,"The globe icon is visible at the top right corner of the page, indicating the presence of language options. However, based on the screenshot, there is no confirmation of an interface language option to change the site to Deutsch. The site remains focused on providing English-German dictionary functionality, with the interface and 'Word of the Day' content still in English. It is possible that the interface language cannot be changed to German from this menu."
Convert the Cambridge Dictionary homepage from English (UK) to Deutsch.,"click on the globe icon at the top right of the page to explore language change options, as this icon typically provides settings related to language or regional adjustments.","The current screenshot shows the globe icon at the top right corner of the page. Clicking it typically provides options to change language settings or regional adjustments. However, from the visible page content, it seems there is no option specifically for changing the entire site interface language to Deutsch. The interface remains primarily in English with content focusing on the English-German dictionary features. The 'Word of the Day' and other page elements are still in English, suggesting the limitation of the globe icon in changing the interface language."
Convert the Cambridge Dictionary homepage from English (UK) to Deutsch.,click on the globe icon at the top right of the page to see if it provides an option to change the interface language to Deutsch.,"The current screenshot shows the globe icon at the top right corner, indicating potential language settings. However, the site content remains in English, including sections like 'Word of the Day', suggesting no change in interface language. There's no evidence in the current view that selecting the globe icon provides an option to change the site interface to Deutsch. It appears the interface language cannot be directly changed to German using this method."
Convert the Cambridge Dictionary homepage from English (UK) to Deutsch.,click on the globe icon at the top right to explore potential language options to change the interface to Deutsch.,"The globe icon is visible at the top right, suggesting a potential area to change language settings. However, the current screenshot doesn't show specific options visible when the globe icon is clicked. The rest of the page content, such as the 'Word of the Day', remains in English. It seems there isn't an available option to change the entire interface to Deutsch directly through this menu."
Convert the Cambridge Dictionary homepage from English (UK) to Deutsch.,click on the globe icon at the top right corner to see if it offers an option to change the interface language to Deutsch. This icon typically allows for language selection or international settings.,"The globe icon is visible in the top right corner, suggesting the presence of language or international settings. However, from the current screenshot, there is no indication that clicking it will provide an option to change the entire interface language to Deutsch. The main page content, such as 'Word of the Day,' remains in English, focusing on English-German dictionary functions. The interface language itself appears unchangeable through this menu, based on the information available."
Convert the Cambridge Dictionary homepage from English (UK) to Deutsch.,click on the globe icon at the top right corner of the page to explore language options and check if the interface language can be changed to Deutsch.,"The globe icon is present at the top right corner of the page, suggesting language options might be available. However, from the current screenshot, there is no new information that indicates an option to change the entire interface language to Deutsch. The site continues to display content in English, with features like 'Word of the Day' remaining unchanged. It appears there may not be an option to change the interface language within this menu."
Convert the Cambridge Dictionary homepage from English (UK) to Deutsch.,click on the globe icon at the top right corner to explore any language selection options to change the interface language to Deutsch.,"Upon clicking the globe icon at the top right, there doesn't appear to be an option to change the site interface language to Deutsch. The page primarily displays English content, such as 'Word of the Day' and new words. The current setup of the Cambridge Dictionary site may not support changing the entire interface language to German."
Convert the Cambridge Dictionary homepage from English (UK) to Deutsch.,"click on the globe icon at the top right corner to see if it provides language options, including switching the interface language to Deutsch.","The current screenshot shows the Cambridge Dictionary homepage with a globe icon visible at the top right corner. Clicking on this icon is likely meant to provide language options. However, based on this view, there isn't a clear indication that the site interface language can be changed to Deutsch. The interface remains in English, focusing on features like the 'Word of the Day.' It seems the site primarily supports dictionary language changes rather than full interface localization."
Convert the Cambridge Dictionary homepage from English (UK) to Deutsch.,"click on the globe icon at the top right corner to see if it offers options to change the interface language to Deutsch. This icon often represents language settings, and exploring it might provide the desired option.","The globe icon at the top right suggests that there might be language options. However, from the current screenshot, there isn't a direct confirmation that clicking it will allow changing the entire interface language to Deutsch. The main content like 'Word of the Day' remains in English, focusing on English-German translations but not providing a full interface language switch. It seems the site may not support changing the interface language entirely to German."
Convert the Cambridge Dictionary homepage from English (UK) to Deutsch.,click on the globe icon at the top right of the page to check if it provides an option to change the site interface to Deutsch.,"Clicking on the globe icon at the top right corner provides a few language options. However, from the current screenshot, there doesn't seem to be an option to change the entire site interface to Deutsch. The site still displays the content, such as the 'Word of the Day,' in English, and the focus remains on English-German translations. It appears the site may not offer a full interface language change to German."
Convert the Cambridge Dictionary homepage from English (UK) to Deutsch.,click on the globe icon at the top right corner to check for any language options that might allow changing the interface to Deutsch.,"The current screenshot shows the globe icon at the top right corner, which typically indicates language settings. However, no dropdown or options are visible in the screenshot to confirm if you can change the interface language to Deutsch. The main content remains in English, including elements like 'Word of the Day.' It seems the site might primarily offer translation-focused features rather than a full interface language change. You might consider checking if clicking the globe opens a new overlay with more options."
Convert the Cambridge Dictionary homepage from English (UK) to Deutsch.,click on the globe icon at the top right corner to see if it provides an option to change the interface language to Deutsch.,"The globe icon at the top-right corner was accessed to check language options. However, from the current screenshot, there still isn't any indication that the interface language can be changed to Deutsch. The site continues to provide English content, focusing mainly on English-German translations. It's possible there are no settings available to switch the entire interface language to German."
Convert the Cambridge Dictionary homepage from English (UK) to Deutsch.,"click on the globe icon at the top right to check for any language selection options, specifically to see if Deutsch (German) is available for the interface language.","The globe icon is visible at the top right corner, suggesting language preferences could be available. However, the website's main content, including the 'Word of the Day,' remains in English, indicating no apparent option to change the interface language to Deutsch. The focus continues to be on English-German dictionary functionalities. It seems likely that the interface language cannot be fully changed to German through this icon or menu."
Convert the Cambridge Dictionary homepage from English (UK) to Deutsch.,click on the globe icon at the top right to open language options and check for any available settings to change the interface language to Deutsch.,"The globe icon is visible at the top right corner, but the current screenshot does not show the result of clicking it. It appears from previous attempts that the Cambridge Dictionary site does not support changing the full interface language to Deutsch, only providing English-German dictionary functionalities. The page elements like 'Word of the Day' remain in English, indicating limited language options for the overall interface."
Convert the Cambridge Dictionary homepage from English (UK) to Deutsch.,click on the globe icon at the top right corner to check if it provides language options for changing the interface to Deutsch. This icon is often used for language settings.,"The globe icon is visible in the top right corner of the Cambridge Dictionary page. However, the screenshot does not confirm the presence of an option to change the interface language to Deutsch. The page content, including the 'Word of the Day,' remains in English, and it seems focused on English-German translations. It appears there may not be an option to switch the entire site interface to German using this globe icon."
Convert the Cambridge Dictionary homepage from English (UK) to Deutsch.,click on the globe icon at the top right corner of the page to explore if there are interface language options to change to Deutsch. This is a common site feature for language settings.,"The screenshot shows the Cambridge Dictionary homepage with the globe icon visible at the top right corner. However, there is no visual confirmation from this screenshot that clicking the globe icon provides an option to switch the interface language to Deutsch. The interface remains in English and is focusing on English-German translations. It appears the option to change the interface language to German isn't evident, and the site does not seem to support a full interface language change from this area."
Convert the Cambridge Dictionary homepage from English (UK) to Deutsch.,click on the globe icon at the top right corner to see if there are language options to change the interface to Deutsch.,"The globe icon is visible at the top right corner of the page, but the screenshot doesn't reveal any dropdown menu or options for changing the website interface to Deutsch. The site's main content, including the 'Word of the Day' and navigation elements, remains in English. It appears there is no straightforward option from this icon to change the entire site language to German. You might need to consider that the website's interface language cannot be switched to Deutsch externally."
Convert the Cambridge Dictionary homepage from English (UK) to Deutsch.,"click on the globe icon at the top right of the page to explore language options for changing the interface to Deutsch, if available.","The globe icon at the top right corner suggests a language selection menu. However, there is no visible confirmation that changing the site interface language to Deutsch is an option there. The main content, including 'Word of the Day,' is still displayed in English, and it seems the Cambridge Dictionary homepage may not support a complete interface language change to German via this menu."