task,user_action,observation
"Find three different meanings of \""dog\"" in Cambridge Dictionary.",Going to https://dictionary.cambridge.org/,Went to https://dictionary.cambridge.org/
"Find three different meanings of \""dog\"" in Cambridge Dictionary.","type ""dog"" into the search bar with the placeholder ""Search English–Korean"" and press Enter to find the different meanings of ""dog"".","The screenshot shows three different meanings of ""dog"" from the Cambridge Dictionary:

1. A literal meaning: ""an animal with fur, four legs, and a tail, often kept as a pet.""
2. An informal phrase ""go to the dogs"": ""If a country or organization is going to the dogs, it is becoming very much less successful than it was in the past.""
3. The idiom ""let sleeping dogs lie"": ""Said to warn someone that they should not talk about a bad situation that most people have forgotten about."""
"Find three different meanings of \""dog\"" in Cambridge Dictionary.",Summarizing last observations,"The most recent observations revealed three different meanings of ""dog"" from the Cambridge Dictionary:

1. **Literal Meaning:** ""An animal with fur, four legs, and a tail, often kept as a pet.""
2. **Informal Phrase ""go to the dogs"":** ""If a country or organization is going to the dogs, it is becoming very much less successful than it was in the past.""
3. **Idiom ""let sleeping dogs lie"":** ""Said to warn someone that they should not talk about a bad situation that most people have forgotten about.""

For full context and details of the navigation to gather these meanings, please refer to the complete task history."