task,user_action,observation
"Choose a dessert recipe on Allrecipes with a prep time of less than 30 minutes, has chocolate as an ingredient, and has a user rating of 4 stars or higher. Provide the name of the recipe, ingredients list, and step-by-step instructions.",Going to https://www.allrecipes.com/,Went to https://www.allrecipes.com/
"Choose a dessert recipe on Allrecipes with a prep time of less than 30 minutes, has chocolate as an ingredient, and has a user rating of 4 stars or higher. Provide the name of the recipe, ingredients list, and step-by-step instructions.","type ""dessert chocolate prep time less than 30 minutes 4 stars"" into the search bar with placeholder 'Find a recipe or ingredient' and press Enter. This will help narrow down the search to chocolate dessert recipes that meet the criteria.","The search results do not show specific recipes related to the query. There are articles and features about cheesecakes, pumpkin, and cinnamon desserts, none of which match the criteria for chocolate dessert recipes under 30 minutes with a 4-star rating or higher. Consider refining the search query to focus more on chocolate desserts or use filters if available."
"Choose a dessert recipe on Allrecipes with a prep time of less than 30 minutes, has chocolate as an ingredient, and has a user rating of 4 stars or higher. Provide the name of the recipe, ingredients list, and step-by-step instructions.","type ""chocolate dessert"" into the search bar with placeholder 'Find a recipe or ingredient' to simplify the search and focus on chocolate desserts. Once results are refined, use filters if available to specify prep time and rating criteria.","Several chocolate dessert recipes are displayed. 

To filter by prep time and rating, check for filtering options on the page. Currently, the top options are:

1. **Ultimate Chocolate Dessert** - Rated above 4 stars.
2. **Chocolate Éclair Dessert** - Rated above 4 stars.
3. **Chocolate Mint Dessert Brownies** - Rated above 4 stars.

Next steps involve using any available filtering options to narrow down by prep time, or clicking on a recipe to check prep time in the details."
"Choose a dessert recipe on Allrecipes with a prep time of less than 30 minutes, has chocolate as an ingredient, and has a user rating of 4 stars or higher. Provide the name of the recipe, ingredients list, and step-by-step instructions.",click on the 'Ultimate Chocolate Dessert' to check its prep time and details. This recipe is rated above 4 stars and can be examined to see if it meets the criteria of less than 30 minutes preparation time.,"The ""Ultimate Chocolate Dessert"" recipe has a prep time of 15 minutes and a total cook time of 5 minutes, making it well under the 30-minute criterion. It is rated 4.7 stars, meeting the rating criterion. 

### Recipe:

- **Name**: Ultimate Chocolate Dessert
- **Rating**: 4.7 stars

#### Ingredients:
- 4 ounces bittersweet chocolate, chopped
- ½ cup strong brewed coffee
- 2 cups heavy cream
- 2 tablespoons sugar
- ½ teaspoon vanilla extract
- Whipped cream, for garnish
- Chocolate shavings, for garnish

#### Instructions:
1. **Melt Chocolate**: In a heatproof bowl, combine chocolate and coffee. Microwave for 30 seconds, stir, and repeat until chocolate is melted.
2. **Whip Cream**: In a separate bowl, whip the cream with sugar and vanilla extract until soft peaks form.
3. **Combine**: Gently fold the melted chocolate mixture into the whipped cream.
4. **Divide**: Divide the chocolate mixture into serving glasses or bowls.
5. **Refrigerate**: Chill in the fridge for about 4 hours before serving.
6. **Garnish**: Before serving, garnish with whipped cream and chocolate shavings."
"Choose a dessert recipe on Allrecipes with a prep time of less than 30 minutes, has chocolate as an ingredient, and has a user rating of 4 stars or higher. Provide the name of the recipe, ingredients list, and step-by-step instructions.",Summarizing last observations,"This summary reflects only the most recent observations from the ""Ultimate Chocolate Dessert"" recipe:

- **Name**: Ultimate Chocolate Dessert
- **Rating**: 4.7 stars

#### Ingredients:
- 4 ounces bittersweet chocolate, chopped
- ½ teaspoon instant coffee
- 1 pinch salt
- 1 cup heavy cream
- 3 tablespoons white sugar
- ½ teaspoon vanilla extract

#### Instructions:
1. **Mix Chocolate**: Stir chocolate, instant coffee, and salt together in a medium bowl.
2. **Heat Mixture**: Heat cream, sugar, and vanilla in a saucepan over medium heat, stirring until it simmers.
3. **Combine**: Pour hot cream over chocolate, let sit for 1 minute, and whisk until combined.
4. **Pour**: Pour mixture into four small cups, tap to remove air bubbles, and chill for at least 4 hours.
5. **Serve**: Top with grated chocolate or whipped cream, and dust with cocoa powder.

For full context and details, please refer to the complete task history."