task,user_action,observation
Locate a recipe for an American apple pie on Allrecipes with a rating of at least 4 stars and more than 50 reviews. Note the maximum temperature mentioned in the Directions.,Going to https://www.allrecipes.com/,Went to https://www.allrecipes.com/
Locate a recipe for an American apple pie on Allrecipes with a rating of at least 4 stars and more than 50 reviews. Note the maximum temperature mentioned in the Directions.,"type ""apple pie recipe"" into the search bar with placeholder text 'Find a recipe or ingredient', then click the search icon to locate relevant recipes.","The search results display multiple apple pie recipes. The 'Apple Pie by Grandma Ople' has a 5-star rating with 12,822 reviews, which fits the criteria of having more than 50 reviews and at least 4 stars. Next, you can click on this recipe to find the maximum temperature mentioned in the Directions section."
Locate a recipe for an American apple pie on Allrecipes with a rating of at least 4 stars and more than 50 reviews. Note the maximum temperature mentioned in the Directions.,"click on 'Apple Pie by Grandma Ople' with 5-star rating and 12,822 reviews to view the recipe and find the maximum temperature mentioned in the Directions section.","You have successfully navigated to the 'Apple Pie by Grandma Ople' recipe page on Allrecipes. This recipe has a 4.8-star rating and 12,822 reviews, meeting the criteria. To proceed, you need to scroll down to the Directions section to find the maximum temperature mentioned for baking the pie."
Locate a recipe for an American apple pie on Allrecipes with a rating of at least 4 stars and more than 50 reviews. Note the maximum temperature mentioned in the Directions.,scroll down to the Directions section to locate the maximum temperature for baking.,"The user has reached the 'How to Make Apple Pie' section, which introduces the ingredients for the 'Apple Pie by Grandma Ople'. However, to find the maximum temperature for baking, you need to scroll further down to the Directions section. The current view does not display this information yet."
Locate a recipe for an American apple pie on Allrecipes with a rating of at least 4 stars and more than 50 reviews. Note the maximum temperature mentioned in the Directions.,scroll further down the page to reach the Directions section to locate the maximum temperature for baking the pie.,"You have successfully located the Directions section for the 'Apple Pie by Grandma Ople' recipe. The maximum baking temperature mentioned is 425 degrees Fahrenheit. The pie is baked at this temperature for 15 minutes, then reduced to 350 degrees Fahrenheit for additional baking."
Locate a recipe for an American apple pie on Allrecipes with a rating of at least 4 stars and more than 50 reviews. Note the maximum temperature mentioned in the Directions.,Summarizing last observations,"The most recent observation indicates that the recipe 'Apple Pie by Grandma Ople' has been located, meeting the criteria of a 4.8-star rating with 12,822 reviews. The Directions section specifies that the maximum baking temperature is 425 degrees Fahrenheit for 15 minutes, followed by a reduction to 350 degrees Fahrenheit for additional baking. This summary reflects the latest observations; please refer to the complete task history for full context."