task,user_action,observation
Discover a suitable chocolate cupcake recipe on Allrecipes that has a preparation time of under 1 hour and at least 100 user reviews.,Going to https://www.allrecipes.com/,Went to https://www.allrecipes.com/
Discover a suitable chocolate cupcake recipe on Allrecipes that has a preparation time of under 1 hour and at least 100 user reviews.,type 'chocolate cupcake recipe' into the search bar labeled 'Find a recipe or ingredient' and press the search button to look for relevant recipes.,"The search results show several chocolate cupcake recipes. The 'Chocolate Cupcakes' recipe has 1,563 ratings, and the 'Easy Chocolate Cupcakes' recipe has 127 ratings. Both of these have over 100 user reviews, meeting one of the criteria. However, their preparation times are not visible. To check their suitability, you'll need to click on one to view its details, including the preparation time."
Discover a suitable chocolate cupcake recipe on Allrecipes that has a preparation time of under 1 hour and at least 100 user reviews.,"click on 'Chocolate Cupcakes' with 1,563 ratings to check the preparation time and see if it meets the criteria of under 1 hour.","The 'Chocolate Cupcakes' recipe on Allrecipes has a prep time of 15 minutes and a cook time of 15 minutes, totaling 30 minutes. This meets the criteria of a preparation time under 1 hour. Additionally, with 1,563 ratings, it also satisfies the requirement of having at least 100 user reviews. Therefore, this recipe is suitable for your task."
Discover a suitable chocolate cupcake recipe on Allrecipes that has a preparation time of under 1 hour and at least 100 user reviews.,Summarizing last observations,"This summary reflects only the latest observations:

The 'Chocolate Cupcakes' recipe on Allrecipes is identified as suitable for the user's criteria. It has a total time of 30 minutes (15 minutes for prep and 15 minutes for cooking) and 1,563 ratings, fulfilling the requirements of having a prep time under 1 hour and at least 100 user reviews. The recipe is described as producing moist and rich cupcakes, easy to make, and popular among the Allrecipes community. Ingredients include flour, cocoa powder, sugar, butter, vanilla, eggs, milk, leavening agents, and salt, with detailed instructions for preparation and decoration. For full details and context of the task, refer to the complete task history."