task,user_action,observation
List 3 recommended dinner recipes in the Allrecipes Dinners section.,Going to https://www.allrecipes.com/,Went to https://www.allrecipes.com/
List 3 recommended dinner recipes in the Allrecipes Dinners section.,"click ""☰"" to open the menu and find the Dinners section.",You successfully opened the menu on the Allrecipes website. The 'Dinners' section is visible as an option in the menu. You can proceed by clicking on 'Dinners' to explore the recommended dinner recipes.
List 3 recommended dinner recipes in the Allrecipes Dinners section.,"click ""Dinners"" under the DINNERS section in the menu to explore recommended dinner recipes.","You successfully navigated to the 'Dinner Recipes' section on Allrecipes. The page features categories for different types of dinner recipes such as 'Quick and Easy Dinners for One,' 'Cooking for Two,' and 'Sheet Pan Dinners.' However, specific recommended recipes are not immediately visible. Consider clicking on 'View All' or scrolling down to see more detailed recipe recommendations."
List 3 recommended dinner recipes in the Allrecipes Dinners section.,scroll down to view more detailed recipe recommendations so you can identify three recommended dinner recipes.,"You successfully scrolled down in the 'Dinners' section on Allrecipes. Here are three recommended dinner recipe collections you found:

1. Chef John's 20 Greatest Grilled Chicken Recipes
2. 7 Ina Garten Dinners for Every Night of the Week
3. 32 Lazy Pasta Recipes for the Unmotivated Cook.

These collections provide a variety of options for different tastes and cooking preferences."
List 3 recommended dinner recipes in the Allrecipes Dinners section.,Summarizing last observations,"Based on the most recent observations, the recommended dinner recipes in the Allrecipes Dinners section are:

1. Chef John's 20 Greatest Grilled Chicken Recipes
2. 7 Ina Garten Dinners for Every Night of the Week
3. 32 Lazy Pasta Recipes for the Unmotivated Cook

These recommendations offer a variety of options for different preferences. This summary reflects only the latest observations, and for full context, it is recommended to refer to the task history."