task,user_action,observation
Find a French ratatouille recipe on Allrecipes with a 4-star rating or higher and at least 15 reviews. Note the variety of vegetables included and the overall cooking time.,Going to https://www.allrecipes.com/,Went to https://www.allrecipes.com/
Find a French ratatouille recipe on Allrecipes with a 4-star rating or higher and at least 15 reviews. Note the variety of vegetables included and the overall cooking time.,type 'Ratatouille' into the search bar with placeholder 'Find a recipe or ingredient' and press enter to search for ratatouille recipes.,"The search results show several ratatouille recipes that meet the criteria of having a 4-star rating or higher and over 15 reviews. Examples include:

1. ""Ratatouille"" with 4.5 stars and 1,120 ratings.
2. ""Summer Vegetable Ratatouille"" with 4 stars and 164 ratings.
3. ""Disney's Ratatouille"" with 4.5 stars and 476 ratings.

You can click on any of these recipes to view the variety of vegetables and the overall cooking time."
Find a French ratatouille recipe on Allrecipes with a 4-star rating or higher and at least 15 reviews. Note the variety of vegetables included and the overall cooking time.,"click on the ""Ratatouille"" recipe with 4.5 stars and 1,120 ratings to view the variety of vegetables and the overall cooking time, as it clearly meets the criteria required.","The recipe selected has a 4.6-star rating based on 1,120 reviews, meeting the rating and review criteria. The recipe description highlights that it includes fresh tomatoes and summer vegetables, but does not list all specific vegetables in the visible text. The overall cooking time is listed as 1 hour, with 15 minutes of prep time and 45 minutes of cooking time. More details, including the complete list of vegetables, would require viewing the full recipe."
Find a French ratatouille recipe on Allrecipes with a 4-star rating or higher and at least 15 reviews. Note the variety of vegetables included and the overall cooking time.,"click the 'JUMP TO RECIPE' button to view the full list of ingredients, including the specific vegetables used in the ratatouille recipe.","The recipe for Ratatouille includes the following vegetables: eggplant, zucchini, tomatoes, mushrooms, onion, and bell pepper (green or red). The overall cooking time is 1 hour, with 15 minutes of prep time and 45 minutes of cooking time. This meets the task criteria for the search."
Find a French ratatouille recipe on Allrecipes with a 4-star rating or higher and at least 15 reviews. Note the variety of vegetables included and the overall cooking time.,Summarizing last observations,"The most recent observations reflect a successful search and review of a French ratatouille recipe on Allrecipes. The recipe has a 4.6-star rating from 1,120 ratings, meeting the criteria of 4 stars or higher and over 15 reviews. The variety of vegetables included are eggplant, zucchini, tomatoes, mushrooms, onion, and bell pepper (green or red). The overall cooking time is 1 hour, which includes 15 minutes of prep time and 45 minutes of cooking time. For a full understanding and additional details, please refer to the complete task history."