task,user_action,observation
Browse the about us section of Allrecipes for a brief introduction to The Allrecipes Allstars.,Going to https://www.allrecipes.com/,Went to https://www.allrecipes.com/
Browse the about us section of Allrecipes for a brief introduction to The Allrecipes Allstars.,click the menu icon (three horizontal lines) to open the navigation menu and access the About Us section for information on The Allrecipes Allstars.,"The navigation menu is open, showing various sections such as Dinners, Meals, Ingredients, Occasions, Cuisines, Kitchen Tips, News, Features, and About Us. To proceed, click on 'About Us' to access the introduction to The Allrecipes Allstars."
Browse the about us section of Allrecipes for a brief introduction to The Allrecipes Allstars.,click on 'ABOUT US' in the navigation menu to access the introduction to The Allrecipes Allstars.,"You have successfully navigated to the ""About Us"" section. Under this section, there are options such as ""About Allrecipes,"" ""Allstars,"" and ""How to Add a Recipe."" Click on ""Allstars"" to find a brief introduction to The Allrecipes Allstars."
Browse the about us section of Allrecipes for a brief introduction to The Allrecipes Allstars.,click on 'Allstars' under the About Us section to access the introduction to The Allrecipes Allstars.,"You have successfully accessed the Allrecipes Allstars page. The introduction highlights that the Allrecipes Allstars are described as the most dedicated home cooks associated with Allrecipes. They are a group of over 100 brand ambassadors who contribute to the world's largest community-driven food site, engaging with over 60 million home cooks every month."
Browse the about us section of Allrecipes for a brief introduction to The Allrecipes Allstars.,Summarizing last observations,"The most recent observations reveal that information about the Allrecipes Allstars, found in the ""About Us"" section, describes them as the most dedicated home cooks associated with Allrecipes. These Allstars are over 100 brand ambassadors who contribute to this community-driven food site, which engages with over 60 million home cooks monthly.

The screenshots further elaborate on their role, showcasing Allstars as diverse influencers and experts across various cooking and cultural backgrounds. They are praised for creating thousands of recipes and engaging in multiple channels to elevate home cooking for others.

The full context of their contributions and profiles can be explored further in the complete task history."