task,user_action,observation
Find a recipe for Baked Salmon that takes less than 30 minutes to prepare and has at least a 4 star rating based on user reviews.,Going to https://www.allrecipes.com/,Went to https://www.allrecipes.com/
Find a recipe for Baked Salmon that takes less than 30 minutes to prepare and has at least a 4 star rating based on user reviews.,type 'Baked Salmon recipe less than 30 minutes 4 stars' into the search bar with the placeholder 'Find a recipe or ingredient' and click the search icon to find suitable recipes.,The search results do not show any specific baked salmon recipes that match the criteria for time and rating. The results are more general and include articles on various recipes. It might be helpful to refine the search terms or directly browse the seafood or salmon section for more precise results. Checking individual recipe listings for preparation time and ratings is recommended.
Find a recipe for Baked Salmon that takes less than 30 minutes to prepare and has at least a 4 star rating based on user reviews.,type 'Baked Salmon' into the search bar with the placeholder 'Find a recipe or ingredient' and click the search icon to narrow down to specific salmon recipes. This broader search may reveal individual recipes where you can check details like preparation time and ratings.,"The search results still do not display specific baked salmon recipes matching the criteria of less than 30 minutes and at least 4 stars. The results page includes a variety of unrelated recipe collections and cooking guides. Consider using more specific terms like 'Baked Salmon under 30 minutes' and then filter by ratings if possible, or directly browse the salmon recipes section and individually check for time and ratings."
Find a recipe for Baked Salmon that takes less than 30 minutes to prepare and has at least a 4 star rating based on user reviews.,type 'Baked Salmon' into the search bar with the placeholder 'Find a recipe or ingredient' and click the search icon to perform a general search and then manually check recipe details for preparation time and ratings.,"The search results display several baked salmon recipes, many of which have more than 4 stars. For example, 'Baked Salmon Fillets Dijon' and 'Baked Salmon' both have strong ratings. You'll need to check each recipe individually to confirm they take less than 30 minutes to prepare. Consider looking at preparation details by clicking on the recipes with high ratings."
Find a recipe for Baked Salmon that takes less than 30 minutes to prepare and has at least a 4 star rating based on user reviews.,click on the 'Baked Salmon Fillets Dijon' recipe to check the preparation time and confirm it meets the criteria of being less than 30 minutes with a high rating.,"The 'Baked Salmon Fillets Dijon' recipe meets the criteria for your task. It has a 4.6-star rating based on 1,561 reviews, which exceeds the 4-star minimum. The total preparation and cook time is 25 minutes, which is under the 30-minute requirement. The recipe appears to be suitable for your needs."
Find a recipe for Baked Salmon that takes less than 30 minutes to prepare and has at least a 4 star rating based on user reviews.,Summarizing last observations,"The most recent observations reveal that the 'Baked Salmon Fillets Dijon' recipe not only meets but exceeds the criteria for the task. It holds a 4.6-star rating from 1,561 reviews and takes a total of 25 minutes to prepare, including 10 minutes of prep time and 15 minutes of cooking. This is under the 30-minute requirement, making it suitable for the goal. The screenshots confirm these details and provide a full list of ingredients and step-by-step preparation instructions. For full context and details, it is advised to review the task history."