task,user_action,observation
"Find The Most Popular Recipes of the 1960s, noting the recipe name, preparation time and total time of the second recipe in this collection.",Going to https://www.allrecipes.com/,Went to https://www.allrecipes.com/
"Find The Most Popular Recipes of the 1960s, noting the recipe name, preparation time and total time of the second recipe in this collection.",type 'Most Popular Recipes of the 1960s' into the search bar with the placeholder 'Find a recipe or ingredient' and hit enter to search for the collection of recipes from that era.,"The search results display a list of collections, including ""The Most Popular Recipes of the 1960s."" The user should click on this collection to find specific recipes from the 1960s. This step needs to be completed to find the name, preparation time, and total time of the second recipe."
"Find The Most Popular Recipes of the 1960s, noting the recipe name, preparation time and total time of the second recipe in this collection.","click on the link with the text 'The Most Popular Recipes of the 1960s' to view the collection and find the name, preparation time, and total time of the second recipe.","The webpage titled ""The Most Popular Recipes of the 1960s"" is open. The first recipe in the collection is ""Tunnel of Fudge Cake II."" To find the name, preparation time, and total time of the second recipe in this collection, scroll down the page to view the list of recipes."
"Find The Most Popular Recipes of the 1960s, noting the recipe name, preparation time and total time of the second recipe in this collection.","scroll down the page to view the second recipe in the collection and find its name, preparation time, and total time.","The second recipe in the collection is ""Swedish Meatballs I."" To find the preparation time and total time, more information might be needed by clicking 'VIEW RECIPE.' Currently, this specific time information is not visible in the screenshot."
"Find The Most Popular Recipes of the 1960s, noting the recipe name, preparation time and total time of the second recipe in this collection.",click on the 'VIEW RECIPE' button for 'Swedish Meatballs I' to find the preparation time and total time of the second recipe.,"The second recipe in ""The Most Popular Recipes of the 1960s"" collection is ""Swedish Meatballs I."" The preparation time is 25 minutes and the total time is 1 hour and 25 minutes."
"Find The Most Popular Recipes of the 1960s, noting the recipe name, preparation time and total time of the second recipe in this collection.",Summarizing last observations,"This summary reflects the most recent observations. The second recipe in the ""Most Popular Recipes of the 1960s"" collection is ""Swedish Meatballs I."" The preparation time is 25 minutes, and the total time is 1 hour and 25 minutes. For full context, please refer to the complete task history."