task,user_action,observation
Locate a baked salmon recipe on Allrecipes that has at least 50 reviews and a rating of 4.5 stars or higher. Note the primary seasoning or herb used and the estimated cooking time.,Going to https://www.allrecipes.com/,Went to https://www.allrecipes.com/
Locate a baked salmon recipe on Allrecipes that has at least 50 reviews and a rating of 4.5 stars or higher. Note the primary seasoning or herb used and the estimated cooking time.,type 'baked salmon' in the search bar with placeholder 'Find a recipe or ingredient' and press enter to locate recipes.,"The search results for 'baked salmon' display several recipes. Two notable options meeting or exceeding the criteria of 50 reviews and at least a 4.5-star rating are:

1. **Baked Salmon Fillets Dijon**: Over 1,561 ratings with over a 4.5-star rating.
   - You will need to open this recipe to check the primary seasoning and cooking time.

2. **Baked Salmon**: Over 3,316 ratings with over a 4.5-star rating.
   - Open this recipe to find the primary seasoning and estimated cooking time.

You can click on either to gather the seasoning details and cooking time information."
Locate a baked salmon recipe on Allrecipes that has at least 50 reviews and a rating of 4.5 stars or higher. Note the primary seasoning or herb used and the estimated cooking time.,"click on 'Baked Salmon Fillets Dijon' to view the recipe details, including the primary seasoning and cooking time, as it meets the criteria with over 1,561 ratings and a 4.5-star rating.","The 'Baked Salmon Fillets Dijon' recipe has been successfully located. It has 1,561 ratings and a rating of 4.6 stars, exceeding the criteria. 

- **Primary seasoning/herb**: Dijon-style mustard
- **Estimated cooking time**: 15 minutes
- **Total time including prep**: 25 minutes

The recipe meets the specified criteria."
Locate a baked salmon recipe on Allrecipes that has at least 50 reviews and a rating of 4.5 stars or higher. Note the primary seasoning or herb used and the estimated cooking time.,Summarizing last observations,"This summary reflects the most recent observations of locating a baked salmon recipe on Allrecipes. The selected recipe, ""Baked Salmon Fillets Dijon,"" has 1,561 reviews with a 4.6-star rating. The primary seasoning used is Dijon-style mustard, and the estimated cooking time is 15 minutes, with a total time (including prep) of 25 minutes. These details confirm the recipe meets the specified criteria.

For a complete understanding of the task, please refer to the full task history."