task,user_action,observation
Find a recipe for Baked Salmon that takes less than 30 minutes to prepare and has at least a 4 star rating based on user reviews.,Going to https://www.allrecipes.com/,Went to https://www.allrecipes.com/
Find a recipe for Baked Salmon that takes less than 30 minutes to prepare and has at least a 4 star rating based on user reviews.,type 'Baked Salmon recipe' into the search bar with the placeholder 'Find a recipe or ingredient' to find recipes efficiently.,"The search results display a variety of baked salmon recipes, all of which have a star rating visible. Several options like ""Baked Salmon,"" ""Baked Salmon Fillets Dijon,"" and ""Baked Dijon Salmon"" have over 4 stars and a significant number of ratings, indicating popularity and positive reviews. However, the preparation time is not visible. You may need to click on individual recipes to find out their preparation times to ensure they take less than 30 minutes to prepare."
Find a recipe for Baked Salmon that takes less than 30 minutes to prepare and has at least a 4 star rating based on user reviews.,"click on the 'Baked Salmon' recipe with 3,316 ratings to check the preparation time and see if it meets the requirement of under 30 minutes.","The 'Baked Salmon' recipe has a rating of 4.7 stars based on 3,316 ratings, indicating it meets the rating requirement. However, the preparation time is 15 minutes, and the cooking time is 35 minutes, totaling 1 hour 50 minutes including additional time, which does not meet the requirement of being under 30 minutes. You will need to look for another recipe that fits the time constraint."
Find a recipe for Baked Salmon that takes less than 30 minutes to prepare and has at least a 4 star rating based on user reviews.,click on the 'back' button in the browser to return to the previous search results page so that you can explore other baked salmon recipes that may fit the time requirement of under 30 minutes and maintain a 4-star rating.,"The page is still displaying the 'Baked Salmon' recipe, which has a total time of 1 hour 50 minutes. The user needs to return to the search results to find a recipe that takes less than 30 minutes to prepare. Clicking the 'back' button again should bring you back to those search results for further exploration."
Find a recipe for Baked Salmon that takes less than 30 minutes to prepare and has at least a 4 star rating based on user reviews.,click on the browser's back button to return to the previous search results page and explore other baked salmon recipes that may fit the criteria of being under 30 minutes in total time.,"You have returned to the search results page displaying various baked salmon recipes. All visible recipes have more than 4 stars, meeting the rating requirement. However, preparation times are not displayed on this page. You'll need to click on individual recipes, such as 'Baked Salmon Fillets Dijon' or 'Cheesy Baked Salmon,' to check if they fit the under 30-minute preparation time criterion."
Find a recipe for Baked Salmon that takes less than 30 minutes to prepare and has at least a 4 star rating based on user reviews.,"click on the 'Baked Salmon Fillets Dijon' recipe to check its preparation time and determine if it is under 30 minutes, as it has a high star rating with 1,561 ratings, meeting the rating criteria.","The 'Baked Salmon Fillets Dijon' recipe meets both criteria. It has a 4.6-star rating based on 1,561 reviews and a total preparation time of 25 minutes, which satisfies the requirement of being under 30 minutes. The recipe involves 10 minutes of prep time and 15 minutes of cooking time."
Find a recipe for Baked Salmon that takes less than 30 minutes to prepare and has at least a 4 star rating based on user reviews.,Summarizing last observations,"The most recent observation confirms that the 'Baked Salmon Fillets Dijon' recipe fulfills the task criteria. It has a 4.6-star rating based on 1,561 reviews and a total preparation time of 25 minutes, comprising 10 minutes of prep time and 15 minutes of cooking time. The recipe involves salmon fillets coated with Dijon mustard and seasoned bread crumbs. While this summary reflects the latest findings from the observed actions, reviewing the complete task history is recommended for full context and details."