task,user_action,observation
"Choose a dessert recipe on Allrecipes with a prep time of less than 30 minutes, has chocolate as an ingredient, and has a user rating of 4 stars or higher. Provide the name of the recipe, ingredients list, and step-by-step instructions.",Going to https://www.allrecipes.com/,Went to https://www.allrecipes.com/
"Choose a dessert recipe on Allrecipes with a prep time of less than 30 minutes, has chocolate as an ingredient, and has a user rating of 4 stars or higher. Provide the name of the recipe, ingredients list, and step-by-step instructions.","type ""chocolate dessert prep time under 30 minutes 4 stars"" into the search bar with the placeholder 'Find a recipe or ingredient', then press the search icon to find suitable recipes.",The search did not yield any dessert recipe results. The page only shows an unrelated article about '24 Slow Cooker Classics for Your Next Tailgate'. You may need to refine the search terms or navigate through categories to find a suitable chocolate dessert recipe matching the criteria.
"Choose a dessert recipe on Allrecipes with a prep time of less than 30 minutes, has chocolate as an ingredient, and has a user rating of 4 stars or higher. Provide the name of the recipe, ingredients list, and step-by-step instructions.","type ""chocolate dessert"" into the search bar with placeholder 'Find a recipe or ingredient', then press the search icon to find a broader range of recipes that can be narrowed down for prep time and rating.","The search using the term ""chocolate dessert"" and additional qualifiers still did not produce the desired results. The page is showing an unrelated tailgating article again. It appears that the search query may need further refinement. Consider breaking down the search by using simpler terms like ""chocolate dessert"" and then applying filters for prep time and rating on the results page, if available."
"Choose a dessert recipe on Allrecipes with a prep time of less than 30 minutes, has chocolate as an ingredient, and has a user rating of 4 stars or higher. Provide the name of the recipe, ingredients list, and step-by-step instructions.","type ""chocolate dessert"" into the search bar with the placeholder 'Find a recipe or ingredient', then press the search icon to find a broader range of dessert recipes and look for options to filter by prep time and rating.","The search for ""chocolate dessert"" with the added qualifiers for prep time and star rating continues to show unrelated content, specifically an article on tailgating recipes. It seems that the detailed search phrases are not effectively narrowing down to relevant recipes. To find the desired recipe, consider simplifying the search query to just ""chocolate dessert,"" and upon retrieving results, manually look for filters or sort options on the results page to apply criteria such as prep time and rating. This may help in locating suitable recipes in line with the task requirements."
"Choose a dessert recipe on Allrecipes with a prep time of less than 30 minutes, has chocolate as an ingredient, and has a user rating of 4 stars or higher. Provide the name of the recipe, ingredients list, and step-by-step instructions.","type ""chocolate dessert"" into the search bar with placeholder 'Find a recipe or ingredient' to initiate a broader search, then look for filter options for prep time and rating on the results page.","The search ""chocolate dessert"" returned a list of dessert recipes. Several options are visible with high ratings, such as:

- **Chocolate Éclair Dessert** (4.7 stars with 1,598 ratings)
- **Chocolate Mint Dessert Brownies** (4.6 stars with 320 ratings)

These options have a rating over 4 stars and could potentially meet the other criteria, such as prep time, after checking the recipe details. Next, click on one of these recipes to verify the prep time and gather the ingredients list and step-by-step instructions."
"Choose a dessert recipe on Allrecipes with a prep time of less than 30 minutes, has chocolate as an ingredient, and has a user rating of 4 stars or higher. Provide the name of the recipe, ingredients list, and step-by-step instructions.",click on 'Chocolate Éclair Dessert' to verify details such as prep time and to gather the ingredients list and step-by-step instructions.,"The selected recipe, ""Chocolate Éclair Dessert,"" fits the task criteria with a prep time of 15 minutes and a high rating of 4.7 stars from 1,598 reviews. Here are the details:

- **Name of Recipe**: Chocolate Éclair Dessert

- **Ingredients**:
  - 2 individual packages graham crackers
  - 2 packages instant vanilla pudding mix
  - 3 cups milk
  - 1 (8 ounce) container frozen whipped topping, thawed
  - 1 (16 ounce) package prepared chocolate frosting

- **Step-by-Step Instructions**:
  1. Arrange one package of graham crackers in the bottom of a 9x13-inch pan.
  2. In a medium bowl, mix together pudding mix and milk; stir until thick. Fold in whipped topping.
  3. Spread half of the pudding mixture over the crackers. Arrange another layer of graham crackers over the pudding. Spread remaining pudding over crackers; top with remaining graham crackers.
  4. Spread chocolate frosting over top layer of crackers.
  5. Refrigerate for at least 2 hours before serving."
"Choose a dessert recipe on Allrecipes with a prep time of less than 30 minutes, has chocolate as an ingredient, and has a user rating of 4 stars or higher. Provide the name of the recipe, ingredients list, and step-by-step instructions.",Summarizing last observations,"This summary reflects the most recent observations. To fully understand the task progression, please refer to the complete task history.

A suitable recipe was successfully identified:

- **Name of Recipe**: Chocolate Éclair Dessert
- **Rating**: 4.7 stars (1,598 reviews)
- **Prep Time**: 15 minutes

**Ingredients**:
- 2 individual packages graham crackers
- 2 (3 ounce) packages instant vanilla pudding mix
- 3 cups cold milk
- 1 (8 ounce) container frozen whipped topping, thawed
- 1 (16 ounce) package prepared chocolate frosting

**Step-by-Step Instructions**:
1. Gather all ingredients.
2. Line the bottom of a 9x13-inch pan with a layer of graham crackers.
3. Combine cold milk and pudding in a large bowl; whisk briskly for 2 minutes.
4. Mix whipped topping into pudding mixture until combined.
5. Spread half of the pudding mixture over the graham crackers.
6. Add another layer of graham crackers and top with remaining pudding.
7. Finish with a final layer of graham crackers.
8. Spread chocolate frosting over the top crackers.
9. Refrigerate for at least 2 hours before serving."