task,user_action,observation
Find a vegan lasagna recipe on Allrecipes that requires 10 ingredients or less and has feedback of more than 200 reviews. Provide a brief overview of the ingredient list and the total prep and cook time.,Going to https://www.allrecipes.com/,Went to https://www.allrecipes.com/
Find a vegan lasagna recipe on Allrecipes that requires 10 ingredients or less and has feedback of more than 200 reviews. Provide a brief overview of the ingredient list and the total prep and cook time.,"type ""vegan lasagna 10 ingredients"" into the search bar with the placeholder ""Find a recipe or ingredient"" and press enter to search for relevant recipes.","The search results didn't directly show any specific vegan lasagna recipes with 10 ingredients or less. Instead, it displayed a variety of articles and lists about vegan dishes and substitutions, plus a pasta collection. You may need to refine the search terms or explore the '15 Comforting Vegan Dinners for Fall and Winter' for possible matches to your criteria."
Find a vegan lasagna recipe on Allrecipes that requires 10 ingredients or less and has feedback of more than 200 reviews. Provide a brief overview of the ingredient list and the total prep and cook time.,"click on the article titled ""15 Comforting Vegan Dinners for Fall and Winter"" to explore if it contains suitable vegan lasagna recipes that meet the criteria.","The article ""15 Comforting Vegan Dinners for Fall and Winter"" is displayed. The first recipe listed is ""Vegan Mushroom-Stuffed Cabbage Rolls."" To check if there is a suitable vegan lasagna recipe, you'll need to explore the article further by scrolling down or using the ""View Recipe"" buttons to see the details of included dishes. The current view does not yet reveal a vegan lasagna recipe or its details."
Find a vegan lasagna recipe on Allrecipes that requires 10 ingredients or less and has feedback of more than 200 reviews. Provide a brief overview of the ingredient list and the total prep and cook time.,scroll down to view the remaining recipes in the article to find a vegan lasagna option.,"The current screenshot displays parts of the list from the article ""15 Comforting Vegan Dinners for Fall and Winter,"" but it does not show a vegan lasagna recipe. Only the first two recipes, 'Vegan Mushroom-Stuffed Cabbage Rolls' and 'Traditional Style Vegan Shepherd's Pie,' are visible. To find a vegan lasagna recipe, you may need to scroll further down the article or try a different search approach to locate a suitable recipe that meets the criteria."
Find a vegan lasagna recipe on Allrecipes that requires 10 ingredients or less and has feedback of more than 200 reviews. Provide a brief overview of the ingredient list and the total prep and cook time.,scroll further down the page to continue viewing more recipes in the article for potential vegan lasagna options.,"The current screenshot shows the continuation of the article with a 'Traditional Style Vegan Shepherd's Pie' and 'Stuffed Butternut Squash.' There is no vegan lasagna recipe visible here. It seems you may need to either scroll further down the page or consider altering your search terms to better target vegan lasagna recipes specifically, possibly filtering by ingredient count or review count if those options are available."
Find a vegan lasagna recipe on Allrecipes that requires 10 ingredients or less and has feedback of more than 200 reviews. Provide a brief overview of the ingredient list and the total prep and cook time.,scroll further down the page to continue viewing more recipes in the article in search of a vegan lasagna recipe.,The current view still does not display a vegan lasagna recipe. Only recipes for 'Stuffed Butternut Squash' and 'Marrakesh Vegetable Curry' are visible. It might be necessary to continue scrolling or try a more specific search for vegan lasagna with limited ingredients directly on the Allrecipes site to better target your criteria.
Find a vegan lasagna recipe on Allrecipes that requires 10 ingredients or less and has feedback of more than 200 reviews. Provide a brief overview of the ingredient list and the total prep and cook time.,"type ""vegan lasagna 10 ingredients reviews"" into the search bar with the placeholder ""Find a recipe or ingredient"" and press enter to search for more targeted results.",The search results displayed are various articles and recipe collections related to different meal types and themes. The current view does not specifically show a vegan lasagna recipe that meets the criteria of 10 ingredients or less and over 200 reviews. The focus seems to be more on collections rather than specific recipes. It might be beneficial to refine the search or check collections that focus more on pasta or lasagna dishes directly to find a match.
Find a vegan lasagna recipe on Allrecipes that requires 10 ingredients or less and has feedback of more than 200 reviews. Provide a brief overview of the ingredient list and the total prep and cook time.,"click on the ""Our 30 Best Baked Pasta Recipes Are Dinners You'll Want to Make Again and Again"" article to explore if it includes any vegan lasagna recipes with fewer ingredients and high reviews.","The article ""Our 30 Best Baked Pasta Recipes Are Dinners You'll Want to Make Again and Again"" is visible, featuring a list of highly-rated baked pasta dishes. Only the first recipe, 'Baked Ziti I,' is visible, which is likely not vegan given traditional ingredients. To find a vegan lasagna recipe, it would be necessary to scroll further down or use specific keywords once more to locate a dish that meets the criteria of 10 ingredients or fewer and over 200 reviews. The current recipe does not meet the specified task requirements."
Find a vegan lasagna recipe on Allrecipes that requires 10 ingredients or less and has feedback of more than 200 reviews. Provide a brief overview of the ingredient list and the total prep and cook time.,scroll down to view more recipes in the article 'Our 30 Best Baked Pasta Recipes' to determine if any vegan lasagna options are present.,"The current view of the 'Our 30 Best Baked Pasta Recipes' article displays a recipe for 'Artichoke Spinach Lasagna.' It is not specified whether this lasagna is vegan or fits the 10 ingredients or less criteria. You may need to click 'View Recipe' to check the details for vegan suitability and ingredients count. As of this view, there hasn't been progress towards the specific goal."
Find a vegan lasagna recipe on Allrecipes that requires 10 ingredients or less and has feedback of more than 200 reviews. Provide a brief overview of the ingredient list and the total prep and cook time.,click on the 'View Recipe' button under 'Artichoke Spinach Lasagna' to check if it is a vegan lasagna recipe that meets the criteria of having 10 ingredients or less and over 200 reviews.,"The ""Artichoke Spinach Lasagna"" recipe on Allrecipes does not appear to be vegan, as it includes mozzarella cheese and feta, which are typically dairy-based. However, it does meet the requirement of having more than 200 reviews, with 1,819 ratings and a 4.6-star average. 

- **Prep Time**: 20 minutes  
- **Cook Time**: 1 hour  
- **Total Time**: 1 hour 20 minutes

To find a vegan alternative, continue searching for ""vegan lasagna"" specifically, ensuring the ingredient list meets the criteria of 10 or fewer ingredients. Consider using search filters if available."
Find a vegan lasagna recipe on Allrecipes that requires 10 ingredients or less and has feedback of more than 200 reviews. Provide a brief overview of the ingredient list and the total prep and cook time.,click on 'Jump to Nutrition Facts' to quickly scan the detailed ingredient list to determine if it meets the criteria of 10 ingredients or less.,"The current view shows the nutrition facts for a recipe along with the review section for 'Artichoke Spinach Lasagna,' which has 1,293 reviews. This indicates the recipe meets the review criterion of more than 200 reviews. However, the ingredient list is not visible, so it remains unclear if it meets the 10-ingredient requirement. You may need to locate and check the ingredient section specifically to confirm if it matches the task criteria."
Find a vegan lasagna recipe on Allrecipes that requires 10 ingredients or less and has feedback of more than 200 reviews. Provide a brief overview of the ingredient list and the total prep and cook time.,"go back to return to the article '15 Comforting Vegan Dinners for Fall and Winter' to continue searching for a suitable vegan lasagna recipe, since this current view does not meet the task goal of finding a vegan lasagna recipe with less than 10 ingredients.","You've found the 'Artichoke Spinach Lasagna' recipe on Allrecipes with 1,293 reviews, which meets the criteria of having more than 200 reviews. However, the ingredient list is not visible in this screenshot, so you'll need to check the list to confirm it meets the requirement of 10 ingredients or less. The prep time is 20 minutes and the cook time is 1 hour, totaling 1 hour and 20 minutes."
Find a vegan lasagna recipe on Allrecipes that requires 10 ingredients or less and has feedback of more than 200 reviews. Provide a brief overview of the ingredient list and the total prep and cook time.,"click on ""Jump to Nutrition Facts"" to view the ingredient list for this lasagna recipe and verify if it has 10 ingredients or less.","The screenshot shows the 'Nutrition Facts' section of an 'Artichoke Spinach Lasagna' recipe, indicating it has extensive reviews with 1,293. However, the actual ingredient list and whether it meets the 10-ingredient limit are not visible here. To progress, you should look for a detailed recipe section that lists the ingredients and prep time to verify compliance with your criteria."
Find a vegan lasagna recipe on Allrecipes that requires 10 ingredients or less and has feedback of more than 200 reviews. Provide a brief overview of the ingredient list and the total prep and cook time.,scroll down to check if there is a vegan lasagna recipe within the displayed user reviews or recipes section.,"The screenshot shows a section with user reviews for a recipe with over 1,819 ratings, indicating the recipe is popular with home cooks. However, there is no clear indication that this is a vegan lasagna recipe, nor does it specify the ingredient count or prep/cook time. For more details, you may need to explore the specific recipe page itself if it can be identified, or refine the search to focus on vegan lasagna recipes specifically."
Find a vegan lasagna recipe on Allrecipes that requires 10 ingredients or less and has feedback of more than 200 reviews. Provide a brief overview of the ingredient list and the total prep and cook time.,"click the search bar with the placeholder ""Find a recipe or ingredient"" and type ""vegan lasagna"" to perform a direct search and locate suitable recipes.","You have found a vegan lasagna recipe with over 1800 ratings, indicating it meets the review criteria. However, the number of ingredients and prep/cook times are not visible in the current screenshot. You may need to navigate to the recipe's main page or scroll to the ingredients and directions sections for more details. This recipe seems promising given its popularity and high rating."
Find a vegan lasagna recipe on Allrecipes that requires 10 ingredients or less and has feedback of more than 200 reviews. Provide a brief overview of the ingredient list and the total prep and cook time.,scroll up to find the recipe title and ingredient list for the lasagna with 1819 ratings that matches the criteria of having more than 200 reviews.,"The current screenshot shows a recipe with 1819 ratings, but it is not clear if this is a vegan lasagna recipe as only the review section for 'Artichoke Spinach Lasagna' is visible. There's no information on the ingredient list or prep and cook time. It appears this might not be a vegan or limited ingredient recipe. To confirm, check the main recipe details by navigating back to the main page of the recipe if accessible."
Find a vegan lasagna recipe on Allrecipes that requires 10 ingredients or less and has feedback of more than 200 reviews. Provide a brief overview of the ingredient list and the total prep and cook time.,"type ""vegan lasagna"" into the search bar with the placeholder ""Find a recipe or ingredient"" and press enter to perform a refined search specifically for vegan lasagna recipes.","The refined search for ""vegan lasagna"" shows several relevant results. However, none of the visible recipes clearly indicate they meet the criteria of having 10 ingredients or less and over 200 reviews. For example, ""Vegan Lasagna I"" has 194 ratings, which is close to the requirement, but does not meet the review threshold. To find a recipe that fits your criteria, consider checking out the full details of ""Vegan Lasagna I"" to confirm the ingredient list, or continue searching for other options that might not be visible in the current screenshot."
Find a vegan lasagna recipe on Allrecipes that requires 10 ingredients or less and has feedback of more than 200 reviews. Provide a brief overview of the ingredient list and the total prep and cook time.,"click on ""Vegan Lasagna I"" as it has 194 ratings, which might meet the review criteria and check if it has 10 ingredients or fewer.","The ""Vegan Lasagna I"" recipe is displayed. It has 151 reviews and 194 ratings, with a total time of 2 hours and 30 minutes (prep time: 30 mins, cook time: 2 hrs). However, the ingredient list shows more than 10 ingredients, making it unsuitable according to the specified criteria for ingredient count. The recipe does not meet the criteria of having 10 ingredients or less but does fit the feedback criteria closely with substantial reviews and ratings."
Find a vegan lasagna recipe on Allrecipes that requires 10 ingredients or less and has feedback of more than 200 reviews. Provide a brief overview of the ingredient list and the total prep and cook time.,"go back to the search results page to try a more specific search for vegan lasagna recipes with fewer ingredients, focusing on those with more than 200 reviews.","The current page shows a vegan lasagna recipe titled ""Vegan Lasagna I."" It has 151 reviews, which doesn't meet the criteria of over 200 reviews. The prep time is 30 minutes and the cook time is 2 hours, for a total of 2 hours and 30 minutes. The recipe lists more than 10 ingredients, including olive oil, chopped onion, and minced garlic, which exceeds the ingredient limit criteria as well. It may be necessary to search again or filter further to match the criteria specified. 

Recipe details:
- Prep Time: 30 mins
- Cook Time: 2 hrs
- Total Time: 2 hrs 30 mins
- Servings: 8"
Find a vegan lasagna recipe on Allrecipes that requires 10 ingredients or less and has feedback of more than 200 reviews. Provide a brief overview of the ingredient list and the total prep and cook time.,go back to return to the previous search results page since the current recipe does not meet the review criteria of having more than 200 reviews.,"The search results page shows several vegan lasagna options, but none with over 200 reviews. ""Vegan Lasagna I"" has 194 ratings, which is close to your criteria but falls short. ""Vegan Lasagna II"" and ""Michelle's Vegan Lasagna"" have even fewer ratings. To meet the criteria fully, you may need to adjust your search parameters or check each recipe's ingredient list to confirm the number of ingredients."
Find a vegan lasagna recipe on Allrecipes that requires 10 ingredients or less and has feedback of more than 200 reviews. Provide a brief overview of the ingredient list and the total prep and cook time.,click on the recipe titled 'Vegan Lasagna I' with 194 ratings to view the details and check if it meets the criteria of 10 ingredients or less.,"The 'Vegan Lasagna I' recipe has 194 ratings, which does not meet the requirement of over 200 reviews. However, it provides a prep time of 30 minutes and a cook time of 2 hours, making a total time of 2 hours and 30 minutes. The ingredient list starts with:

1. 2 tablespoons olive oil
2. 1 ½ cups chopped onion
3. 3 tablespoons minced garlic

Additional details on the number of ingredients are necessary to confirm if it meets the 10 ingredient limit. The recipe partially fulfills the task but falls short on the required number of reviews. Consider searching for other options to fully meet the criteria."
Find a vegan lasagna recipe on Allrecipes that requires 10 ingredients or less and has feedback of more than 200 reviews. Provide a brief overview of the ingredient list and the total prep and cook time.,"go back to refine the search terms, as the current recipe 'Vegan Lasagna I' has 151 reviews and does not meet the criteria of more than 200 reviews. Focus on adjusting the search to target recipes with more reviews directly.","The recipe 'Vegan Lasagna I' is displayed, but it only has 151 reviews, not meeting the requirement of more than 200 reviews. It also features more than 10 ingredients. The prep time is 30 minutes, and the cook time is 2 hours, totaling 2 hours and 30 minutes. The search will need further refinement or a different approach to locate a vegan lasagna recipe meeting the specified criteria."
Find a vegan lasagna recipe on Allrecipes that requires 10 ingredients or less and has feedback of more than 200 reviews. Provide a brief overview of the ingredient list and the total prep and cook time.,"go back to the previous page and try using the search bar with the placeholder 'Find a recipe or ingredient' again to search for 'vegan lasagna' while using a filter for reviews or ingredients if available, aiming to target recipes that better fit the criteria of 10 ingredients or less and more than 200 reviews.","The search results show several vegan lasagna options, but none appear to meet your criteria of having more than 200 reviews. ""Vegan Lasagna I"" has 194 ratings, which is close but not quite above 200. There may be an option to view more details to check the number of ingredients and other specifics like prep and cook time, but further exploration is needed, as none of the currently visible recipes fully meet all the specified requirements."