task,user_action,observation
"Find a high-rated recipe for vegetarian lasagna, list the key ingredients required, and include the total preparation and cook time stated on the recipe.",Going to https://www.allrecipes.com/,Went to https://www.allrecipes.com/
"Find a high-rated recipe for vegetarian lasagna, list the key ingredients required, and include the total preparation and cook time stated on the recipe.",type 'vegetarian lasagna' into the search bar with placeholder 'Find a recipe or ingredient' and press enter to perform the search.,The search results for 'vegetarian lasagna' display several recipes with ratings. Notable high-rated options include 'Vegetarian Four Cheese Lasagna' with 243 ratings and 'Easy Vegetarian Spinach Lasagna' with 111 ratings. You can click on one of these recipes to view the key ingredients and the total preparation and cook time.
"Find a high-rated recipe for vegetarian lasagna, list the key ingredients required, and include the total preparation and cook time stated on the recipe.","click on 'Vegetarian Four Cheese Lasagna' to view the recipe details, as it has the highest number of ratings and is likely a reliable option for key ingredients and preparation times.","The recipe for 'Vegetarian Four Cheese Lasagna' has been accessed. It includes key ingredients like ricotta, feta, eggplant, tomato, pesto, pumpkin, Parmesan, and mozzarella. The total preparation time is 1 hour and 15 minutes, including 15 minutes of prep time and 1 hour of cook time. This recipe serves 8."
"Find a high-rated recipe for vegetarian lasagna, list the key ingredients required, and include the total preparation and cook time stated on the recipe.",Summarizing last observations,"This summary reflects the most recent observations only regarding the high-rated recipe found for 'Vegetarian Four Cheese Lasagna' on AllRecipes.

The recipe includes ingredients such as:
- 2 cups peeled and diced pumpkin
- 1 eggplant (sliced)
- 5 tomatoes
- 1 pint ricotta cheese
- 9 ounces crumbled feta cheese
- 3/4 cup pesto
- 2 eggs
- Salt and pepper
- 15 ounces tomato sauce
- Fresh pasta sheets
- 1 1/3 cups shredded mozzarella cheese
- 1 cup grated Parmesan cheese

The total preparation time is 1 hour and 15 minutes, with a prep time of 15 minutes and a cook time of 1 hour. The recipe yields one 9x13 baking dish and serves 8 people.

For more detailed context and the complete task history, please refer to the task history."