task,user_action,observation
Locate a recipe for an American apple pie on Allrecipes with a rating of at least 4 stars and more than 50 reviews. Note the maximum temperature mentioned in the Directions.,Going to https://www.allrecipes.com/,Went to https://www.allrecipes.com/
Locate a recipe for an American apple pie on Allrecipes with a rating of at least 4 stars and more than 50 reviews. Note the maximum temperature mentioned in the Directions.,"type ""American apple pie"" into the search bar with the placeholder 'Find a recipe or ingredient' and press enter to search for recipes.","The search results show several options for American apple pie recipes. The 'All American Apple Pie' recipe has 613 ratings with a high rating, and the 'Apple Pie by Grandma Ople' has 12,824 ratings, also with a high rating. Both meet the criteria of having more than 50 reviews and a rating of at least 4 stars. The next step should be to click on one of these recipes to check the directions for the maximum baking temperature."
Locate a recipe for an American apple pie on Allrecipes with a rating of at least 4 stars and more than 50 reviews. Note the maximum temperature mentioned in the Directions.,"click on the 'Apple Pie by Grandma Ople' recipe with 12,824 ratings to view the full recipe and check the directions for the maximum baking temperature.","You have accessed the 'Apple Pie by Grandma Ople' recipe page. The ratings and reviews confirm it meets the criteria of having at least 4 stars and over 50 reviews. To find the maximum temperature for baking, scroll down to the Directions section, which isn't visible in the current screenshot."
Locate a recipe for an American apple pie on Allrecipes with a rating of at least 4 stars and more than 50 reviews. Note the maximum temperature mentioned in the Directions.,scroll down to the Directions section to view the maximum baking temperature for the 'Apple Pie by Grandma Ople' recipe.,"You've reached the 'Apple Pie by Grandma Ople' recipe page. However, the Directions section containing the maximum temperature is not visible in this screenshot. You will need to scroll further down to find this information."
Locate a recipe for an American apple pie on Allrecipes with a rating of at least 4 stars and more than 50 reviews. Note the maximum temperature mentioned in the Directions.,"scroll further down to reveal the Directions section, which is located below the 'Apple Pie Ingredients' section, to find the maximum baking temperature.",The maximum baking temperature mentioned in the Directions for the 'Apple Pie by Grandma Ople' recipe is 425 degrees Fahrenheit.
Locate a recipe for an American apple pie on Allrecipes with a rating of at least 4 stars and more than 50 reviews. Note the maximum temperature mentioned in the Directions.,Summarizing last observations,"The most recent observations reveal that the maximum baking temperature for the 'Apple Pie by Grandma Ople' recipe on Allrecipes is 425 degrees Fahrenheit. This information is supported by the Directions section accessed on the webpage. For a complete understanding of the task and all actions taken, refer to the full task history."