task,user_action,observation
Find a five-star rated chocolate chip cookie recipe that takes less than 1 hour to make on Allrecipes. Note how many reviews the recipe has and the main ingredients required.,Going to https://www.allrecipes.com/,Went to https://www.allrecipes.com/
Find a five-star rated chocolate chip cookie recipe that takes less than 1 hour to make on Allrecipes. Note how many reviews the recipe has and the main ingredients required.,type 'five-star chocolate chip cookie recipe less than 1 hour' into the search bar with placeholder 'Find a recipe or ingredient' and press enter to find the desired recipe quickly.,The search did not return relevant results for a five-star chocolate chip cookie recipe under one hour. The page only shows an unrelated cinnamon dessert article. You may need to adjust your search terms or browse through categories like 'Cookies' directly on the website.
Find a five-star rated chocolate chip cookie recipe that takes less than 1 hour to make on Allrecipes. Note how many reviews the recipe has and the main ingredients required.,"type 'chocolate chip cookies' into the search bar with placeholder 'Find a recipe or ingredient' and press enter to get more generalized results for chocolate chip cookie recipes, which can then be filtered by rating and preparation time.","The search results show several chocolate chip cookie recipes with ratings visible. The 'Best Chocolate Chip Cookies' recipe has 19,187 ratings, suggesting popularity and likely a high rating. To ensure it meets the under-one-hour requirement, you may need to check the details of each recipe individually for preparation time. Click on a promising recipe to review the full information, including main ingredients and preparation time."
Find a five-star rated chocolate chip cookie recipe that takes less than 1 hour to make on Allrecipes. Note how many reviews the recipe has and the main ingredients required.,"click on the 'Best Chocolate Chip Cookies' recipe with 19,187 Ratings to check if it meets the less-than-1-hour requirement and to view the main ingredients.","The 'Best Chocolate Chip Cookies' recipe has a total of 19,187 ratings and an average rating of 4.6 stars. The total time required to make this recipe is 30 minutes, which meets the less-than-1-hour requirement. The main ingredients include chocolate chips, but the full list is not visible in the screenshot. You can click 'Jump to Recipe' for detailed ingredient information."
Find a five-star rated chocolate chip cookie recipe that takes less than 1 hour to make on Allrecipes. Note how many reviews the recipe has and the main ingredients required.,click on the 'JUMP TO RECIPE' button to view the full list of main ingredients for the 'Best Chocolate Chip Cookies' recipe.,"The 'Best Chocolate Chip Cookies' recipe lists the following main ingredients: 1 cup butter, 1 cup white sugar, 1 cup packed brown sugar, 2 large eggs, 2 teaspoons vanilla extract, 1 teaspoon baking soda, 2 teaspoons hot water, 1/2 teaspoon salt, 3 cups all-purpose flour, 2 cups semisweet chocolate chips, and 1 cup chopped walnuts. The recipe has 19,187 ratings and a 4.6-star average, meeting the less-than-1-hour requirement."
Find a five-star rated chocolate chip cookie recipe that takes less than 1 hour to make on Allrecipes. Note how many reviews the recipe has and the main ingredients required.,Summarizing last observations,"This summary reflects the most recent observations only. The 'Best Chocolate Chip Cookies' recipe was found with 19,187 ratings and a 4.6-star average on Allrecipes. It requires 30 minutes in total to prepare, meeting the less-than-1-hour requirement. The main ingredients listed are butter, white sugar, brown sugar, eggs, vanilla extract, baking soda, hot water, salt, all-purpose flour, semisweet chocolate chips, and chopped walnuts. For full task context, please refer to the complete history of actions and observations."