task,user_action,observation
Locate a recipe for vegan chocolate chip cookies with over 60 reviews and a rating of at least 4.5 stars on Allrecipes.,Going to https://www.allrecipes.com/,Went to https://www.allrecipes.com/
Locate a recipe for vegan chocolate chip cookies with over 60 reviews and a rating of at least 4.5 stars on Allrecipes.,type 'vegan chocolate chip cookies' into the search bar with placeholder text 'Find a recipe or ingredient' and click the search icon to locate relevant recipes.,None of the search results meet the criteria of having over 60 reviews and a rating of at least 4.5 stars. The recipe with the highest ratings shown has 24 ratings with a 5-star rating. You may need to scroll further or adjust search criteria.
Locate a recipe for vegan chocolate chip cookies with over 60 reviews and a rating of at least 4.5 stars on Allrecipes.,scroll down to see more recipes that might meet the criteria of over 60 reviews and a rating of at least 4.5 stars.,"The current screenshot shows several vegan chocolate chip cookie recipes, but none meet the criteria of having over 60 reviews and a rating of at least 4.5 stars. The visible ratings range from 1 to 10, which are below the required review count. Continue scrolling further, or refine the search criteria to try and locate recipes that meet the specified conditions."
Locate a recipe for vegan chocolate chip cookies with over 60 reviews and a rating of at least 4.5 stars on Allrecipes.,"scroll down to see more recipes that might meet the criteria of over 60 reviews and a rating of at least 4.5 stars, as the current options do not meet the required conditions.","In the current screenshot, there is a recipe titled 'Vegan Chocolate Chip, Oatmeal, and Nut Cookies' with 69 ratings and a 5-star rating. This recipe meets the criteria of having over 60 reviews and at least a 4.5-star rating, although it includes oatmeal and nuts."
Locate a recipe for vegan chocolate chip cookies with over 60 reviews and a rating of at least 4.5 stars on Allrecipes.,Summarizing last observations,"The most recent observations show that a recipe titled ""Vegan Chocolate Chip, Oatmeal, and Nut Cookies"" is displayed with 69 ratings and a 5-star rating. This recipe meets the criteria of having over 60 reviews and a rating of at least 4.5 stars, although it includes oatmeal and nuts, which may not be strictly what you were searching for.

For full context and details, refer to the complete task history."