task,user_action,observation
Search for a Greek salad recipe on Allrecipes that has a prep time of under 25 minutes and more than 15 reviews. Include the primary cheese used and the type of dressing recommended.,Going to https://www.allrecipes.com/,Went to https://www.allrecipes.com/
Search for a Greek salad recipe on Allrecipes that has a prep time of under 25 minutes and more than 15 reviews. Include the primary cheese used and the type of dressing recommended.,"type ""Greek salad"" into the search bar with the placeholder text ""Find a recipe or ingredient"" and press Enter to search for Greek salad recipes.","The search results for ""Greek salad"" have been successfully displayed. Multiple recipes are visible, including ""Greek Salad"" with 268 ratings, and ""My Big Fat Greek Salad"" with 122 ratings, among others. The next step would be to check the prep time for each recipe and details like the primary cheese used and the dressing recommended. ""My Big Fat Greek Salad"" fits the criteria with over 15 reviews. Moving forward, click on the ""My Big Fat Greek Salad"" to get more detailed information including prep time, cheese, and dressing details."
Search for a Greek salad recipe on Allrecipes that has a prep time of under 25 minutes and more than 15 reviews. Include the primary cheese used and the type of dressing recommended.,"click on ""My Big Fat Greek Salad"" with 122 Ratings to view detailed recipe information including prep time, primary cheese, and dressing type.","You successfully accessed the recipe for ""My Big Fat Greek Salad"" on Allrecipes. The prep time is 20 minutes, which meets the requirement. The recipe has 122 ratings, satisfying the review criteria. 

- **Primary Cheese Used**: Feta cheese is featured in the image.
- **Dressing Type**: The description suggests using vinegar before adding olive oil, indicating a vinaigrette dressing.

Overall, this recipe meets all the criteria you're looking for."
Search for a Greek salad recipe on Allrecipes that has a prep time of under 25 minutes and more than 15 reviews. Include the primary cheese used and the type of dressing recommended.,Summarizing last observations,"This summary reflects the most recent observations:

The recipe ""My Big Fat Greek Salad"" on Allrecipes has been reviewed. It fits the criteria of having a prep time under 25 minutes, measuring at 20 minutes, and has more than 15 reviews with 122 ratings. 

- **Primary Cheese Used**: The recipe uses feta cheese.
- **Dressing Type**: A vinaigrette dressing is recommended, which involves using red wine vinegar first before adding olive oil.

This information is derived from the exploration and screenshots provided. For full task history, additional context and actions, please refer to the complete task history."