task,user_action,observation
Search for a popular Pasta Sauce with more than 1000 reviews and a rating above 4 stars. Create a shopping list of ingredients for this recipe.,Going to https://www.allrecipes.com/,Went to https://www.allrecipes.com/
Search for a popular Pasta Sauce with more than 1000 reviews and a rating above 4 stars. Create a shopping list of ingredients for this recipe.,type 'Pasta Sauce' in the search bar with placeholder 'Find a recipe or ingredient' and press Enter to find a suitable recipe.,"The search returned several pasta sauce recipes. The ""World's Best Pasta Sauce!"" has over 1,076 ratings with a high rating, meeting the criteria of more than 1,000 reviews and a rating above 4 stars. This recipe is suitable for creating a shopping list of ingredients."
Search for a popular Pasta Sauce with more than 1000 reviews and a rating above 4 stars. Create a shopping list of ingredients for this recipe.,click on 'World's Best Pasta Sauce!' to view the recipe details and create a shopping list of ingredients.,"The user has successfully navigated to the 'World's Best Pasta Sauce!' recipe page. The recipe meets the criteria with a rating of 4.8 out of 5 from 1,076 reviews. The user can see details such as prep time, cook time, and servings. The listed ingredients for creating the shopping list are:

- 1 pound sweet Italian sausage, sliced
- 3/4 pound lean ground beef
- 1/2 cup minced onion
- 2 cloves garlic, crushed

(option to see more ingredients by scrolling down). Progress is on track, but more ingredients may need to be added for a complete list."