task,user_action,observation
Browse the about us section of Allrecipes for a brief introduction to The Allrecipes Allstars.,Going to https://www.allrecipes.com/,Went to https://www.allrecipes.com/
Browse the about us section of Allrecipes for a brief introduction to The Allrecipes Allstars.,"scroll down to find the ""About Us"" section or link to locate information about The Allrecipes Allstars, since it is not visible in the current screenshot.","The current screenshot shows a portion of the Allrecipes homepage featuring various recipes under the 'Festive Finger Foods' section. The 'About Us' section or link is not visible in this view. To find information about 'The Allrecipes Allstars,' you may need to scroll further down or look for a link in the footer of the page typically containing company information sections."
Browse the about us section of Allrecipes for a brief introduction to The Allrecipes Allstars.,"scroll down to search for the ""About Us"" link, typically found in the footer or lower section of the webpage, to find information about The Allrecipes Allstars.","The screenshot shows more of the homepage, highlighting sections about community engagement like 'Home of the Home Cook' and 'Our People.' However, there is still no mention or link to the 'About Us' section or information about 'The Allrecipes Allstars.' You may need to scroll further or check the footer area of the website for links related to company information."
Browse the about us section of Allrecipes for a brief introduction to The Allrecipes Allstars.,scroll down to the bottom of the page to locate the 'About Us' link typically found in the footer for information on The Allrecipes Allstars.,"The screenshot shows a section discussing 'Our People,' which highlights the team involved in testing and showcasing recipes. However, there is no direct link or information about the 'About Us' section or 'The Allrecipes Allstars.' You may need to continue scrolling to the footer area to find the 'About Us' link for detailed information on 'The Allrecipes Allstars.'"
Browse the about us section of Allrecipes for a brief introduction to The Allrecipes Allstars.,"scroll down further to locate the 'About Us' link at the footer of the page, which likely contains information about The Allrecipes Allstars.","The screenshot displays more content related to recipes, primarily focusing on holiday cookies and desserts. The 'About Us' link is not visible in this section of the page. It's recommended to continue scrolling towards the footer, where the 'About Us' link is typically found."
Browse the about us section of Allrecipes for a brief introduction to The Allrecipes Allstars.,"scroll down to the footer of the page to locate the 'About Us' link, as it is usually positioned at the very bottom section for company-related information like The Allrecipes Allstars.","The screenshot still prominently displays holiday-themed dessert sections and no 'About Us' link or related information is visible. Continue scrolling further down to reach the footer of the page, where the 'About Us' link is typically located for company and community details like The Allrecipes Allstars. Ensure to check for any section headings or links that might redirect to more information about the site's contributors or community programs."
Browse the about us section of Allrecipes for a brief introduction to The Allrecipes Allstars.,"scroll down further to reach the footer where the 'About Us' link is commonly located, as the current view still does not show the footer section with company links.","The current screenshot still shows the main page content, focusing on holiday recipes and popular dishes. The footer section with company information links, including 'About Us,' is not visible yet. Continue scrolling further down to access the footer where such links are typically found."
Browse the about us section of Allrecipes for a brief introduction to The Allrecipes Allstars.,scroll down further to reach the footer area where the 'About Us' link is typically located.,"The screenshot shows a section featuring a 'Featured Allstar: Nosheen Babar,' which may be related to 'The Allrecipes Allstars,' though this appears to be specific to an individual. There is also no visible 'About Us' link in the current view. To find a broader introduction to 'The Allrecipes Allstars,' you might need to continue scrolling to reach the footer where the 'About Us' link is typically located."
Browse the about us section of Allrecipes for a brief introduction to The Allrecipes Allstars.,"scroll down further to reach the footer, where the 'About Us' link is typically found to access information about 'The Allrecipes Allstars.'","The current screenshot still shows content centered around recipes, specifically holiday-themed dishes like cheese fondue, mulled wine, eggnog, and caramel corn. The footer section with the 'About Us' link is not visible yet. You'll need to scroll further down past these sections to reach the footer, where company-related links such as 'About Us' are typically located, potentially containing the information about 'The Allrecipes Allstars.'"
Browse the about us section of Allrecipes for a brief introduction to The Allrecipes Allstars.,scroll down to the bottom of the page to locate the 'About Us' link in the footer that typically contains details on The Allrecipes Allstars.,"The screenshot now shows the footer of the Allrecipes website. The 'About Us' link is visible in the footer section along with other company and policy links. You can click on 'About Us' to find more detailed information about 'The Allrecipes Allstars,' which will likely be part of their community and contributors section."
Browse the about us section of Allrecipes for a brief introduction to The Allrecipes Allstars.,click on the 'About Us' link in the footer section to access information about The Allrecipes Allstars.,"The 'About Us' section provides an overview of Allrecipes, emphasizing their community-driven approach where home cooks are central. The section highlights the history of Allrecipes, its growth, and the role of the community. While this page does give a comprehensive introduction to Allrecipes, the specific mention or introduction of 'The Allrecipes Allstars' needs to be further explored, likely in a subsection linked from this page or in a particular article as listed in the side navigation menu."
Browse the about us section of Allrecipes for a brief introduction to The Allrecipes Allstars.,click on the 'Allstars' link in the left navigation menu to find the introduction to The Allrecipes Allstars.,"The screenshot shows an introduction to 'The Allrecipes Allstars.' It describes them as a diverse group of social media influencers, dietitians, grillmasters, and seasoned home cooks. They are brand ambassadors who contribute by sharing recipes, photos, and cooking expertise. Since 2011, they have been creating content and engaging with the community through various platforms. There is also a mention of a link inviting people to apply to join the Allstars team, indicating that Allrecipes is recruiting new members."
Browse the about us section of Allrecipes for a brief introduction to The Allrecipes Allstars.,Summarizing last observations,"This summary reflects the most recent observations only:

The About Us section of Allrecipes introduces 'The Allrecipes Allstars' as a group comprising over 100 social media influencers, registered dietitians, grillmasters, and seasoned home cooks. These brand ambassadors are spread across the U.S. and reflect diverse cultures and family makeups. Since 2011, they have created numerous recipes, photos, and reviews, sharing cooking expertise on various platforms including the website and social media. There is a mention of the opportunity to apply to join the Allrecipes Allstar team.

For a complete understanding, the full task history should be referred to as only the most recent observations are covered here."