task,user_action,observation
Find a French ratatouille recipe on Allrecipes with a 4-star rating or higher and at least 15 reviews. Note the variety of vegetables included and the overall cooking time.,Going to https://www.allrecipes.com/,Went to https://www.allrecipes.com/
Find a French ratatouille recipe on Allrecipes with a 4-star rating or higher and at least 15 reviews. Note the variety of vegetables included and the overall cooking time.,type 'ratatouille' in the search bar with the placeholder 'Find a recipe or ingredient' and submit the query to find relevant recipes.,"You successfully found search results for 'ratatouille' on Allrecipes. Several recipes have a 4-star rating or higher and meet the criteria of having at least 15 reviews. Options include:

1. **Ratatouille** - 4.5 stars, 1,120 ratings
2. **Summer Vegetable Ratatouille** - 4 stars, 164 ratings
3. **Disney's Ratatouille** - 4.5 stars, 476 ratings
4. **Ratatouille Bake** - 4.5 stars, 530 ratings

Each recipe shows the main vegetable type used, like eggplant, zucchini, or a combination, but you'll need to click into a recipe to get detailed information such as the variety of vegetables and the overall cooking time."
Find a French ratatouille recipe on Allrecipes with a 4-star rating or higher and at least 15 reviews. Note the variety of vegetables included and the overall cooking time.,"click on the 'Ratatouille' recipe with 4.5 stars and 1,120 ratings to view detailed information about vegetables used and overall cooking time.","You successfully accessed the detailed page for a 'Ratatouille' recipe on Allrecipes. The recipe has a 4.6-star rating with 1,120 reviews.

- **Variety of Vegetables**: While the exact vegetables are not listed in the visible section, the description mentions it includes fresh tomatoes and lots of summer vegetables.
- **Overall Cooking Time**: The prep time is 15 minutes, the cook time is 45 minutes, making the total time 1 hour.

For specific details on the variety of vegetables used, you would need to scroll down or click into the recipe instructions."
Find a French ratatouille recipe on Allrecipes with a 4-star rating or higher and at least 15 reviews. Note the variety of vegetables included and the overall cooking time.,click on the 'Jump to Recipe' button to view the detailed list of vegetables used.,"You successfully accessed the detailed ingredients list for the 'Ratatouille' recipe on Allrecipes. The recipe includes the following vegetables:

- 1 eggplant
- 2 zucchinis
- 2 large tomatoes
- 2 cups sliced fresh mushrooms
- 1 large onion
- 1 green or red bell pepper

The overall cooking time noted previously remains the same: 1 hour total with 15 minutes prep and 45 minutes cooking time. You now have all the required details for the task."
Find a French ratatouille recipe on Allrecipes with a 4-star rating or higher and at least 15 reviews. Note the variety of vegetables included and the overall cooking time.,Summarizing last observations,"The most recent observations reveal that the French ratatouille recipe from Allrecipes, with a 4.6-star rating and 1,120 reviews, includes a variety of vegetables: eggplant, zucchini, tomatoes, mushrooms, onion, and bell pepper. The total cooking time is 1 hour, which includes 15 minutes of prep and 45 minutes of cooking. For full context and additional details, please refer to the complete task history."