task,user_action,observation
Find the Easy Vegetarian Spinach Lasagna recipe on Allrecipes and tell me what the latest review says.,Going to https://www.allrecipes.com/,Went to https://www.allrecipes.com/
Find the Easy Vegetarian Spinach Lasagna recipe on Allrecipes and tell me what the latest review says.,type 'Easy Vegetarian Spinach Lasagna' into the search bar with the placeholder 'Find a recipe or ingredient' and press enter to search for the recipe.,"The search results page on Allrecipes shows the ""Easy Vegetarian Spinach Lasagna"" recipe listed first. To proceed, you need to click on this recipe to view its details and find the latest review."
Find the Easy Vegetarian Spinach Lasagna recipe on Allrecipes and tell me what the latest review says.,click on the 'Easy Vegetarian Spinach Lasagna' recipe with the image of lasagna and 111 ratings to view its details and reviews.,"You have successfully accessed the ""Easy Vegetarian Spinach Lasagna"" recipe page. To find the latest review, scroll down to the reviews section on this page. The screenshot provided does not include any reviews, so you'll need to continue navigating to find the desired information."
Find the Easy Vegetarian Spinach Lasagna recipe on Allrecipes and tell me what the latest review says.,scroll down to the 'Reviews' section of the Easy Vegetarian Spinach Lasagna recipe page to find the latest review.,"The page is displaying the ingredients and some directions for the ""Easy Vegetarian Spinach Lasagna"" recipe, but it doesn't reach the reviews section yet. You'll need to scroll further down to find the reviews and locate the latest one."
Find the Easy Vegetarian Spinach Lasagna recipe on Allrecipes and tell me what the latest review says.,scroll further down until you reach the 'Reviews' section to find and read the latest review.,"The screenshot shows the directions section of the ""Easy Vegetarian Spinach Lasagna"" recipe. You need to scroll down further to access the 'Reviews' section and locate the latest review. The current view does not show any reviews yet."
Find the Easy Vegetarian Spinach Lasagna recipe on Allrecipes and tell me what the latest review says.,"scroll further down past the 'Directions' section to reach the 'Reviews' section, where the latest review is shown.","You have reached the 'Reviews' section, where it shows there are 91 reviews for the ""Easy Vegetarian Spinach Lasagna."" However, the latest review is not visible in the current screenshot. You may need to scroll slightly more to see the most recent review displayed below the 'Reviews' heading."
Find the Easy Vegetarian Spinach Lasagna recipe on Allrecipes and tell me what the latest review says.,scroll further down past the 'Reviews (91)' heading to see the latest review displayed below it.,"The screenshot shows the review section for the ""Easy Vegetarian Spinach Lasagna"" recipe on Allrecipes. However, the visible review is not the latest one, as it is dated 12/10/2012. To find the most recent review, you'll need to scroll further down past the 'Most helpful positive review' and 'User Reviews' sections."
Find the Easy Vegetarian Spinach Lasagna recipe on Allrecipes and tell me what the latest review says.,scroll further down past the 'Most helpful positive review' to find the latest review in the 'Reviews' section.,"The latest review for the ""Easy Vegetarian Spinach Lasagna"" recipe is by a user named JRB, dated 03/14/2024. The review says: ""It's great, you can add a lot more such as bell peppers, I use TVP. Texture vegetable protein. It's very cheap and healthy, I wonder if you can buy protein lasagna noodles? Probably by now. You do you.xoxo."""
Find the Easy Vegetarian Spinach Lasagna recipe on Allrecipes and tell me what the latest review says.,Summarizing last observations,"The most recent review for the ""Easy Vegetarian Spinach Lasagna"" recipe on Allrecipes is by a user named JRB, dated 03/14/2024. The review states: ""It's great, you can add a lot more such as bell peppers, I use TVP. Texture vegetable protein. It's very cheap and healthy, I wonder if you can buy protein lasagna noodles? Probably by now. You do you.xoxo."" This summary reflects only the latest observations. Please refer to the full task history for complete context."