task,user_action,observation
Search for a popular Pasta Sauce with more than 1000 reviews and a rating above 4 stars. Create a shopping list of ingredients for this recipe.,Going to https://www.allrecipes.com/,Went to https://www.allrecipes.com/
Search for a popular Pasta Sauce with more than 1000 reviews and a rating above 4 stars. Create a shopping list of ingredients for this recipe.,"type ""pasta sauce"" into the search bar with the placeholder ""Find a recipe or ingredient"", then press enter to find popular pasta sauce recipes.","The search results show a list of pasta sauce recipes. The ""World's Best Pasta Sauce!"" meets the criteria with over 1,000 reviews and a 5-star rating. You can click on this recipe to view the ingredients list for your shopping list."
Search for a popular Pasta Sauce with more than 1000 reviews and a rating above 4 stars. Create a shopping list of ingredients for this recipe.,"click on the ""World's Best Pasta Sauce!"" recipe to view its ingredients and create a shopping list.","You have successfully accessed the ""World's Best Pasta Sauce!"" recipe page. The recipe meets your criteria, with 1,076 reviews and a 4.8-star rating. 

Here's the start of the shopping list for its ingredients:

1. 1 pound sweet Italian sausage, sliced
2. ¾ pound lean ground beef
3. ½ cup minced onion
4. 2 cloves garlic, crushed

You can continue to scroll down to view the complete list of ingredients."
Search for a popular Pasta Sauce with more than 1000 reviews and a rating above 4 stars. Create a shopping list of ingredients for this recipe.,scroll down to view the complete list of ingredients under the 'Ingredients' section.,"The complete list of ingredients for the ""World's Best Pasta Sauce!"" recipe is now visible:

1. 1 pound sweet Italian sausage, sliced
2. ¾ pound lean ground beef
3. ½ cup minced onion
4. 2 cloves garlic, crushed
5. 1 (28 ounce) can crushed tomatoes
6. 2 (6.5 ounce) cans tomato sauce
7. 2 (6 ounce) cans tomato paste
8. ½ cup water
9. 2 tablespoons white sugar
10. 1 ½ teaspoons dried basil
11. 1 teaspoon Italian seasoning
12. ½ teaspoon fennel seed
13. ½ teaspoon salt
14. ¼ teaspoon ground black pepper

You can now create a shopping list with these ingredients."
Search for a popular Pasta Sauce with more than 1000 reviews and a rating above 4 stars. Create a shopping list of ingredients for this recipe.,Summarizing last observations,"The most recent observations confirm that the user successfully accessed the full list of ingredients for the ""World's Best Pasta Sauce!"" recipe on AllRecipes. The ingredients visible include sweet Italian sausage, lean ground beef, minced onion, crushed garlic, crushed tomatoes, tomato sauce, tomato paste, water, and various seasonings such as white sugar, dried basil, Italian seasoning, fennel seed, salt, and black pepper. 

For full task context and previous steps, please refer to the complete task history."