task,user_action,observation
Locate a recipe for an eggplant Parmesan on Allrecipes with a rating of at least 4.5 stars and over 50 reviews. Include the preparation time and the number of servings provided by the recipe.,Going to https://www.allrecipes.com/,Went to https://www.allrecipes.com/
Locate a recipe for an eggplant Parmesan on Allrecipes with a rating of at least 4.5 stars and over 50 reviews. Include the preparation time and the number of servings provided by the recipe.,type 'eggplant Parmesan' into the search bar with the placeholder 'Find a recipe or ingredient' and press enter to locate relevant recipes.,"You successfully conducted a search for 'eggplant Parmesan' recipes on Allrecipes. Several options with high ratings and sufficient reviews are available. For example, the ""Eggplant Parmesan"" recipe has 3,691 ratings with a high star rating, which meets the criteria of over 50 reviews and a 4.5-star minimum. Other recipes like ""Crunchy Eggplant Parmesan"" and ""Baked Eggplant Parmesan"" also have suitable ratings and review counts. 

Next steps: Click on one of these recipes to view the preparation time and number of servings."
Locate a recipe for an eggplant Parmesan on Allrecipes with a rating of at least 4.5 stars and over 50 reviews. Include the preparation time and the number of servings provided by the recipe.,"click on the 'Eggplant Parmesan' recipe with 3,691 Ratings to view details on preparation time and number of servings.","You have located an 'Eggplant Parmesan' recipe on Allrecipes, which has a 4.6-star rating and 2,692 reviews, meeting the criteria for your task. The preparation time is 25 minutes, and the recipe serves 10 people. This satisfies your requirement for a highly-rated recipe with over 50 reviews."
Locate a recipe for an eggplant Parmesan on Allrecipes with a rating of at least 4.5 stars and over 50 reviews. Include the preparation time and the number of servings provided by the recipe.,Summarizing last observations,"This summary reflects the most recent observations only. You have found an 'Eggplant Parmesan' recipe on Allrecipes with a 4.6-star rating and 2,692 reviews, meeting the criteria of over 50 reviews and at least 4.5 stars. The preparation time is 25 minutes, and the recipe serves 10 people. More details about the recipe are available in the screenshots provided, including ingredients and tips for preparation. For the full context and details, please refer to the complete task history."