task,user_action,observation
Find a recipe for a healthy avocado salad on Allrecipes that has a preparation time of less than 20 minutes and more than 30 user reviews. Include the nutritional information per serving.,Going to https://www.allrecipes.com/,Went to https://www.allrecipes.com/
Find a recipe for a healthy avocado salad on Allrecipes that has a preparation time of less than 20 minutes and more than 30 user reviews. Include the nutritional information per serving.,type 'avocado salad' into the search bar with the placeholder 'Find a recipe or ingredient' and press Enter to start searching for recipes.,"You have successfully searched for 'avocado salad' on Allrecipes. The search results show several options with more than 30 reviews, such as 'Avocado Salad' with 339 ratings and 'Cucumber and Avocado Salad' with 293 ratings. Available preparation times are not visible in the current view. To find a suitable recipe, you'll need to click on one of the options to check if the preparation time is less than 20 minutes and view the nutritional information per serving."
Find a recipe for a healthy avocado salad on Allrecipes that has a preparation time of less than 20 minutes and more than 30 user reviews. Include the nutritional information per serving.,"click on the 'Avocado Salad' recipe with 339 ratings to check if it meets the preparation time criteria and view the nutritional information per serving, as it is the most popular option.","The 'Avocado Salad' recipe has a preparation time of 15 minutes and total time of 15 minutes, which satisfies the criteria of being less than 20 minutes. It also has 339 ratings, exceeding the requirement of over 30 reviews. There is a link for nutritional facts labeled 'Jump to Nutrition Facts' which can be clicked to view detailed nutritional information per serving."
Find a recipe for a healthy avocado salad on Allrecipes that has a preparation time of less than 20 minutes and more than 30 user reviews. Include the nutritional information per serving.,click the 'Jump to Nutrition Facts' link to view the detailed nutritional information per serving for the avocado salad recipe.,"You have successfully accessed the nutritional information for the 'Avocado Salad' recipe. Per serving, it contains 126 calories, 10g of fat, 10g of carbohydrates, and 2g of protein. This completes the task as you have found a recipe that meets all the criteria: preparation time is under 20 minutes, it has over 30 reviews, and you have the nutritional information per serving."
Find a recipe for a healthy avocado salad on Allrecipes that has a preparation time of less than 20 minutes and more than 30 user reviews. Include the nutritional information per serving.,Summarizing last observations,"The most recent observations show that a recipe for 'Avocado Salad' satisfies all the task criteria: it has a preparation time of 15 minutes, which is under the required 20 minutes, and has 339 ratings, fulfilling the requirement for more than 30 user reviews. The nutritional information per serving includes 126 calories, 10g of fat, 10g of carbohydrates, and 2g of protein. The screenshots confirm these details. For a comprehensive understanding, it is advised to refer to the complete task history for full context."