task,user_action,observation
Find a recipe for a vegetarian lasagna under 600 calories per serving that has a prep time of less than 1 hour.,Going to https://www.allrecipes.com/,Went to https://www.allrecipes.com/
Find a recipe for a vegetarian lasagna under 600 calories per serving that has a prep time of less than 1 hour.,"type ""vegetarian lasagna under 600 calories prep time less than 1 hour"" in the search bar with placeholder text 'Find a recipe or ingredient' to search for relevant recipes.","The search on Allrecipes did not return any results for the query 'vegetarian lasagna under 600 calories prep time less than 1 hour'. The search criteria might be too specific or not sufficiently accommodated by the site's search functionality. Consider breaking down the search into smaller components like 'vegetarian lasagna' and manually check the nutritional information and prep time from the results, or try using different keywords."
Find a recipe for a vegetarian lasagna under 600 calories per serving that has a prep time of less than 1 hour.,"type ""vegetarian lasagna"" in the search bar with placeholder text 'Find a recipe or ingredient' to broaden the search and manually review recipes for calorie count and prep time.","The search results show several vegetarian lasagna recipes: 'Spicy Vegetarian Lasagna', 'Easy Vegetarian Spinach Lasagna', 'World's Best (Now Vegetarian!) Lasagna', 'Easy Vegetarian Red Beans Lasagna', 'Vegetarian Four Cheese Lasagna', and 'Vegetarian Mexican Lasagna'. None of these indicate prep time or calorie information on this page. You will need to click each recipe to check for their prep time and calorie content to find one that fits your criteria of under 600 calories per serving and prep time of less than 1 hour."
Find a recipe for a vegetarian lasagna under 600 calories per serving that has a prep time of less than 1 hour.,click on 'Spicy Vegetarian Lasagna' to view its details and check the calorie count and prep time to see if it fits the criteria of under 600 calories and less than 1 hour of prep time.,"The 'Spicy Vegetarian Lasagna' recipe meets the prep time criteria with a prep time of 30 minutes, which is under an hour. However, the screenshot does not show the calorie information. You may need to scroll down or click on 'Jump to Nutrition Facts' to view the calorie count per serving and ensure it is under 600 calories."
Find a recipe for a vegetarian lasagna under 600 calories per serving that has a prep time of less than 1 hour.,click on 'Jump to Nutrition Facts' to view the calorie count per serving and verify if it is under 600 calories.,"The 'Spicy Vegetarian Lasagna' recipe meets both criteria as it has only 312 calories per serving and the prep time is 30 minutes, which is less than an hour. This recipe fits your requirements for a vegetarian lasagna under 600 calories per serving with a prep time of less than 1 hour."
Find a recipe for a vegetarian lasagna under 600 calories per serving that has a prep time of less than 1 hour.,Summarizing last observations,"The most recent observations indicate that the 'Spicy Vegetarian Lasagna' recipe meets your criteria, with a prep time of 30 minutes and a calorie count of 312 per serving. The screenshots confirm the nutrition facts and provide additional context, such as community reviews and ratings, which are largely positive. For full details, including preparation instructions and ingredient lists, please refer to the complete task history."