task,user_action,observation
List 3 recommended dinner recipes in the Allrecipes Dinners section.,Going to https://www.allrecipes.com/,Went to https://www.allrecipes.com/
List 3 recommended dinner recipes in the Allrecipes Dinners section.,"click ""Festive Finger Foods >"" link with arrow to navigate to potential dinner suggestions section.",You are currently on a page featuring Christmas Appetizers and Festive Finger Foods. This section is focused on appetizers rather than full dinner recipes. You may need to navigate to the main Allrecipes Dinners section to find full dinner recipes. Look for a main menu or search option to directly access 'Dinners' for more suitable options.
List 3 recommended dinner recipes in the Allrecipes Dinners section.,click the menu icon at the top left corner of the page with the label 'Menu' to access the main navigation options and locate the 'Dinners' section.,"You have successfully accessed the main menu, which includes navigation options such as Dinners, Meals, and other categories. To proceed, click on the 'Dinners' section in the menu to view the recommended dinner recipes."
List 3 recommended dinner recipes in the Allrecipes Dinners section.,click on 'DINNERS' in the menu to view dinner recipes.,"The page displays various categories under the 'Dinners' section such as '5-Ingredient Dinners', 'One-Pot Meals', 'Quick & Easy', '30-Minute Meals', and more. To find recommended dinner recipes, you need to select one of these categories or choose 'VIEW ALL' to browse through all the options. Once selected, you can view and list 3 recommended dinner recipes."
List 3 recommended dinner recipes in the Allrecipes Dinners section.,"click ""VIEW ALL"" under the Dinners section to access a full list of dinner recipes and find recommended options.","The page displays a selection of dinner recipes with a variety of categories such as 'Quick and Easy Dinners for One', 'Cooking for Two', and 'Sheet Pan Dinners'. The section titled 'What's For Dinner?' likely features recommended dinner recipes. However, specific recipes are not visible in the screenshot. To list 3 recommended dinner recipes, you may need to scroll down further or click into the specific categories displayed on the screen."
List 3 recommended dinner recipes in the Allrecipes Dinners section.,scroll down to view the recommended recipes under 'What's For Dinner?' and find 3 dinner options.,"The screenshot provides several recommended dinner recipes from the 'What's For Dinner?' section:

1. **Chef John's 20 Greatest Grilled Chicken Recipes** - A selection focusing on grilled chicken options.
2. **32 Recipes You'll Want to Make All Summer Long** - A variety of recipes suitable for summer.
3. **25 Easy Friday Night Dinner Ideas** - Quick and easy dinner ideas perfect for Friday nights.

These options should help fulfill the task of listing recommended dinner recipes."
List 3 recommended dinner recipes in the Allrecipes Dinners section.,Summarizing last observations,"The most recent observations reveal several recommended dinner recipes in the 'What's For Dinner?' section of the Allrecipes Dinners page:

1. **Chef John's 20 Greatest Grilled Chicken Recipes** - A collection of grilled chicken recipes.
2. **32 Recipes You'll Want to Make All Summer Long** - Diverse recipes ideal for the summer season.
3. **25 Easy Friday Night Dinner Ideas** - Quick and easy recipes for Friday evening meals.

For additional details or options, refer to the complete task history."