task,user_action,observation
"Find a recipe for a vegan smoothie bowl on Allrecipes that includes bananas and leaves, has more than 20 reviews, and a rating of at least 4 stars. Provide a list of ingredients, preparation time, and a summary of the recipe steps.",Going to https://www.allrecipes.com/,Went to https://www.allrecipes.com/
"Find a recipe for a vegan smoothie bowl on Allrecipes that includes bananas and leaves, has more than 20 reviews, and a rating of at least 4 stars. Provide a list of ingredients, preparation time, and a summary of the recipe steps.",type 'vegan smoothie bowl banana leaves' in the search bar with placeholder 'Find a recipe or ingredient' and press Enter to find suitable recipes.,"The search did not return specific recipes for a vegan smoothie bowl with bananas and leaves. Instead, it showed unrelated categories and guides. Suggestions include refining the search terms to be more specific to vegan smoothie bowls, possibly using separate searches for 'vegan smoothie bowl banana' and separately checking for recipes that include leafy greens."
"Find a recipe for a vegan smoothie bowl on Allrecipes that includes bananas and leaves, has more than 20 reviews, and a rating of at least 4 stars. Provide a list of ingredients, preparation time, and a summary of the recipe steps.",type 'vegan smoothie bowl banana' in the search bar with placeholder 'Find a recipe or ingredient' and press Enter to refine the search and focus on smoothie bowls that include banana.,"The refined search for 'vegan smoothie bowl banana' has returned a general list of categories and articles rather than specific recipes. None of the results directly match the criteria of including bananas and leaves, and therefore, no individual recipes with reviews and ratings are visible. Further refinement of the search, possibly by filtering through these categories or trying different keyword combinations, may be needed to find a specific recipe matching the criteria."
"Find a recipe for a vegan smoothie bowl on Allrecipes that includes bananas and leaves, has more than 20 reviews, and a rating of at least 4 stars. Provide a list of ingredients, preparation time, and a summary of the recipe steps.","click on the category '20 Breakfast Smoothie Recipes to Start Your Day the Healthy Way' to explore potential smoothie bowl recipes that might include bananas and leaves, looking for options with reviews and ratings.","The page provides a list of smoothie recipes to start your day, with the first recipe being 'Strawberry Oatmeal Breakfast Smoothie'. The recipes are not specific to the search criteria of being vegan, including bananas and leaves, having more than 20 reviews, and a rating of at least 4 stars. To find a recipe that matches these requirements, further exploration within this list or new searches with more precise filters may be needed."
"Find a recipe for a vegan smoothie bowl on Allrecipes that includes bananas and leaves, has more than 20 reviews, and a rating of at least 4 stars. Provide a list of ingredients, preparation time, and a summary of the recipe steps.","scroll down to view more smoothie recipes on the page, looking for a vegan option that includes bananas and leafy greens, has over 20 reviews, and a rating of at least 4 stars.","The current page displays smoothie recipes such as ""Strawberry Oatmeal Breakfast Smoothie"" and ""Healthy Blueberry Breakfast Smoothie,"" but they do not specify vegan options or include leafy greens. The current exploration of recipes on this page isn't yielding a match for the criteria: vegan, includes bananas and leaves, over 20 reviews, and rated at least 4 stars. Further scrolling or refining the search further, focusing on vegan options or specific ingredients, may be necessary."
"Find a recipe for a vegan smoothie bowl on Allrecipes that includes bananas and leaves, has more than 20 reviews, and a rating of at least 4 stars. Provide a list of ingredients, preparation time, and a summary of the recipe steps.",go back to the search bar and type 'vegan banana leaf smoothie bowl' with placeholder 'Find a recipe or ingredient' and press Enter to try another targeted search focusing on key ingredients like banana and leafy greens.,"The search results for 'vegan banana leaf smoothie bowl' returned no results on Allrecipes. It seems that the search terms may be too specific or not aligned with how recipes are tagged or titled on the site. Consider simplifying the search terms, for example, trying 'vegan banana smoothie bowl' or filtering for vegan smoothie bowls and manually checking for leafy greens in the ingredient list. This might yield better results."
"Find a recipe for a vegan smoothie bowl on Allrecipes that includes bananas and leaves, has more than 20 reviews, and a rating of at least 4 stars. Provide a list of ingredients, preparation time, and a summary of the recipe steps.",type 'vegan banana smoothie bowl' in the search bar with placeholder 'Find a recipe or ingredient' and press Enter to broaden the search results while still focusing on key ingredients like banana.,"The search for 'vegan banana smoothie bowl' returned general categories and guides rather than specific recipes. The current webpage shows articles like '20 Breakfast Smoothie Recipes to Start Your Day the Healthy Way' and 'Sweet and Savory Vegan Pumpkin Recipes You Need to Try This Fall'. None of these categories directly match the requirement for a vegan smoothie bowl with bananas and leaves, or include filtering for reviews and ratings. Consider exploring individual categories further or refining search terms to more specifically target vegan smoothies, potentially using filters to show only recipes with specific ratings and reviews."
"Find a recipe for a vegan smoothie bowl on Allrecipes that includes bananas and leaves, has more than 20 reviews, and a rating of at least 4 stars. Provide a list of ingredients, preparation time, and a summary of the recipe steps.","scroll down further to explore more recipe options or titles that might match the criteria of being vegan, including bananas and leaves, with over 20 reviews and a rating of at least 4 stars.","The current page shows various articles and guides related to different breakfast and meal ideas but no specific recipes for vegan banana smoothie bowls with leafy greens. These categories do not match the specific criteria set for the task. You may need to try a different search term or use the site's filters, if available, to narrow down recipes by ratings and reviews. It seems this approach is not leading to the desired results."
"Find a recipe for a vegan smoothie bowl on Allrecipes that includes bananas and leaves, has more than 20 reviews, and a rating of at least 4 stars. Provide a list of ingredients, preparation time, and a summary of the recipe steps.",go back to the search bar and type 'vegan banana smoothie bowl reviews' with placeholder 'Find a recipe or ingredient' and press Enter to try another search focusing on smoothie bowls with reviews.,"The search for 'vegan banana smoothie bowl reviews' still yielded general categories and guides rather than specific recipes. The current options continue to include '20 Breakfast Smoothie Recipes to Start Your Day the Healthy Way' and 'Sweet and Savory Vegan Pumpkin Recipes You Need to Try This Fall' without listing detailed recipes meeting the search criteria. It might be helpful to explore categories further for any relevant recipes or use more general search terms like 'vegan smoothie bowl' while using filters to sort by ingredients, ratings, and reviews."
"Find a recipe for a vegan smoothie bowl on Allrecipes that includes bananas and leaves, has more than 20 reviews, and a rating of at least 4 stars. Provide a list of ingredients, preparation time, and a summary of the recipe steps.",type 'vegan smoothie bowl banana' in the search bar with placeholder 'Find a recipe or ingredient' to broaden the search and potentially locate a suitable smoothie bowl that includes bananas and leafy greens.,"The current search results for 'vegan smoothie bowl banana' continue to show general categories and guides rather than specific recipes that meet the criteria. The page displays categories such as '20 Breakfast Smoothie Recipes to Start Your Day the Healthy Way' and 'Sweet and Savory Vegan Pumpkin Recipes You Need to Try This Fall', but none directly align with the task requirements. 

To progress, consider:
1. Exploring the '20 Breakfast Smoothie Recipes' category for possible vegan options.
2. Trying a different combination of search terms, such as 'vegan smoothie bowl leafy greens', that might better target recipes involving leafy greens, banana, and required reviews/rating filters.
3. Applying any available filters on the website to refine the search by ratings and reviews."
"Find a recipe for a vegan smoothie bowl on Allrecipes that includes bananas and leaves, has more than 20 reviews, and a rating of at least 4 stars. Provide a list of ingredients, preparation time, and a summary of the recipe steps.","click on the ""20 Breakfast Smoothie Recipes to Start Your Day the Healthy Way"" link to explore whether any listed smoothies meet the criteria for the task.","The current page presents a collection of 20 smoothie recipes, named '20 Breakfast Smoothie Recipes to Start Your Day the Healthy Way'. The first recipe displayed is the 'Strawberry Oatmeal Breakfast Smoothie'. However, there is no indication in the visible section that any of these recipes meet the specific criteria: being vegan, including bananas and leafy greens, having over 20 reviews, and a rating of at least 4 stars. Further exploration down the list or within this section may be required to identify if any recipe matches the specific task requirements."
"Find a recipe for a vegan smoothie bowl on Allrecipes that includes bananas and leaves, has more than 20 reviews, and a rating of at least 4 stars. Provide a list of ingredients, preparation time, and a summary of the recipe steps.","scroll down further on the page to explore more smoothie recipes, looking for a vegan option that includes bananas and leafy greens, and has reviews and ratings to check if they match the criteria.","The current page displays smoothie recipes such as ""Strawberry Oatmeal Breakfast Smoothie"" and ""Healthy Blueberry Breakfast Smoothie,"" but they do not specify if they meet the criteria of being vegan, including bananas and leafy greens. Additionally, there is no visibility on the reviews or ratings directly from this view. Further exploration or precise keyword searches targeting vegan ingredients such as banana and leafy greens are needed to find a suitable recipe. Consider using filter options for specific ratings and ingredient inclusion on the site if available."
"Find a recipe for a vegan smoothie bowl on Allrecipes that includes bananas and leaves, has more than 20 reviews, and a rating of at least 4 stars. Provide a list of ingredients, preparation time, and a summary of the recipe steps.","click on the search icon 🔍 next to the search bar with placeholder 'Find a recipe or ingredient' to perform a refined search for 'vegan banana smoothie bowl' which could yield more relevant results including similar ingredients, ratings, and reviews.","The page continues to display general smoothie recipes like ""Strawberry Oatmeal Breakfast Smoothie"" and ""Healthy Blueberry Breakfast Smoothie."" These do not focus on vegan options or specifically list leafy greens. No recipes matching the criteria of vegan, including bananas and leaves, with over 20 reviews and a 4-star rating were found. Further filtering by exploring the recipe categories or using specific ingredient filters on the search results might aid in locating a recipe that meets the requirements."
"Find a recipe for a vegan smoothie bowl on Allrecipes that includes bananas and leaves, has more than 20 reviews, and a rating of at least 4 stars. Provide a list of ingredients, preparation time, and a summary of the recipe steps.","go back to the Allrecipes homepage and type 'vegan banana smoothie bowl' in the search bar with placeholder 'Find a recipe or ingredient' and press Enter to refine the search more broadly, allowing for manual checks of ingredients for leafy greens.","The search results still show general categories and guides rather than specific recipes that match the criteria. None of the displayed articles directly relate to vegan smoothie bowls with bananas and leafy greens or have filtering options for reviews and ratings.

To improve the search:
1. Narrow the focus by exploring each category for potential vegan smoothie recipes.
2. Check if there are filters for vegan recipes, ratings, and reviews.
3. Manually check the ingredient lists within promising recipes for the inclusion of bananas and leafy greens."
"Find a recipe for a vegan smoothie bowl on Allrecipes that includes bananas and leaves, has more than 20 reviews, and a rating of at least 4 stars. Provide a list of ingredients, preparation time, and a summary of the recipe steps.","type 'vegan banana smoothie bowl' in the search bar with placeholder 'Find a recipe or ingredient' and press Enter to perform a search that might yield recipes with bananas and vegan options, possibly including leafy greens.","The search for 'vegan banana smoothie bowl' has brought up general categories and guides rather than specific recipes. Available options include broad collections like '20 Breakfast Smoothie Recipes to Start Your Day the Healthy Way' and various other articles and guides. None of these directly match the need for a vegan smoothie bowl with bananas and leaves and the requirement for specific reviews and ratings. 

To progress, consider exploring individual recipes within these articles for relevant options or refining the search criteria further to explicitly include leafy greens and vegan filters, or directly accessing a vegan smoothie category that includes filtering by reviews and ratings."
"Find a recipe for a vegan smoothie bowl on Allrecipes that includes bananas and leaves, has more than 20 reviews, and a rating of at least 4 stars. Provide a list of ingredients, preparation time, and a summary of the recipe steps.","type 'vegan smoothie bowl' in the search bar with placeholder 'Find a recipe or ingredient' and press Enter, focusing on broader terms to find recipes that may include bananas and leafy greens.","The search for 'vegan smoothie bowl' results in general guides and categories rather than specific recipes that meet the criteria. None of the visible results directly relate to recipes with bananas and leafy greens, and specific reviews and ratings are not highlighted. Consider exploring each category or further refining the search terms to focus on individual recipes that may contain bananas and leafy greens."
"Find a recipe for a vegan smoothie bowl on Allrecipes that includes bananas and leaves, has more than 20 reviews, and a rating of at least 4 stars. Provide a list of ingredients, preparation time, and a summary of the recipe steps.","type 'vegan banana smoothie bowl' in the search bar with placeholder 'Find a recipe or ingredient' and press Enter to receive a broader range of recipe options, which might include leafy greens among the ingredients.","The search for 'vegan banana smoothie bowl' resulted in general articles and lists, such as '20 Breakfast Smoothie Recipes to Start Your Day the Healthy Way' and 'Sweet and Savory Vegan Pumpkin Recipes You Need to Try This Fall'. None are directly related to individual recipes with bananas and leaves or include filters for vegan recipes or specific ratings and reviews.

To find a recipe that meets all the criteria, it might be necessary to manually navigate through one of these categories, checking each recipe for the required ingredients and sorting by reviews and ratings. Alternatively, trying a different recipe-focused search platform or using more targeted keywords might yield better results."
"Find a recipe for a vegan smoothie bowl on Allrecipes that includes bananas and leaves, has more than 20 reviews, and a rating of at least 4 stars. Provide a list of ingredients, preparation time, and a summary of the recipe steps.",type 'vegan smoothie bowl' in the search bar with placeholder 'Find a recipe or ingredient' to broaden the search and look for options that can be refined further.,"The search for 'vegan smoothie bowl' has returned a selection of general categories and articles rather than specific recipes. The page includes options like '20 Breakfast Smoothie Recipes to Start Your Day the Healthy Way' and 'Sweet and Savory Vegan Pumpkin Recipes You Need to Try This Fall.' These categories don't specifically match the criteria required for a vegan smoothie bowl with bananas, leaves, over 20 reviews, and a rating of at least 4 stars. Consider exploring these categories further to see if they contain individual recipes meeting the criteria or refining the search approach further to target specific ingredient combinations and ratings."
"Find a recipe for a vegan smoothie bowl on Allrecipes that includes bananas and leaves, has more than 20 reviews, and a rating of at least 4 stars. Provide a list of ingredients, preparation time, and a summary of the recipe steps.",click on the category '20 Breakfast Smoothie Recipes to Start Your Day the Healthy Way' to explore potential smoothie bowl recipes that might include bananas and leafy greens.,"The current page lists a collection of 20 breakfast smoothie recipes, but it starts with options like 'Strawberry Oatmeal Breakfast Smoothie,' which do not specify vegan ingredients or include leafy greens. The page has not provided a recipe that matches your criteria for a vegan smoothie bowl with bananas and leaves, having over 20 reviews and a rating of at least 4 stars. To find a compatible recipe, further exploration into individual recipes within this collection might be necessary or a refined search with a focus on ratings and specific ingredients is suggested."
"Find a recipe for a vegan smoothie bowl on Allrecipes that includes bananas and leaves, has more than 20 reviews, and a rating of at least 4 stars. Provide a list of ingredients, preparation time, and a summary of the recipe steps.","type 'vegan smoothie bowl' in the search bar with placeholder 'Find a recipe or ingredient' and press Enter to focus specifically on vegan options, suitable for finding recipes that may contain bananas and leafy greens.","The search for 'vegan smoothie bowl' has returned a page displaying various categories and articles, but not specific recipes that match the criteria of including bananas and leafy greens. The results include articles like '20 Breakfast Smoothie Recipes to Start Your Day the Healthy Way' and others unrelated to the specific smoothie bowl search. To find a recipe meeting the criteria (vegan, banana, leafy greens, with reviews and ratings), it might be necessary to either explore individual articles for potential recipe links or try using more targeted search terms that directly indicate the ingredients and vegan nature."
"Find a recipe for a vegan smoothie bowl on Allrecipes that includes bananas and leaves, has more than 20 reviews, and a rating of at least 4 stars. Provide a list of ingredients, preparation time, and a summary of the recipe steps.","type 'vegan banana smoothie bowl' in the search bar with placeholder 'Find a recipe or ingredient' and press Enter to search for smoothie bowls that include banana, then manually check for leafy greens.","The search for 'vegan banana smoothie bowl' still returns general categories and articles. It hasn't listed specific recipes that match the exact criteria of a vegan smoothie bowl with bananas and leaves.

- No specific recipes matching the task goal are visible.
- Consider checking within categories like '20 Breakfast Smoothie Recipes to Start Your Day the Healthy Way' for potential matches.
- Alternatively, try using more specific filters for vegan recipes, or explore individual recipes to find those with bananas and leafy greens manually."
"Find a recipe for a vegan smoothie bowl on Allrecipes that includes bananas and leaves, has more than 20 reviews, and a rating of at least 4 stars. Provide a list of ingredients, preparation time, and a summary of the recipe steps.",type 'vegan smoothie bowl banana' in the search bar with placeholder 'Find a recipe or ingredient' and press Enter to further simplify the search for relevant results.,"The search for 'vegan smoothie bowl banana' still returns general categories and guides like '20 Breakfast Smoothie Recipes to Start Your Day the Healthy Way' and 'Sweet and Savory Vegan Pumpkin Recipes You Need to Try This Fall.' These results do not contain specific recipes that match the criteria of being vegan, including bananas and leaves, with more than 20 reviews and a rating of at least 4 stars. To find a matching recipe, consider exploring the listed categories or refining the search further by specific keywords or filters for reviews and ratings."
"Find a recipe for a vegan smoothie bowl on Allrecipes that includes bananas and leaves, has more than 20 reviews, and a rating of at least 4 stars. Provide a list of ingredients, preparation time, and a summary of the recipe steps.","click on the search bar with placeholder 'Find a recipe or ingredient', type 'vegan banana smoothie bowl' and press Enter to attempt a broader search that might include needed ingredients.","The current page lists a collection titled ""20 Breakfast Smoothie Recipes to Start Your Day the Healthy Way."" It features various smoothie recipes, such as the ""Strawberry Oatmeal Breakfast Smoothie,"" but none specifically match the criteria of being vegan, containing both bananas and leaves, having more than 20 reviews, and a rating of at least 4 stars. The search did not yield a direct match, suggesting the need to either go through individual recipes to check their ingredients or search for specific keywords like 'vegan smoothie with banana and leafy greens' to narrow down options."
"Find a recipe for a vegan smoothie bowl on Allrecipes that includes bananas and leaves, has more than 20 reviews, and a rating of at least 4 stars. Provide a list of ingredients, preparation time, and a summary of the recipe steps.","go back to the search bar, type 'vegan banana smoothie bowl' with placeholder 'Find a recipe or ingredient' and press Enter to broaden the search and focus on vegan smoothie bowls with bananas that might include leafy greens.","The current search results for 'vegan banana smoothie bowl' still show general categories like '20 Breakfast Smoothie Recipes to Start Your Day the Healthy Way', rather than direct recipe listings. None of these entries specify vegan smoothie bowls that include bananas and leafy greens with over 20 reviews and a 4-star rating. To find an exact match, consider clicking on a related article and checking the individual recipes within for desired ingredients, or using filters if available for ratings and reviews."