task,user_action,observation
"Search for a high-protein vegetarian chili recipe on Allrecipes that has at least 50 reviews and a rating of 4 stars or higher. Provide the ingredient list, cooking time, and a brief description of the cooking steps.",Going to https://www.allrecipes.com/,Went to https://www.allrecipes.com/
"Search for a high-protein vegetarian chili recipe on Allrecipes that has at least 50 reviews and a rating of 4 stars or higher. Provide the ingredient list, cooking time, and a brief description of the cooking steps.","type ""high-protein vegetarian chili"" into the search bar with placeholder text 'Find a recipe or ingredient' and press Enter to search for recipes.","The search results on Allrecipes for ""high-protein vegetarian chili"" include a recipe titled ""Instant Pot Protein-Packed Vegetarian Chili"". However, it only has 3 ratings, which does not meet the requirement of having at least 50 reviews. Another recipe ""Heddy's Black and Red Bean Soup"" has 49 ratings and a high rating but isn't exactly a chili recipe. No perfect match was found, so further searching or filtering by ratings and reviews is needed."
"Search for a high-protein vegetarian chili recipe on Allrecipes that has at least 50 reviews and a rating of 4 stars or higher. Provide the ingredient list, cooking time, and a brief description of the cooking steps.","click on the search bar again, refine search with keywords 'high-protein vegetarian chili', sort by 'Most Reviewed' if possible to find more options that meet the criteria of 50 reviews and 4-star rating with the search bar placeholder 'Find a recipe or ingredient'.","The search on Allrecipes has not yielded a perfect match that meets the criteria of a high-protein vegetarian chili with at least 50 reviews and a rating of 4 stars or higher. The closest result, ""Heddy's Black and Red Bean Soup,"" isn't exactly a chili. ""Instant Pot Protein-Packed Vegetarian Chili"" has a high rating but only 3 reviews. You'll need to further refine the search or use different keywords or filters to find a matching recipe."
"Search for a high-protein vegetarian chili recipe on Allrecipes that has at least 50 reviews and a rating of 4 stars or higher. Provide the ingredient list, cooking time, and a brief description of the cooking steps.",click on the 'Sort By' dropdown near the search bar and select 'Rating' to filter recipes with the highest rating and check for any chili recipe with at least 50 reviews and a 4-star rating or higher.,"The search using the 'Rating' filter on Allrecipes still does not show any high-protein vegetarian chili recipe meeting the criteria. ""Instant Pot Protein-Packed Vegetarian Chili"" has only 3 ratings. ""Heddy's Black and Red Bean Soup"" has 49 ratings but is not classified as a chili. 

No suitable match meeting the criteria of at least 50 reviews and a 4-star rating or higher has been found yet. Consider broadening the search terms or exploring similar recipes."
"Search for a high-protein vegetarian chili recipe on Allrecipes that has at least 50 reviews and a rating of 4 stars or higher. Provide the ingredient list, cooking time, and a brief description of the cooking steps.",type 'vegetarian chili' into the search bar with placeholder text 'Find a recipe or ingredient' and press Enter to broaden the search for more options that meet the review and rating criteria.,"The broadened search for 'vegetarian chili' on Allrecipes yielded several satisfactory options that meet your criteria. The recipe titled ""The Best Vegetarian Chili in the World"" has 2,283 ratings and a 4.5-star rating, which fits the requirement of over 50 reviews and at least a 4-star rating.

For this recipe, follow these steps:
- **Ingredient List**: You'll need to click on the recipe to access the full ingredient list.
- **Cooking Time**: Check the recipe details for cooking time once clicked.
- **Cooking Steps**: A brief description of the cooking process will be available on the recipe page.

This option should meet your needs for a high-protein vegetarian chili."
"Search for a high-protein vegetarian chili recipe on Allrecipes that has at least 50 reviews and a rating of 4 stars or higher. Provide the ingredient list, cooking time, and a brief description of the cooking steps.","click on the recipe titled 'The Best Vegetarian Chili in the World' with 2,283 ratings to view the full recipe, ingredient list, cooking time, and description of the cooking steps, as it meets the criteria of having over 50 reviews and a 4-star rating.","The selected recipe ""The Best Vegetarian Chili in the World"" fits the criteria with 2,283 ratings and a 4.7-star rating.

### Ingredient List
The recipe lists ingredients such as vegetables, beans, and spices. You'll need to scroll further on the page to see the complete list.

### Cooking Time
- **Prep Time**: 15 minutes
- **Cook Time**: 1 hour
- **Total Time**: 1 hour 15 minutes
- **Servings**: 8

### Cooking Steps
A brief description is available that mentions the dish is packed with vegetables, beans, and flavor. For detailed steps, scroll down or click ""Jump to Recipe.""

This recipe appears to meet your needs for a high-protein vegetarian chili."
"Search for a high-protein vegetarian chili recipe on Allrecipes that has at least 50 reviews and a rating of 4 stars or higher. Provide the ingredient list, cooking time, and a brief description of the cooking steps.","scroll down to view the full ingredient list and complete cooking steps, as they are located below the introduction section of the recipe page for 'The Best Vegetarian Chili in the World'.","The recipe for ""The Best Vegetarian Chili in the World"" provides a detailed ingredient list and cooking steps:

### Ingredient List
- **Oil**: Begin with an onion cooked in olive oil.
- **Seasonings**: Includes dried oregano, salt, ground cumin, bay leaves, fresh garlic, chili powder, and black pepper.
- **Fresh Vegetables**: Onion, celery, green bell peppers, and jalapeños.
- **Canned Vegetables**: Green chile peppers, whole peeled tomatoes, kidney beans, garbanzo beans, black beans, and whole kernel corn.
- **Vegetarian Burger Crumbles**: Adds a 'meaty' flavor and texture.

### Cooking Steps
1. Cook the onion until tender, then add fresh veggies.
2. Add vegetarian crumbles, simmer.
3. Add remaining ingredients (except corn), boil, and simmer for 45 minutes.
4. Add corn, cook for 5 more minutes.

This recipe meets your criteria for a high-protein vegetarian chili."
"Search for a high-protein vegetarian chili recipe on Allrecipes that has at least 50 reviews and a rating of 4 stars or higher. Provide the ingredient list, cooking time, and a brief description of the cooking steps.",Summarizing last observations,"The most recent observation reveals that the recipe ""The Best Vegetarian Chili in the World"" from Allrecipes matches the criteria with over 2,283 ratings and a 4.7-star grade. Here's supplementary information from the current screenshots:

### Ingredient List
- **Oil**: Olive oil for cooking the onion.
- **Seasonings**: Oregano, salt, cumin, bay leaves, garlic, chili powder, and black pepper.
- **Vegetables**: Onion, celery, green bell peppers, jalapeños.
- **Canned Ingredients**: Green chile peppers, peeled tomatoes, kidney beans, garbanzo beans, black beans, corn.
- **Vegetarian Burger Crumbles**: Adds meaty texture.

### Cooking Time
- **Prep Time**: 15 minutes
- **Cook Time**: 1 hour
- **Total Time**: 1 hour 15 minutes

### Cooking Steps
1. Cook the onion with seasonings until tender. Add fresh vegetables and simmer with crumbles.
2. Stir in tomatoes, remaining beans, seasonings. Boil and simmer.
3. Add corn, cook briefly.

This summary reflects only the latest observations. For full context, please refer to the task history. The full recipe details can be found by clicking ""Jump to Recipe"" on the Allrecipes page."