task,user_action,observation
Find a recipe for a low-carb breakfast on Allrecipes with at least 25 reviews. Show the Nutrition Facts and the total carbohydrate content per serving.,Going to https://www.allrecipes.com/,Went to https://www.allrecipes.com/
Find a recipe for a low-carb breakfast on Allrecipes with at least 25 reviews. Show the Nutrition Facts and the total carbohydrate content per serving.,type 'low-carb breakfast' into the search bar with placeholder 'Find a recipe or ingredient' and press Enter. This will help you locate recipes that fit your criteria on Allrecipes.,"You have successfully searched for ""low-carb breakfast"" recipes on Allrecipes. Several recipes meeting your criteria are displayed, such as:

- **Low-Carb Bacon Spinach Egg Cups** with 122 ratings.
- **Creamy Cottage Cheese Scrambled Eggs** with 186 ratings.

These recipes have over 25 reviews. To continue, click on one of these recipes to view the Nutrition Facts and the total carbohydrate content per serving."
Find a recipe for a low-carb breakfast on Allrecipes with at least 25 reviews. Show the Nutrition Facts and the total carbohydrate content per serving.,"click on 'Low-Carb Bacon Spinach Egg Cups' with 122 Ratings. This will allow you to view the recipe details, including the Nutrition Facts and total carbohydrate content per serving.","You have accessed the ""Low-Carb Bacon Spinach Egg Cups"" recipe page. The image and initial details of the recipe are visible, such as the prep time and cook time. However, the Nutrition Facts section, including the total carbohydrate content per serving, is not visible in the current screenshot. You'll need to scroll down or look for a specific ""Nutrition Facts"" section on the page to find this information."
Find a recipe for a low-carb breakfast on Allrecipes with at least 25 reviews. Show the Nutrition Facts and the total carbohydrate content per serving.,"scroll down to view the Nutrition Facts section, which will include the total carbohydrate content per serving.","You have scrolled down to the ingredients section of the 'Low-Carb Bacon Spinach Egg Cups' recipe page. The ""Jump to Nutrition Facts"" link is visible, indicating that you can click it to quickly navigate to the Nutrition Facts section. This section will provide details on the total carbohydrate content per serving."
Find a recipe for a low-carb breakfast on Allrecipes with at least 25 reviews. Show the Nutrition Facts and the total carbohydrate content per serving.,"click on the 'Jump to Nutrition Facts' link to quickly navigate to the Nutrition Facts section, which will show the total carbohydrate content per serving.","The Nutrition Facts for the ""Low-Carb Bacon Spinach Egg Cups"" recipe are visible. Each serving contains 237 calories, 18g of fat, 17g of protein, and 4g of carbohydrates. This satisfies the requirement for showing the total carbohydrate content per serving."
Find a recipe for a low-carb breakfast on Allrecipes with at least 25 reviews. Show the Nutrition Facts and the total carbohydrate content per serving.,Summarizing last observations,"The most recent observations indicate that you've reached the Nutrition Facts section for the ""Low-Carb Bacon Spinach Egg Cups"" recipe on Allrecipes. The Nutrition Facts show that each serving contains 237 calories, 18g of fat, 17g of protein, and 4g of carbohydrates. For complete details regarding the task, refer to the full task history."