task,user_action,observation
Search for a vegetarian lasagna recipe that has at least a four-star rating and over 500 reviews.,Going to https://www.allrecipes.com/,Went to https://www.allrecipes.com/
Search for a vegetarian lasagna recipe that has at least a four-star rating and over 500 reviews.,"type ""vegetarian lasagna"" into the search bar with the placeholder 'Find a recipe or ingredient' and press 'Search'.","The search results show various vegetarian lasagna recipes, but none meet the criteria of having at least 500 reviews. The highest number of reviews observed is 243 for the ""Vegetarian Four Cheese Lasagna."" All displayed recipes have at least four stars but fall short on the review count requirement needed to fulfill the task."
Search for a vegetarian lasagna recipe that has at least a four-star rating and over 500 reviews.,"scroll down to see more recipes if they aren't visible on the current page, focusing on finding any vegetarian lasagna with at least 500 reviews and a four-star rating.","The recipes visible after scrolling do not meet the task's criteria of having at least 500 reviews. The highest number of reviews visible in the current search result is for the 'Vegetarian Four Cheese Lasagna' with 243 reviews. Each visible recipe has a four-star rating or higher, but none have at least 500 reviews as required for the task."
Search for a vegetarian lasagna recipe that has at least a four-star rating and over 500 reviews.,"click on the page navigation or next arrow if available to load more recipes, as the current page does not show any recipe meeting the criteria of 500 reviews and a four-star rating.","The current page does not display any vegetarian lasagna recipes that meet the criteria of having at least a four-star rating and over 500 reviews. The highest rated recipe shown, 'Black Bean Lasagna,' has 126 ratings, which does not fulfill the task's requirements. You may need to navigate further across pages or try filtering or sorting options, if available, to find a recipe meeting your criteria."
Search for a vegetarian lasagna recipe that has at least a four-star rating and over 500 reviews.,"click on the menu icon (three horizontal lines) to see if there are any filtering or sorting options available that might help locate a recipe meeting the criteria, such as sorting by highest rated.","The menu icon (three horizontal lines) was clicked, but no sorting or filtering options are visible in the current screenshot that could help locate a highly rated vegetarian lasagna recipe with over 500 reviews. The visible recipes still do not meet the criteria, with the highest rating shown being 126 for the 'Black Bean Lasagna.' It might be necessary to continue exploring other pages or utilize sorting options if they are available elsewhere within the site."
Search for a vegetarian lasagna recipe that has at least a four-star rating and over 500 reviews.,"scroll down further to see more recipes that might meet the criteria of having at least 500 reviews and a four-star rating, as current visible options do not meet the requirements.","The current results do not show any vegetarian lasagna recipes meeting the task criteria of at least 500 reviews and a four-star rating. The visible recipes include 'Roasted Butternut Squash and Spinach Lasagna' with only 5 ratings and 'Cacio e Pepe Lasagna' with 10 ratings, neither of which meet the requirements. Continuing to search or adjusting the search strategy may be necessary to find a suitable recipe."
Search for a vegetarian lasagna recipe that has at least a four-star rating and over 500 reviews.,click on '15 Comforting Meatless Lasagna Recipes' to explore if there's a highly reviewed vegetarian lasagna recipe within this collection that meets the criteria.,"You have clicked on the '15 Comforting Meatless Lasagna Recipes' collection. The first recipe, 'Gina's Creamy Mushroom Lasagna,' is visible, but the rating and review count are not shown in the current screenshot. To evaluate if any recipes in this collection meet the criteria of at least a four-star rating and 500 reviews, you'll need to click on each recipe to view its details. Alternatively, there may be additional information further down the list, so scrolling through this collection could also help identify a suitable recipe."
Search for a vegetarian lasagna recipe that has at least a four-star rating and over 500 reviews.,"scroll down through the '15 Comforting Meatless Lasagna Recipes' list to check for any recipe that meets the criteria of at least a four-star rating and 500 reviews, as the ratings and review counts need to be visible to determine suitability.","The '15 Comforting Meatless Lasagna Recipes' list is visible, but the current screenshot does not show any star ratings or review counts for the recipes. To determine if any of these recipes meet the criteria, you will need to either click on 'View Recipe' or continue scrolling further to hopefully find any that display their ratings and review counts directly on the list."
Search for a vegetarian lasagna recipe that has at least a four-star rating and over 500 reviews.,scroll down to view more recipes in the '15 Comforting Meatless Lasagna Recipes' list to check if any have detailed ratings and review counts visible.,"The screenshot displays recipes from the '15 Comforting Meatless Lasagna Recipes' list, specifically 'Roasted Butternut Squash and Garlic Lasagna' and 'Simple Spinach Lasagna.' However, detailed information about ratings and reviews is not visible. To determine if these meet the criteria, you need to click 'View Recipe' for each to see their ratings and review counts. Continue exploring individual recipes for detailed information."
Search for a vegetarian lasagna recipe that has at least a four-star rating and over 500 reviews.,scroll down further through the '15 Comforting Meatless Lasagna Recipes' list to see more recipes within this collection and find out if any of them meet the criteria of at least 500 reviews and a four-star rating.,"The current screenshot shows two recipes from the '15 Comforting Meatless Lasagna Recipes' list: 'Simple Spinach Lasagna' and 'Black Bean Lasagna.' However, there are no visible ratings or review counts displayed for these recipes. To determine if these recipes meet the criteria of having at least 500 reviews and a four-star rating, you'll need to click on each recipe to view their details or continue scrolling through the list for more options. No recipes yet clearly meet the task requirements based on the current view."
Search for a vegetarian lasagna recipe that has at least a four-star rating and over 500 reviews.,"scroll down to view more recipes in the '15 Comforting Meatless Lasagna Recipes' collection, as the ratings and review numbers for 'Gina's Creamy Mushroom Lasagna' and other recipes are not visible. Continue exploring this list to identify if any recipe meets the criteria of at least a four-star rating and over 500 reviews.","Currently, the '15 Comforting Meatless Lasagna Recipes' collection does not show any rating or review information for the recipes visible. The recipes 'Gina's Creamy Mushroom Lasagna' and 'Hearty Vegetable Lasagna' are shown, but specific details about their ratings and review counts are not displayed in the screenshot. To determine if they meet your criteria, clicking on each recipe for more information might be necessary. Continuing to explore this collection or other pages may help find a recipe that fits the requirements."
Search for a vegetarian lasagna recipe that has at least a four-star rating and over 500 reviews.,click on 'VIEW RECIPE' button under 'Hearty Vegetable Lasagna' to check the recipe's rating and review count to see if it meets the criteria of over 500 reviews and at least a four-star rating.,"The 'Hearty Vegetable Lasagna' recipe has a rating of 4.7 stars with 1,018 reviews, meeting the task criteria of having over 500 reviews and at least a four-star rating. This recipe fulfills the requirements and is a suitable option for your search."
Search for a vegetarian lasagna recipe that has at least a four-star rating and over 500 reviews.,Summarizing last observations,"The recent observations reveal that the recipe for ""Hearty Vegetable Lasagna"" fulfills the task criteria. It has a rating of 4.7 stars out of 5, based on 1,018 ratings, and has received 725 reviews. This recipe meets the requirement of having at least a four-star rating and over 500 reviews. For full context and history of the search process, refer to the complete task history."