task,user_action,observation
Find a recipe for a vegetarian lasagna that has over 300 reviews and an average rating of 4.5 or higher on Allrecipes.,Going to https://www.allrecipes.com/,Went to https://www.allrecipes.com/
Find a recipe for a vegetarian lasagna that has over 300 reviews and an average rating of 4.5 or higher on Allrecipes.,type 'vegetarian lasagna' in the search bar with placeholder 'Find a recipe or ingredient' to find relevant recipes.,"The search results show several vegetarian lasagna recipes, but none meet the criteria of having over 300 reviews and an average rating of 4.5 or higher. The 'Vegetarian Four Cheese Lasagna' comes close with 243 ratings and a high average rating, but it doesn't fully meet the criteria specified. Further searching or checking other pages might be necessary."
Find a recipe for a vegetarian lasagna that has over 300 reviews and an average rating of 4.5 or higher on Allrecipes.,scroll down to view more recipes on the current search results page to find one that meets the criteria of over 300 reviews and an average rating of 4.5 or higher.,"The current search results do not show a vegetarian lasagna with over 300 reviews and an average rating of 4.5 or higher. The closest option remains the 'Vegetarian Four Cheese Lasagna,' which has 243 ratings but does not meet the specific criteria of over 300 reviews. It might be necessary to continue searching further or check additional pages for a matching recipe."
Find a recipe for a vegetarian lasagna that has over 300 reviews and an average rating of 4.5 or higher on Allrecipes.,"scroll down to load more recipes. This will allow you to view additional options that might meet the criteria of over 300 reviews and a 4.5 or higher rating, as none in the current view meet these specifications.","After scrolling down, the search results do not display any vegetarian lasagna recipes meeting the criteria of having over 300 reviews and an average rating of 4.5 or higher. Most recipes, like 'Black Bean Lasagna' and 'Debbie's Vegetable Lasagna,' have ratings below the required threshold. Continuing to explore more pages or using different search terms might be necessary to find a suitable recipe."
Find a recipe for a vegetarian lasagna that has over 300 reviews and an average rating of 4.5 or higher on Allrecipes.,scroll down to load more recipes since the current page does not have a vegetarian lasagna recipe with over 300 reviews and a 4.5 or higher rating. Continue searching further down the list.,"The current search results still do not show any vegetarian lasagna recipes that meet the criteria of having over 300 reviews and an average rating of 4.5 or higher. The displayed recipes include options like 'Roasted Butternut Squash and Spinach Lasagna' and 'Cacio e Pepe Lasagna,' but they have lower ratings or fewer reviews than required. Further exploration or refining the search terms may be needed to find a suitable recipe."
Find a recipe for a vegetarian lasagna that has over 300 reviews and an average rating of 4.5 or higher on Allrecipes.,click on the search bar with text 'vegetarian lasagna' and type 'vegetarian lasagna over 300 reviews' to refine the search and find a recipe with the required criteria.,"The search with the refined terms 'vegetarian lasagna over 300 reviews' returned no results. It seems that using specific numeric criteria in the search bar isn't functioning as intended. You may need to return to browsing using simpler terms and manually check the review counts and ratings, or try sorting options on the website if available, to find a recipe that meets the specified criteria."
Find a recipe for a vegetarian lasagna that has over 300 reviews and an average rating of 4.5 or higher on Allrecipes.,"click on the search bar with placeholder 'Find a recipe or ingredient' and type 'vegetarian lasagna' to return to general search results, where you can manually check reviews and ratings for suitability.","In the current search results, none of the recipes for vegetarian lasagna meet the criteria of over 300 reviews and an average rating of 4.5 or higher. The 'Vegetarian Four Cheese Lasagna' is the closest with 243 ratings and a high average rating, but it still falls short of the required number of reviews. Further searching or checking additional pages may be necessary to find a recipe that satisfies the criteria."
Find a recipe for a vegetarian lasagna that has over 300 reviews and an average rating of 4.5 or higher on Allrecipes.,"scroll down to load more recipes and search for a vegetarian lasagna recipe with over 300 reviews and an average rating of 4.5 or higher, as the visible options do not meet this criteria.","The current search results continue to display vegetarian lasagna recipes such as 'World's Best (Now Vegetarian!) Lasagna,' 'Vegetarian Four Cheese Lasagna,' and 'Vegetarian Lasagna,' but none have the required 300 reviews and a 4.5 or higher average rating. The 'Vegetarian Four Cheese Lasagna' remains the closest with 243 reviews, but still falls short. Further exploration or trying different browsing or filtering approaches might help find a suitable recipe."
Find a recipe for a vegetarian lasagna that has over 300 reviews and an average rating of 4.5 or higher on Allrecipes.,"scroll down to load more recipes to see additional options that might meet the criteria of over 300 reviews and a 4.5 or higher rating, since the current visible recipes do not meet the requirements.","The current search results on the page do not display any vegetarian lasagna recipes that meet the criteria of having over 300 reviews and an average rating of 4.5 or higher. The recipes visible have lower ratings and fewer reviews, such as the 'Black Bean Lasagna' with 126 ratings and 'Debbie's Vegetable Lasagna' with 20 ratings. To find a recipe that fulfills the criteria, you may need to continue scrolling further or try different search terms or sorting options if available."
Find a recipe for a vegetarian lasagna that has over 300 reviews and an average rating of 4.5 or higher on Allrecipes.,"scroll down to load more recipes and continue searching for a vegetarian lasagna recipe with the required criteria of over 300 reviews and a 4.5 or higher rating, as the current view still does not contain any that meet the specifications.","The current screenshot shows a mix of lasagna recipes and collections, but none meet the specific criteria of being a vegetarian lasagna with over 300 reviews and an average rating of 4.5 or higher. Specific recipes visible, such as 'Roasted Butternut Squash and Spinach Lasagna' and 'Cacio e Pepe Lasagna,' have few ratings and do not fulfill the criteria. It may be necessary to explore further pages or use filtering options if available to find a recipe that matches the required criteria."
Find a recipe for a vegetarian lasagna that has over 300 reviews and an average rating of 4.5 or higher on Allrecipes.,click on '15 Comforting Meatless Lasagna Recipes' to explore a collection that might include a highly-rated vegetarian lasagna with over 300 reviews.,"The current page, '15 Comforting Meatless Lasagna Recipes,' provides a list of vegetarian lasagna options. The first recipe, ""Gina's Creamy Mushroom Lasagna,"" is listed below the introductory text. However, detailed information about the number of reviews and average ratings for each recipe is not immediately visible. You may need to click on individual recipes to check their ratings and reviews to find one that fits the criteria of over 300 reviews and a 4.5 or higher rating. Continue exploring the listed recipes for more details."
Find a recipe for a vegetarian lasagna that has over 300 reviews and an average rating of 4.5 or higher on Allrecipes.,scroll down to review the list of '15 Comforting Meatless Lasagna Recipes' and check if any recipe meets the criteria of over 300 reviews and a 4.5 or higher rating.,"The screenshot shows a list of '15 Comforting Meatless Lasagna Recipes.' Two recipes are partially visible: 'Gina's Creamy Mushroom Lasagna' and 'Roasted Butternut Squash and Garlic Lasagna.' However, the screenshot does not provide review counts or average ratings for these recipes. You'll need to click 'View Recipe' for each to check detailed ratings and reviews or continue scrolling to see more options that might meet the criteria. No recipe in the visible section meets the specified criteria based on the available information."
Find a recipe for a vegetarian lasagna that has over 300 reviews and an average rating of 4.5 or higher on Allrecipes.,"click on the sort option by 'Most Reviewed' or 'Highest Rated' if available, to organize search results in a way that may help identify a recipe meeting the specified criteria of over 300 reviews and a 4.5 or higher rating.","The search results display several vegetarian lasagna recipes. The 'Spinach Lasagna' has 734 ratings and an average high rating, which meets the criteria of over 300 reviews and a 4.5 or higher rating. You may want to explore this recipe further to see if it fits your needs. The other recipes shown do not meet the review or rating criteria as clearly."
Find a recipe for a vegetarian lasagna that has over 300 reviews and an average rating of 4.5 or higher on Allrecipes.,Summarizing last observations,"The most recent observations show a variety of vegetarian lasagna recipes on Allrecipes. However, none of the visible recipes meet the specific criteria of having over 300 reviews and an average rating of 4.5 or higher except for the 'Artichoke Spinach Lasagna,' which has 1,819 ratings. Several options like 'Spinach Lasagna' and 'Simple Spinach Lasagna' have 734 and 556 ratings, respectively, but it's unclear if their average ratings meet the 4.5 requirement based solely on the screenshot. Further exploration or filtering might still be needed.

This summary reflects only the latest observations. Please refer to the complete task history for full context and additional details."