task,user_action,observation
"Search for a seafood paella recipe on Allrecipes with a minimum of 4.5 stars rating and at least 50 reviews. The recipe should include shrimp and mussels. Provide the ingredients, total time, and an overview of the preparation steps.",Going to https://www.allrecipes.com/,Went to https://www.allrecipes.com/
"Search for a seafood paella recipe on Allrecipes with a minimum of 4.5 stars rating and at least 50 reviews. The recipe should include shrimp and mussels. Provide the ingredients, total time, and an overview of the preparation steps.",type 'seafood paella shrimp mussels' into the search bar with placeholder 'Find a recipe or ingredient' and press enter to find suitable recipes.,"The search results on Allrecipes for 'seafood paella shrimp mussels' have shown multiple recipes. However, none of these recipes meet the criteria of a minimum of 4.5 stars and at least 50 reviews. You may need to refine the search or look further to find a recipe that fits all the specified conditions."
"Search for a seafood paella recipe on Allrecipes with a minimum of 4.5 stars rating and at least 50 reviews. The recipe should include shrimp and mussels. Provide the ingredients, total time, and an overview of the preparation steps.",scroll down to view additional search results and find a recipe that meets the criteria of 4.5 stars and at least 50 reviews with shrimp and mussels.,"The search results did not yield a seafood paella recipe that meets the specified criteria of 4.5 stars and at least 50 reviews. The closest option, 'Authentic Paella,' has a 4.5-star rating but only 26 ratings. It includes seafood, as seen in the image, but the specific ingredients need to be confirmed by checking the full recipe. Consider refining the search further or examining individual recipe details on the website."
"Search for a seafood paella recipe on Allrecipes with a minimum of 4.5 stars rating and at least 50 reviews. The recipe should include shrimp and mussels. Provide the ingredients, total time, and an overview of the preparation steps.","click on the ""Authentic Paella"" recipe with 26 Ratings to check the full recipe details and see if the ingredients include shrimp and mussels.","The 'Authentic Paella' recipe has a 4.7-star rating from 26 reviews, which does not meet the minimum of 50 reviews specified. However, the image shows shrimp and mussels as ingredients. The total time for the recipe is 1 hour and 45 minutes, with a prep time of 50 minutes and a cook time of 45 minutes. Ingredients are listed below the image but aren't visible in the screenshot. Consider checking if another route can meet the criteria or examine the full ingredients list and preparation steps to see if this still suits your needs."
"Search for a seafood paella recipe on Allrecipes with a minimum of 4.5 stars rating and at least 50 reviews. The recipe should include shrimp and mussels. Provide the ingredients, total time, and an overview of the preparation steps.","go back to the search results page and refine the search query to find a paella recipe that meets the review criteria, ensuring it includes '4.5 stars', '50 reviews', 'shrimp', and 'mussels' in the keywords.","You viewed the 'Authentic Paella' recipe, which has a 4.7-star rating but only 26 reviews. It includes shrimp and mussels as shown in the images, but this does not meet the criteria of at least 50 reviews. The total time is 1 hour and 45 minutes. Ingredients and preparation steps are not fully visible in the screenshot.

Since this recipe does not fully meet the requirements, refining the search as planned or exploring another recipe that fits all criteria might be necessary."
"Search for a seafood paella recipe on Allrecipes with a minimum of 4.5 stars rating and at least 50 reviews. The recipe should include shrimp and mussels. Provide the ingredients, total time, and an overview of the preparation steps.",go back to the search results page and type 'seafood paella 4.5 stars 50 reviews shrimp mussels' into the search bar with placeholder 'Find a recipe or ingredient' to refine the search for a recipe that meets all criteria.,"The refined search did not display any new results meeting the criteria of a seafood paella recipe with at least 4.5 stars and 50 reviews, including shrimp and mussels. The main result remains 'Authentic Paella' with 26 ratings, which does not meet the required number of reviews. Other search results focus on specific topics like shrimp dinners and tapas, not relevant to the criteria."
"Search for a seafood paella recipe on Allrecipes with a minimum of 4.5 stars rating and at least 50 reviews. The recipe should include shrimp and mussels. Provide the ingredients, total time, and an overview of the preparation steps.","scroll down to load and view more search results that might include a seafood paella recipe meeting the criteria of 4.5 stars, 50 reviews, and containing shrimp and mussels.","The current search results do not display a seafood paella recipe meeting the criteria of a 4.5-star rating with at least 50 reviews and containing shrimp and mussels. The visible results pertain to shrimp dinners, shellfish recipes, Spanish tapas, and wine pairings, none of which directly relate to paella. Consider adjusting the search terms or exploring featured collections to find a suitable recipe."
"Search for a seafood paella recipe on Allrecipes with a minimum of 4.5 stars rating and at least 50 reviews. The recipe should include shrimp and mussels. Provide the ingredients, total time, and an overview of the preparation steps.","click on '20 Shrimp and Scallop Recipes for Fancy Dinners' to explore if there is a relevant seafood paella recipe that might meet the criteria, as it may contain similar listings.","Currently viewing the ""20 Shrimp and Scallop Recipes for Fancy Dinners"" page. The initial recipe displayed is ""Cajun Seafood Pasta,"" which isn't relevant to finding a seafood paella. The page focuses on a collection of shrimp and scallop recipes, so it may not include paella recipes. Continued exploration of this collection is unlikely to yield a matching paella recipe.

Consider refining search terms or browsing related recipe collections specifically focused on paella to meet the criteria."
"Search for a seafood paella recipe on Allrecipes with a minimum of 4.5 stars rating and at least 50 reviews. The recipe should include shrimp and mussels. Provide the ingredients, total time, and an overview of the preparation steps.",go back to the previous page to return to the seafood paella search results and attempt a different search strategy to meet the criteria.,"The current screenshot shows themed recipe collections rather than specific seafood paella results. There's no visible recipe matching all criteria: 4.5 stars, 50 reviews, including shrimp and mussels. Current results focus on shrimp dinners, shellfish recipes, and tapas. A more targeted search or filtering by reviews and rating could be helpful to locate the desired recipe."
"Search for a seafood paella recipe on Allrecipes with a minimum of 4.5 stars rating and at least 50 reviews. The recipe should include shrimp and mussels. Provide the ingredients, total time, and an overview of the preparation steps.","scroll up to view additional results or search options, as the current results do not meet the criteria for a seafood paella recipe.","The current search results include ""Authentic Paella"" with 26 ratings and two other ""Seafood Paella"" recipes with only 2 and 5 ratings, respectively. None meet the criteria of at least 4.5 stars and 50 reviews. Other search results are not directly relevant to the task. Further refinement of search terms or exploring other pages may be necessary to find a suitable recipe."
"Search for a seafood paella recipe on Allrecipes with a minimum of 4.5 stars rating and at least 50 reviews. The recipe should include shrimp and mussels. Provide the ingredients, total time, and an overview of the preparation steps.","scroll down to view more search results on the page to see if there is a seafood paella recipe that might meet the criteria of 4.5 stars and at least 50 reviews including shrimp and mussels, as no suitable option is immediately visible.","The current search results page does not show any seafood paella recipes meeting the specified criteria. The results focus on shrimp dinners, scallop recipes, Spanish tapas, and wine pairings, which do not directly relate to the desired recipe. It appears the refined search query still isn't yielding results meeting the requirements of 4.5 stars, at least 50 reviews, and including both shrimp and mussels. Consider exploring different keywords or browsing featured collections on Allrecipes."
"Search for a seafood paella recipe on Allrecipes with a minimum of 4.5 stars rating and at least 50 reviews. The recipe should include shrimp and mussels. Provide the ingredients, total time, and an overview of the preparation steps.",go back to the previous search results page to reconsider the recipes that partially meet the criteria and assess if any can be adapted or if there are similar options that haven't been fully explored yet.,"The current screenshot shows the Allrecipes homepage, primarily featuring holiday recipes and trending articles. It appears you have navigated back to the main page instead of the specific search results for seafood paella. To progress, you may need to perform the search again or access the previous search results to reconsider recipes that partially met the criteria. Adjust your search if necessary to ensure you are assessing relevant options that include shrimp and mussels."
"Search for a seafood paella recipe on Allrecipes with a minimum of 4.5 stars rating and at least 50 reviews. The recipe should include shrimp and mussels. Provide the ingredients, total time, and an overview of the preparation steps.","scroll down to find the search results section that might display more recipes or filters that could help in refining the search for a seafood paella recipe meeting the criteria of 4.5 stars, 50 reviews, shrimp, and mussels.","The current screenshot shows a section focusing on 'Festive Finger Foods' rather than search results for seafood paella. No relevant results for seafood paella recipes with the specified criteria are visible. Nearby, there's a search input labeled 'What would you like to cook?' that can be used to further refine the search. You may need to click on this search area to try different keywords or use the search bar at the top to continue searching specifically for paella recipes."
"Search for a seafood paella recipe on Allrecipes with a minimum of 4.5 stars rating and at least 50 reviews. The recipe should include shrimp and mussels. Provide the ingredients, total time, and an overview of the preparation steps.",type 'paella shrimp mussels 4.5 stars 50 reviews' into the search bar with placeholder 'Find a recipe or ingredient' and press enter to refine the search query further and explore any potential recipes that might meet all specified criteria.,"The refined search returned no results for a seafood paella recipe with 4.5 stars, at least 50 reviews, and containing shrimp and mussels. The current search query may be too specific, leading to no results. Consider broadening the search by checking for highly rated paella recipes in general and then reviewing if they include shrimp and mussels or adjusting the search criteria slightly."
"Search for a seafood paella recipe on Allrecipes with a minimum of 4.5 stars rating and at least 50 reviews. The recipe should include shrimp and mussels. Provide the ingredients, total time, and an overview of the preparation steps.",go back to the previous page with search results and manually check each paella recipe with shrimp and mussels to see if it fits the criteria of at least 4.5 stars and 50 reviews.,"The current page shows a homepage section titled ""Festive Finger Foods,"" with featured recipes such as Baked Brie in Puff Pastry and Grinch Kabobs. There are no visible search results related to paella recipes. To progress with the task, you should return to the search bar and either use the search function again or navigate back to the search results you were examining previously. Ensure you verify each featured paella recipe for stars and review count as you proceed."
"Search for a seafood paella recipe on Allrecipes with a minimum of 4.5 stars rating and at least 50 reviews. The recipe should include shrimp and mussels. Provide the ingredients, total time, and an overview of the preparation steps.",Click the search bar with placeholder 'Find a recipe or ingredient' and type 'seafood paella shrimp and mussels' without specifying ratings or reviews to broaden the search results.,"The search results for 'seafood paella shrimp and mussels' display several recipes, but none meet the criteria of a minimum of 4.5 stars and at least 50 reviews. The displayed results include:

1. **Seafood Paella** - 2 ratings (does not meet the criteria).
2. **Authentic Seafood Paella** - 15 ratings (does not meet the criteria).
3. **Seafood Paella** - 5 ratings (does not meet the criteria).
4. **Authentic Paella** - 26 ratings (does not meet the criteria).

None of these options fulfill the requirements, as they have fewer than the required 50 reviews. Consider checking other recipe sites or broaden the search to focus on highly-rated paella recipes in general."
"Search for a seafood paella recipe on Allrecipes with a minimum of 4.5 stars rating and at least 50 reviews. The recipe should include shrimp and mussels. Provide the ingredients, total time, and an overview of the preparation steps.",click on the 'Authentic Seafood Paella' recipe with 15 ratings to check the full recipe details and see if it meets more of the criteria regarding ingredients and preparation steps.,"The current screenshot shows a page titled 'Festive Finger Foods', highlighting various appetizer recipes. It does not display information regarding the 'Authentic Seafood Paella' recipe you intended to explore. No details about ingredients, total time, or preparation steps for the paella are available. You might need to return to the search page or use the search function to locate the recipe you were interested in."
"Search for a seafood paella recipe on Allrecipes with a minimum of 4.5 stars rating and at least 50 reviews. The recipe should include shrimp and mussels. Provide the ingredients, total time, and an overview of the preparation steps.",type 'seafood paella shrimp mussels 4.5 stars 50 reviews' into the search bar with placeholder 'Find a recipe or ingredient' to conduct a broader search for recipes meeting all criteria.,"The refined search query did not return any results meeting the criteria of a seafood paella recipe with a 4.5-star rating, at least 50 reviews, shrimp, and mussels. The message ""0 results found for your search"" indicates that no suitable recipes are available with the current search parameters. Consider simplifying the search terms or manually browsing through seafood paella recipes to find one that closely matches the criteria."
"Search for a seafood paella recipe on Allrecipes with a minimum of 4.5 stars rating and at least 50 reviews. The recipe should include shrimp and mussels. Provide the ingredients, total time, and an overview of the preparation steps.",type 'seafood paella shrimp mussels' into the search bar with placeholder 'Find a recipe or ingredient' and press enter to broaden the search again and potentially find recipes that meet more of the specified criteria.,"The current search results on Allrecipes for 'seafood paella shrimp mussels' include several recipes, but none meet the criteria of having at least 4.5 stars with 50 reviews. Most recipes have fewer reviews, such as 'Authentic Paella' with 26 ratings and 'Authentic Seafood Paella' with 15 ratings. You may need to further adjust the search terms or explore broader sections to find a recipe that fits all specified criteria."
"Search for a seafood paella recipe on Allrecipes with a minimum of 4.5 stars rating and at least 50 reviews. The recipe should include shrimp and mussels. Provide the ingredients, total time, and an overview of the preparation steps.",scroll down to explore more recipes that might meet the criteria since the current visible options do not fit the requirement of having at least 50 reviews.,The current search results still do not show a seafood paella recipe with a 4.5-star rating and at least 50 reviews that includes shrimp and mussels. The visible recipes include 'Authentic Paella' with 26 ratings and other unrelated topics like shrimp dinners and tapas. None of these meet the specified criteria. Consider adjusting search terms again or checking popular or highest-rated collections for suitable options.
"Search for a seafood paella recipe on Allrecipes with a minimum of 4.5 stars rating and at least 50 reviews. The recipe should include shrimp and mussels. Provide the ingredients, total time, and an overview of the preparation steps.",scroll down to check if there are additional recipes beyond the current view that might meet the criteria of at least 4.5 stars and 50 reviews including shrimp and mussels.,"The current view still does not display any suitable seafood paella recipe meeting the criteria of at least 4.5 stars and 50 reviews with shrimp and mussels. The visible results are related to shrimp dinners, tapas, and Spanish wine pairings, which are not relevant to the specific search for paella. It seems necessary to adjust the search terms or explore different recipe collections that might more closely align with the criteria."
"Search for a seafood paella recipe on Allrecipes with a minimum of 4.5 stars rating and at least 50 reviews. The recipe should include shrimp and mussels. Provide the ingredients, total time, and an overview of the preparation steps.",scroll up to view more search results and find a recipe that meets the criteria of 4.5 stars and at least 50 reviews with shrimp and mussels.,"The current search results do not include a seafood paella recipe that meets the criteria of at least 4.5 stars and 50 reviews, including shrimp and mussels. The highest-rated visible result is 'Authentic Paella' with 26 ratings, still not meeting the required review count. Continuing to search, try different keywords or explore other collections might be necessary."
"Search for a seafood paella recipe on Allrecipes with a minimum of 4.5 stars rating and at least 50 reviews. The recipe should include shrimp and mussels. Provide the ingredients, total time, and an overview of the preparation steps.","click on the ""Seafood Paella"" with 5 Ratings to check its full details and verify if it includes shrimp and mussels, and review its ratings to see if it might have increased or offers more insights.","The 'Seafood Paella' recipe you selected has a 4.6-star rating but only 4 reviews, which does not meet the requirement of at least 50 reviews. It includes mussels, as seen in the image, but further details like the presence of shrimp aren't visible in the current screenshot. The total time to prepare this dish is 45 minutes, with a prep time of 20 minutes and cook time of 25 minutes. Ingredients and preparation steps are not fully visible in the screenshot. It may be necessary to explore other recipes or refine search strategies to meet all specified criteria."
"Search for a seafood paella recipe on Allrecipes with a minimum of 4.5 stars rating and at least 50 reviews. The recipe should include shrimp and mussels. Provide the ingredients, total time, and an overview of the preparation steps.","scroll down to view the full ingredients list and preparation steps for the 'Seafood Paella' recipe to confirm the presence of shrimp and mussels, and to collect the required details.","The 'Seafood Paella' recipe includes shrimp and mussels in the ingredients list:

**Ingredients:**
- 20 mussels, cleaned and debearded
- 10 large shrimp
- 2 large squid, cleaned and sliced into rings
- 2 tablespoons olive oil
- 2 pounds boneless, skinless chicken pieces cut into chunks
- 3 cloves garlic, chopped
- 1 red bell pepper, sliced
- 2 tomatoes, cubed
- 3 cups long-grain white rice
- 1 pinch saffron
- 1 teaspoon paprika
- 1 cup green peas

**Total Time:** 45 minutes

**Overview of Preparation Steps:**
1. Boil the mussels, then the shrimp and squid in salted water, reserving the liquid.
2. Cook chicken with garlic, bell pepper, and tomatoes in a pan.
3. Add rice, reserved cooking liquid, and seasonings, cooking until rice is tender.
4. Combine with seafood and peas, simmering to finish. 

While this recipe fits the ingredient criteria, it does not meet the review criteria of at least 50 reviews as specified."