task,user_action,observation
"Search for a high-protein vegetarian chili recipe on Allrecipes that has at least 50 reviews and a rating of 4 stars or higher. Provide the ingredient list, cooking time, and a brief description of the cooking steps.",Going to https://www.allrecipes.com/,Went to https://www.allrecipes.com/
"Search for a high-protein vegetarian chili recipe on Allrecipes that has at least 50 reviews and a rating of 4 stars or higher. Provide the ingredient list, cooking time, and a brief description of the cooking steps.",type 'high-protein vegetarian chili recipe' into the search bar with the placeholder 'Find a recipe or ingredient' and press Enter to search for recipes.,"The search returned several results, but none align exactly with the criteria. The 'Instant Pot Protein-Packed Vegetarian Chili' is visible, but it only has 3 ratings. 'Heddy's Black and Red Bean Soup' has 49 ratings and 4.5 stars, close to the criteria but not exactly a chili. You'll need to scroll further or refine the search to find a recipe with at least 50 reviews and a 4-star rating or higher."
"Search for a high-protein vegetarian chili recipe on Allrecipes that has at least 50 reviews and a rating of 4 stars or higher. Provide the ingredient list, cooking time, and a brief description of the cooking steps.",scroll down to view more recipes and identify a high-protein vegetarian chili with at least 50 reviews and a rating of 4 stars or higher. Look for additional recipe listings below the current view to find an option meeting the criteria.,The current search results still do not display a recipe that meets the criteria of being a high-protein vegetarian chili with at least 50 reviews and a 4-star rating or higher. The options visible include soups and non-chili recipes. You may need to further refine the search or continue scrolling to locate a suitable recipe.
"Search for a high-protein vegetarian chili recipe on Allrecipes that has at least 50 reviews and a rating of 4 stars or higher. Provide the ingredient list, cooking time, and a brief description of the cooking steps.",scroll down further to continue browsing for a high-protein vegetarian chili recipe with at least 50 reviews and a 4-star rating or higher. Current view mostly shows soups and bean-related recipes.,"The current search results primarily show recipes unrelated to high-protein vegetarian chili, such as soups, eggplant dishes, and taco skillet recipes. None of the options visible have at least 50 reviews and a 4-star rating or higher for a high-protein vegetarian chili. Consider refining the search terms or exploring specific categories or filters on the website to better locate a recipe that meets the criteria."
"Search for a high-protein vegetarian chili recipe on Allrecipes that has at least 50 reviews and a rating of 4 stars or higher. Provide the ingredient list, cooking time, and a brief description of the cooking steps.","click the search icon next to the search bar with the placeholder 'high-protein vegetarian chili recipe' to refine the search by adding more relevant terms or using filters, focusing on high-protein and chili to better align with the task criteria.",The current screenshot shows a page about 'The 5 Best Canned Soups To Buy at Costco' and is unrelated to the task of finding a high-protein vegetarian chili recipe on Allrecipes. The search did not lead to the desired type of recipe page. You will need to navigate back to the search results and try refining the search terms or using filters to better locate a suitable chili recipe that meets the criteria.
"Search for a high-protein vegetarian chili recipe on Allrecipes that has at least 50 reviews and a rating of 4 stars or higher. Provide the ingredient list, cooking time, and a brief description of the cooking steps.",click on the browser's back button to return to the previous search results page on Allrecipes. This action is needed to retry refining the search for a high-protein vegetarian chili recipe that meets the given criteria.,"The current page on Allrecipes is displaying a variety of article collections and not specific search results for high-protein vegetarian chili. The content shown includes lists of soup recipes and other themed recipe collections, which do not directly aid in fulfilling the task criteria. You should navigate back to the search results page or refine the search terms to find recipes specifically fitting the criteria of a high-protein vegetarian chili with at least 50 reviews and a 4-star rating or higher."
"Search for a high-protein vegetarian chili recipe on Allrecipes that has at least 50 reviews and a rating of 4 stars or higher. Provide the ingredient list, cooking time, and a brief description of the cooking steps.",click the search bar with the placeholder 'high-protein vegetarian chili recipe' and clear the text. Type 'vegetarian chili with 50 reviews 4 stars' and press Enter to refine search results to better match task criteria.,"The current search results do not show any listings related to high-protein vegetarian chili recipes. Instead, it displays various articles and collections, such as lunch ideas, snacks for the Super Bowl, and other unrelated topics. This suggests that the search terms might be too specific or not optimized for finding recipe listings on Allrecipes. You'll need to adjust the search terms or use filters to better target vegetarian chili recipes with the specified criteria—at least 50 reviews and a 4-star rating or higher."
"Search for a high-protein vegetarian chili recipe on Allrecipes that has at least 50 reviews and a rating of 4 stars or higher. Provide the ingredient list, cooking time, and a brief description of the cooking steps.",click on the search bar with the placeholder 'Find a recipe or ingredient' and type 'high-protein vegetarian chili' to refine the search focusing on key criteria.,"The search results page is currently showing various recipe collections and specific recipes like 'Instant Pot Protein-Packed Vegetarian Chili,' which has only 3 ratings, and 'Heddy's Black and Red Bean Soup,' which isn't a chili but has 49 ratings and 4.5 stars. None of the visible options meet the criteria of being a high-protein vegetarian chili with at least 50 reviews and a 4-star rating or higher. There is a need to either continue searching through more results or refine the search further."
"Search for a high-protein vegetarian chili recipe on Allrecipes that has at least 50 reviews and a rating of 4 stars or higher. Provide the ingredient list, cooking time, and a brief description of the cooking steps.","click on '10 Quick and Easy Chili Recipes Ready in 30 Minutes or Less' to explore more chili options, as the current search doesn't yield a high-protein vegetarian chili with sufficient reviews and ratings meeting the criteria.","The page you navigated to titled ""10 Quick and Easy Chili Recipes Ready in 30 Minutes or Less"" offers general chili cooking tips rather than specific recipe listings. It doesn't contain the detailed recipes or reviews needed to find a high-protein vegetarian chili with at least 50 reviews and a 4-star rating or higher. You'll need to navigate back to a more general recipe search or try using specific filters on the Allrecipes website to locate potential recipe options that fulfill the criteria."
"Search for a high-protein vegetarian chili recipe on Allrecipes that has at least 50 reviews and a rating of 4 stars or higher. Provide the ingredient list, cooking time, and a brief description of the cooking steps.",click on the Allrecipes logo at the top left to go back to the main page and re-access the search functionality. This will help get back on track to find a high-protein vegetarian chili recipe with the required criteria.,"You are back on the Allrecipes main page with access to the search functionality. You can attempt a new search using terms like 'vegetarian chili' along with 'high protein' to refine the search. Consider using filters for ratings and review counts, if available, to directly find recipes that meet the criteria of having at least 50 reviews and a 4-star rating or higher."
"Search for a high-protein vegetarian chili recipe on Allrecipes that has at least 50 reviews and a rating of 4 stars or higher. Provide the ingredient list, cooking time, and a brief description of the cooking steps.",type 'vegetarian chili with at least 50 reviews and 4 stars' into the search bar with the placeholder 'Find a recipe or ingredient' and press Enter to refine the recipe search.,"The search results are still not displaying any specific high-protein vegetarian chili recipes. Instead, the page shows unrelated articles such as snacks for the Super Bowl and podcast discussions. The search terms might be too complex or not optimized for Allrecipes. Consider simplifying the search terms to ""vegetarian chili"" or using filters to narrow down by rating and reviews, if available on the site, to better find a recipe that fits the criteria."
"Search for a high-protein vegetarian chili recipe on Allrecipes that has at least 50 reviews and a rating of 4 stars or higher. Provide the ingredient list, cooking time, and a brief description of the cooking steps.",click the search bar with the placeholder 'vegetarian chili with at least 50 reviews and 4 stars' and type 'high-protein vegetarian chili' to refine the search to be more relevant to the task criteria.,"The search results for 'high-protein vegetarian chili' on Allrecipes display several general recipe collections and articles but do not show a specific chili recipe that meets the criteria of at least 50 reviews and a 4-star rating or higher. The visible 'Instant Pot Protein-Packed Vegetarian Chili' only has 3 ratings. There is no relevant recipe that fits the task criteria in the current view. Consider using more specific or different search terms, or applying filters to better find a suitable recipe."
"Search for a high-protein vegetarian chili recipe on Allrecipes that has at least 50 reviews and a rating of 4 stars or higher. Provide the ingredient list, cooking time, and a brief description of the cooking steps.","scroll further down the page to view more recipe results, ensuring that you cover more options beyond the current view, as the visible recipes do not meet the criteria of at least 50 reviews and a 4-star rating for a high-protein vegetarian chili.","The current page displays a mix of articles and unrelated recipe categories such as soups, tofu, and beans. None of the recipes visible in this view fit the criteria of a high-protein vegetarian chili with at least 50 reviews and a 4-star rating or higher. Consider adjusting your search terms or utilizing specific filters for vegetarian, chili, or high-protein recipes to narrow down the results effectively. Scrolling further or checking the 'Chili Recipes' category may also help locate a suitable recipe."
"Search for a high-protein vegetarian chili recipe on Allrecipes that has at least 50 reviews and a rating of 4 stars or higher. Provide the ingredient list, cooking time, and a brief description of the cooking steps.","click the search icon next to the search bar to use filters for refining the search, focusing on terms like 'vegetarian chili' and selecting filters to sort results by popularity and high ratings to find recipes that meet the criteria of at least 50 reviews and 4 stars or higher.","The current page is displaying a recipe for 'Turkey Taco Soup' rather than a vegetarian chili recipe. This recipe has 80 reviews and a 4.8-star rating, but it doesn't align with the task of finding a high-protein vegetarian chili recipe. You may need to refine the search again, focusing on vegetarian chili, and using filters for review count and rating to better match the criteria."
"Search for a high-protein vegetarian chili recipe on Allrecipes that has at least 50 reviews and a rating of 4 stars or higher. Provide the ingredient list, cooking time, and a brief description of the cooking steps.","click the search bar with the placeholder 'Find a recipe or ingredient', clear the current text, and type 'vegetarian chili 50 reviews 4 stars' to refine the search to better align with the task criteria.","The search led to a recipe page for 'Turkey Taco Soup,' which does not match the criteria for a high-protein vegetarian chili. It has 80 reviews and a 4.8-star rating, but as it's not vegetarian or a chili, it doesn't fit the task requirements. You need to go back and adjust your search parameters, possibly specifying 'vegetarian chili' and applying ratings and review count filters if available."
"Search for a high-protein vegetarian chili recipe on Allrecipes that has at least 50 reviews and a rating of 4 stars or higher. Provide the ingredient list, cooking time, and a brief description of the cooking steps.","go back to return to the previous page with search results, as the current Turkey Taco Soup page does not meet the criteria for a high-protein vegetarian chili recipe with at least 50 reviews and a 4-star rating or higher.","The current page shows a Turkey Taco Soup recipe, which does not meet the criteria of a high-protein vegetarian chili with at least 50 reviews and a 4-star rating or higher. To proceed, you should navigate back to return to the search results page on Allrecipes and continue refining the search to find a recipe that matches your specific criteria. Consider using keywords like 'vegetarian chili' and applying filters for ratings and review count for better results."
"Search for a high-protein vegetarian chili recipe on Allrecipes that has at least 50 reviews and a rating of 4 stars or higher. Provide the ingredient list, cooking time, and a brief description of the cooking steps.","click the search bar with the placeholder 'Find a recipe or ingredient', type 'vegetarian chili high-protein 4 stars 50 reviews', and press Enter to refine the search. This should help locate a recipe aligning with the criteria.","The current search results do not display any recipes matching the criteria for a high-protein vegetarian chili on Allrecipes. Instead, the page features a podcast episode unrelated to the task. The search terms may need adjustment to better target relevant recipes.

**Suggestions:**
- Try simplifying the search to ""vegetarian chili high-protein"" or ""vegetarian chili"" and use filters to sort by rating and number of reviews.
- Consider navigating to a specific recipe category or using advanced search options, if available on the site."
"Search for a high-protein vegetarian chili recipe on Allrecipes that has at least 50 reviews and a rating of 4 stars or higher. Provide the ingredient list, cooking time, and a brief description of the cooking steps.",click the search bar with the placeholder 'vegetarian chili high-protein 4 stars 50 reviews' to refine the search query. Remove extra words and type 'vegetarian chili high-protein' to find matching recipes meeting the criteria.,"The refined search for 'vegetarian chili high-protein' did not yield any recipes that meet the specified criteria of having at least 50 reviews and a 4-star rating or higher. The visible options still include the 'Instant Pot Protein-Packed Vegetarian Chili' with only 3 ratings and other unrelated recipes. Consider using additional filters available on Allrecipes, such as sorting by rating or number of reviews, to potentially find a more suitable match. Alternatively, exploring specific categories for vegetarian dishes may help narrow down the results."
"Search for a high-protein vegetarian chili recipe on Allrecipes that has at least 50 reviews and a rating of 4 stars or higher. Provide the ingredient list, cooking time, and a brief description of the cooking steps.",type 'high-protein vegetarian chili with 50 reviews and 4 stars' into the search bar with the placeholder 'vegetarian chili high-protein' and press Enter to refine the search results more precisely towards the task criteria.,"The search results did not display any recipes related to 'high-protein vegetarian chili with 50 reviews and 4 stars.' Currently, the page shows content about podcasts, which is unrelated to the search criteria. You'll need to return to the search bar, adjust the query to make it less specific, or explore using filters like ratings and reviews to help locate a suitable vegetarian chili recipe."
"Search for a high-protein vegetarian chili recipe on Allrecipes that has at least 50 reviews and a rating of 4 stars or higher. Provide the ingredient list, cooking time, and a brief description of the cooking steps.",type 'high-protein vegetarian chili' into the search bar with the placeholder 'Find a recipe or ingredient' to narrow down the search results and avoid unrelated results like podcasts and articles.,"The search results show several recipes, but none meet the specific criteria of a high-protein vegetarian chili with at least 50 reviews and a 4-star rating or higher. Visible options include 'Instant Pot Protein-Packed Vegetarian Chili' with only 3 ratings and 'Heddy's Black and Red Bean Soup' with 49 ratings, close but not a chili recipe. You'll need to further refine the search or continue scrolling to find a recipe that meets the criteria."
"Search for a high-protein vegetarian chili recipe on Allrecipes that has at least 50 reviews and a rating of 4 stars or higher. Provide the ingredient list, cooking time, and a brief description of the cooking steps.","click on the 'Chili Recipes' category under the '10 Quick and Easy Chili Recipes Ready in 30 Minutes or Less' to explore a curated list of chili recipes, potentially leading to a high-protein vegetarian option with the required reviews and ratings.","The current page displays an article titled '10 Quick and Easy Chili Recipes Ready in 30 Minutes or Less.' It includes tips for prepping and serving chili but doesn't list specific recipes or review information. This page does not directly help in identifying a high-protein vegetarian chili recipe with the required reviews and rating. To progress, you should either continue navigating through this list for potential recipes or return to Allrecipes' main recipe search page to apply specific filters or search terms that better match the criteria."
"Search for a high-protein vegetarian chili recipe on Allrecipes that has at least 50 reviews and a rating of 4 stars or higher. Provide the ingredient list, cooking time, and a brief description of the cooking steps.",click the search bar with the placeholder 'Find a recipe or ingredient' and type 'vegetarian chili with 50 reviews and 4 stars' to refine the search to meet the specific criteria.,"The search results are not displaying relevant recipes for 'vegetarian chili with 50 reviews and 4 stars.' Instead, the page shows articles and collections like lunch ideas, snacks for the Super Bowl, and podcasts. It appears that the search terms are not effectively targeting the desired recipe results.

To improve accuracy, consider simplifying the search terms to 'vegetarian chili' and using the website's filter options for ratings and review counts. This approach may better align the results with the task criteria."
"Search for a high-protein vegetarian chili recipe on Allrecipes that has at least 50 reviews and a rating of 4 stars or higher. Provide the ingredient list, cooking time, and a brief description of the cooking steps.","click the search bar with the text 'vegetarian chili with 50 reviews and 4 stars' and type 'high-protein vegetarian chili' to refine your search specifically for high-protein chili recipes without specifying review counts, to find suitable options.","The current search results for 'high-protein vegetarian chili' do not include any recipes meeting the criteria of having at least 50 reviews and a 4-star rating or higher. Notable results include 'Instant Pot Protein-Packed Vegetarian Chili' with only 3 ratings and 'Heddy's Black and Red Bean Soup' with 49 ratings and 4.5 stars, which is not a chili. To find a suitable recipe, consider browsing through more pages, adjusting search terms, or applying filters based on reviews and ratings on the Allrecipes site."
"Search for a high-protein vegetarian chili recipe on Allrecipes that has at least 50 reviews and a rating of 4 stars or higher. Provide the ingredient list, cooking time, and a brief description of the cooking steps.","scroll down to view more recipes, focusing on locating a high-protein vegetarian chili with at least 50 reviews and a 4-star rating or higher, as the current visible results do not meet the criteria.","The current screenshot from Allrecipes still does not display a high-protein vegetarian chili recipe that meets the criteria of having at least 50 reviews and a 4-star rating or higher. The visible recipes include soups and food-related articles that do not fit the task requirements. 

Consider refining your search terms again or using specific filters to target vegetarian chili recipes, ensuring they meet the review and rating criteria. You may want to consider using keywords such as ""vegetarian chili, high protein, 50 reviews, 4 stars"" to improve search results."