task,user_action,observation
Find a recipe for a low-carb breakfast on Allrecipes with at least 25 reviews. Show the Nutrition Facts and the total carbohydrate content per serving.,Going to https://www.allrecipes.com/,Went to https://www.allrecipes.com/
Find a recipe for a low-carb breakfast on Allrecipes with at least 25 reviews. Show the Nutrition Facts and the total carbohydrate content per serving.,type 'low-carb breakfast' into the search bar with placeholder 'Find a recipe or ingredient' and hit enter to find relevant recipes.,"Several low-carb breakfast recipes are displayed. ""Low-Carb Bacon Spinach Egg Cups"" and ""Creamy Cottage Cheese Scrambled Eggs"" both have over 25 reviews. Click on one of these recipes to view the Nutrition Facts and total carbohydrate content per serving."
Find a recipe for a low-carb breakfast on Allrecipes with at least 25 reviews. Show the Nutrition Facts and the total carbohydrate content per serving.,click on the 'Low-Carb Bacon Spinach Egg Cups' recipe with 122 Ratings to view the Nutrition Facts and the total carbohydrate content per serving.,"You've navigated to the 'Low-Carb Bacon Spinach Egg Cups' recipe, which has a high rating of 4.8 from 122 reviews. The page includes preparation and cook times, along with photos of the dish. To find the Nutrition Facts and total carbohydrate content per serving, you will need to scroll down the page or find a link or section titled 'Nutrition Facts.' Currently, these details aren't visible in the provided screenshot."
Find a recipe for a low-carb breakfast on Allrecipes with at least 25 reviews. Show the Nutrition Facts and the total carbohydrate content per serving.,scroll down to find the 'Nutrition Facts' section for the Low-Carb Bacon Spinach Egg Cups recipe to view the total carbohydrate content per serving.,"The screenshot shows part of the 'Low-Carb Bacon Spinach Egg Cups' recipe, including ingredients and prep details. There's a 'Jump to Nutrition Facts' link, indicating that the Nutrition Facts section is further down the page. You need to click this link or scroll further to find the carbohydrate content per serving."
Find a recipe for a low-carb breakfast on Allrecipes with at least 25 reviews. Show the Nutrition Facts and the total carbohydrate content per serving.,click on the 'Jump to Nutrition Facts' link to quickly access the Nutrition Facts section and view the total carbohydrate content per serving.,"The Nutrition Facts for the 'Low-Carb Bacon Spinach Egg Cups' recipe are visible. Each serving contains 237 calories, 18g of fat, 17g of protein, and 4g of carbohydrates. This fulfills the task requirement to find a low-carb breakfast recipe with the carbohydrate content displayed."
Find a recipe for a low-carb breakfast on Allrecipes with at least 25 reviews. Show the Nutrition Facts and the total carbohydrate content per serving.,Summarizing last observations,"The most recent observations show that the ""Low-Carb Bacon Spinach Egg Cups"" recipe on Allrecipes has 122 reviews with a high rating of 4.8 out of 5. The Nutrition Facts section reveals that each serving contains 237 calories, 18g of fat, 17g of protein, and 4g of carbohydrates, meeting the low-carb requirement. For a complete history of the task, please refer to the previous steps."