task,user_action,observation
Search for a vegetarian lasagna recipe that has at least a four-star rating and over 500 reviews.,Going to https://www.allrecipes.com/,Went to https://www.allrecipes.com/
Search for a vegetarian lasagna recipe that has at least a four-star rating and over 500 reviews.,"type ""vegetarian lasagna"" into the search bar with the placeholder text 'Find a recipe or ingredient' and press enter to search for recipes.","The search results for ""vegetarian lasagna"" have been loaded. Several recipes are displayed, but none of the visible options meet your criteria of having at least a four-star rating and over 500 reviews. Most recipes have fewer ratings, with the highest visible one having 243 ratings."
Search for a vegetarian lasagna recipe that has at least a four-star rating and over 500 reviews.,"scroll down to load more recipes and find one with at least a four-star rating and over 500 reviews, as none of the current options meet these criteria.","After scrolling, you still haven't found a vegetarian lasagna recipe with over 500 reviews. The highest rating visible is 243 reviews for 'Vegetarian Four Cheese Lasagna', but it doesn't meet the criteria of 500 reviews. You may need to continue searching or try a different strategy to find a more popular recipe."
Search for a vegetarian lasagna recipe that has at least a four-star rating and over 500 reviews.,"scroll down further to load more recipes in hopes of finding one with at least a four-star rating and over 500 reviews, as the currently visible options still do not meet these criteria.",You have scrolled down but still haven't found a vegetarian lasagna recipe with at least four stars and over 500 reviews. The visible recipes include 'Black Bean Lasagna' with 126 ratings and 'Debbie's Vegetable Lasagna' with 20 ratings. None of the options meet your criteria. Consider trying additional filters or searching for a different keyword to refine the results further.
Search for a vegetarian lasagna recipe that has at least a four-star rating and over 500 reviews.,"scroll further down the page to continue loading more recipes until one with at least a four-star rating and over 500 reviews is visible, since current options do not meet these criteria.","After scrolling further, you still have not found a vegetarian lasagna recipe that meets the criteria of at least four stars and over 500 reviews. The visible recipes have a low number of ratings, such as 5 and 10 ratings. You may want to try using search filters or refine your keywords to better target recipes with a higher number of reviews."
Search for a vegetarian lasagna recipe that has at least a four-star rating and over 500 reviews.,"click the search filters icon, typically represented by sliders, to apply filters that will sort recipes by review count and rating.","The current screen displays several vegetarian lasagna options, but none meet the criteria of at least a four-star rating and over 500 reviews. Recipes shown include those with ratings like 5 and 10, which are below the required number of reviews. Consider applying specific filters to sort by rating and review count to improve search effectiveness."
Search for a vegetarian lasagna recipe that has at least a four-star rating and over 500 reviews.,"click the search filters icon depicted by sliders to sort recipes by rating and reviews, to better find one with over 500 reviews and at least four stars.","You have navigated to a page displaying TRUSTe Certified Privacy information for Allrecipes, rather than filter options for recipes. This means your last action did not reach the intended filter settings for sorting recipes by rating and reviews. You should return to the recipe page and locate the correct filter options to continue your search effectively."
Search for a vegetarian lasagna recipe that has at least a four-star rating and over 500 reviews.,"click the back button in the browser to return to the search results page, as you have navigated away to a privacy policy page and need to go back to apply filters or adjust the search to find recipes meeting the criteria.","You have returned to the main search page for vegetarian lasagna. The recipes displayed do not appear to have the necessary four-star rating and over 500 reviews. The option to apply filters is not immediately visible on this screen. Consider checking the top or sidebar of the page for sorting or filtering options that can help refine your search to meet the specific criteria. Alternatively, try a different keyword or search phrase for more precise results."