task,user_action,observation
Search for a Greek salad recipe on Allrecipes that has a prep time of under 25 minutes and more than 15 reviews. Include the primary cheese used and the type of dressing recommended.,Going to https://www.allrecipes.com/,Went to https://www.allrecipes.com/
Search for a Greek salad recipe on Allrecipes that has a prep time of under 25 minutes and more than 15 reviews. Include the primary cheese used and the type of dressing recommended.,type 'Greek salad recipe' in the search bar with the placeholder 'Find a recipe or ingredient' and press enter to start looking for recipes.,"The search results display several Greek salad recipes. Some examples with over 15 reviews include ""Greek Salad"" with 268 ratings, ""My Big Fat Greek Salad"" with 122 ratings, and ""Easy Greek Salad"" with 681 ratings. To find a recipe with a prep time under 25 minutes and specific cheese and dressing details, click on one of these options to view the complete recipe details."
Search for a Greek salad recipe on Allrecipes that has a prep time of under 25 minutes and more than 15 reviews. Include the primary cheese used and the type of dressing recommended.,"click the 'Greek Salad' recipe with 268 ratings to view the details and check for prep time, cheese, and dressing information.","You've clicked on the 'Greek Salad' recipe with 268 ratings. However, the screenshot currently shows the search results page and not the detailed recipe, so specific information about prep time, cheese, and dressing is not visible here. You may need to click on the recipe title again to access detailed information and confirm if it meets the criteria of under 25 minutes prep time."
Search for a Greek salad recipe on Allrecipes that has a prep time of under 25 minutes and more than 15 reviews. Include the primary cheese used and the type of dressing recommended.,"click the ""Greek Salad"" recipe with 268 Ratings to view the detailed recipe information and verify the prep time, primary cheese, and dressing type.","The current screenshot still shows the search results page with various Greek salad recipes. You haven't yet accessed the detailed information for the 'Greek Salad' recipe with 268 ratings. Click on the recipe title to view the full details on prep time, primary cheese, and dressing. If the initial click did not register, try clicking the recipe title again to navigate to the detailed page."
Search for a Greek salad recipe on Allrecipes that has a prep time of under 25 minutes and more than 15 reviews. Include the primary cheese used and the type of dressing recommended.,"click on the 'Greek Salad' recipe with 268 Ratings to access the detailed information about prep time, primary cheese, and dressing type.","You are now viewing the detailed page for the 'Greek Salad' recipe. The prep time is 20 minutes, fitting your requirement for under 25 minutes. The primary cheese used in this salad is feta, as mentioned in the description. The dressing is described as 'nice and tangy,' but specific ingredients for the dressing are not detailed in this section. Scroll further or check the full recipe for more information on the dressing ingredients."
Search for a Greek salad recipe on Allrecipes that has a prep time of under 25 minutes and more than 15 reviews. Include the primary cheese used and the type of dressing recommended.,scroll down to view the full list of ingredients and dressing details in the recipe section.,"You are viewing the full recipe details for the Greek salad. The primary cheese used is feta. The dressing is made from olive oil, juiced lemon, dried oregano, and ground black pepper. This confirms that the recipe fits the requirements with a prep time of under 25 minutes and more than 15 reviews."
Search for a Greek salad recipe on Allrecipes that has a prep time of under 25 minutes and more than 15 reviews. Include the primary cheese used and the type of dressing recommended.,Summarizing last observations,"The most recent observations confirm that the selected ""Greek Salad"" recipe from Allrecipes fits the specified criteria. The recipe has a prep time of 20 minutes and includes feta as the primary cheese. The recommended dressing is made from olive oil, lemon juice, dried oregano, and ground black pepper. This information aligns with the task goal, matching the conditions of having more than 15 reviews and a prep time under 25 minutes. For full details and context, refer to the complete task history."