task,user_action,observation
Find the Easy Vegetarian Spinach Lasagna recipe on Allrecipes and tell me what the latest review says.,Going to https://www.allrecipes.com/,Went to https://www.allrecipes.com/
Find the Easy Vegetarian Spinach Lasagna recipe on Allrecipes and tell me what the latest review says.,type in the search bar with the placeholder 'Find a recipe or ingredient' and enter 'Easy Vegetarian Spinach Lasagna' to locate the recipe.,"The search on Allrecipes was successful, and the ""Easy Vegetarian Spinach Lasagna"" recipe is visible in the search results with 111 ratings. To find the latest review, you need to click on the recipe to view its details and scroll to the reviews section."
Find the Easy Vegetarian Spinach Lasagna recipe on Allrecipes and tell me what the latest review says.,click on the 'Easy Vegetarian Spinach Lasagna' recipe image or title to view the latest review in the details section.,"You successfully navigated to the ""Easy Vegetarian Spinach Lasagna"" recipe page. To view the latest review, you need to scroll down to the reviews section, which is not visible in the current screenshot. Please scroll down to access the reviews."
Find the Easy Vegetarian Spinach Lasagna recipe on Allrecipes and tell me what the latest review says.,scroll down to view the reviews section and access the latest review.,"You have scrolled to the ingredients and start of the directions section, but the reviews section is still not visible. Please continue scrolling down to reach the reviews to find the latest comment."
Find the Easy Vegetarian Spinach Lasagna recipe on Allrecipes and tell me what the latest review says.,"scroll down further to access the reviews section, which contains the latest user comments on the recipe.","You have reached the directions section of the recipe, but the reviews are still not visible. Continue scrolling to find the reviews section where the latest review will be displayed."
Find the Easy Vegetarian Spinach Lasagna recipe on Allrecipes and tell me what the latest review says.,scroll down to reach the reviews section located below the 'Directions' section to find the latest review for the recipe.,"You have successfully reached the reviews section for the 'Easy Vegetarian Spinach Lasagna' recipe on Allrecipes. The latest review would be just below the section header. If it's not visible on the current screenshot, you may need to scroll slightly further down to read the latest review details."
Find the Easy Vegetarian Spinach Lasagna recipe on Allrecipes and tell me what the latest review says.,scroll down slightly to view the latest review just below the 'Reviews (91)' section header.,"You have reached the reviews section for the 'Easy Vegetarian Spinach Lasagna' recipe. However, the latest review is not visible in the current screenshot. You can see the most helpful positive review from ""linda2d"" dated 12/10/2012, which discusses making the dish for a recipe group and using a 9x9 dish. To find the latest review, you'll need to scroll down slightly further as the current view shows the top of the reviews section."
Find the Easy Vegetarian Spinach Lasagna recipe on Allrecipes and tell me what the latest review says.,"scroll down slightly to view the latest review, which should be just below the 'Most helpful positive review' section.","You have successfully scrolled down to view the latest review for the 'Easy Vegetarian Spinach Lasagna' recipe. The latest review is by 'JRB' dated 03/14/2024. It says: ""It's great, you can add a lot more such as bell peppers, I use TVP. Texture vegetable protein. It's very cheap and healthy, I wonder if you can buy protein lasagna noodles? Probably by now. You do you.xoxo."""
Find the Easy Vegetarian Spinach Lasagna recipe on Allrecipes and tell me what the latest review says.,Summarizing last observations,"The most recent observations reveal that the latest review for the ""Easy Vegetarian Spinach Lasagna"" recipe on Allrecipes is by 'JRB' dated 03/14/2024. The review states: ""It's great, you can add a lot more such as bell peppers, I use TVP. Texture vegetable protein. It's very cheap and healthy, I wonder if you can buy protein lasagna noodles? Probably by now. You do you.xoxo.""

For full context and details on prior actions, please refer to the complete task history."