task,user_action,observation
"Locate a chicken curry recipe on Allrecipes that has been reviewed more than 30 times and has a rating of at least 4 stars. Provide a summary of the recipe including ingredients, preparation time, and cooking instructions.",Going to https://www.allrecipes.com/,Went to https://www.allrecipes.com/
"Locate a chicken curry recipe on Allrecipes that has been reviewed more than 30 times and has a rating of at least 4 stars. Provide a summary of the recipe including ingredients, preparation time, and cooking instructions.",type 'chicken curry' into the search bar with the placeholder 'Find a recipe or ingredient' and press search to look for recipes on Allrecipes.,"You've successfully searched for chicken curry recipes on Allrecipes. Multiple options with more than 30 reviews and a rating of at least 4 stars are available, including 'Indian Chicken Curry' with 1,558 ratings and a high rating. Reviewing one of these recipes will provide you with the ingredients, preparation time, and cooking instructions you need."
"Locate a chicken curry recipe on Allrecipes that has been reviewed more than 30 times and has a rating of at least 4 stars. Provide a summary of the recipe including ingredients, preparation time, and cooking instructions.","click on 'Indian Chicken Curry' with 1,558 ratings to view its detailed recipe, which includes ingredients, preparation time, and cooking instructions.","You have located the 'Indian Chicken Curry' recipe on Allrecipes, which has 1,558 ratings and a rating of 4.3 stars. The recipe summary is as follows:

- **Prep Time**: 20 mins
- **Cook Time**: 25 mins
- **Total Time**: 45 mins
- **Servings**: 4

To view the full list of ingredients and detailed cooking instructions, you can scroll down or click 'Jump to Recipe' on the webpage. The recipe promises a flavorful curry, suitable to be served with naan or basmati rice."
"Locate a chicken curry recipe on Allrecipes that has been reviewed more than 30 times and has a rating of at least 4 stars. Provide a summary of the recipe including ingredients, preparation time, and cooking instructions.","click ""Jump to Recipe"" button to view the full list of ingredients and cooking instructions for the 'Indian Chicken Curry' recipe.","You successfully accessed the full 'Indian Chicken Curry' recipe on Allrecipes. The recipe has been reviewed 1,558 times with a 4.3-star rating and includes the following details:

### Ingredients:
- 3 tablespoons olive oil
- 1 small onion, chopped
- 2 cloves garlic, minced
- 3 tablespoons curry powder
- 1 teaspoon ground cinnamon
- 1 teaspoon paprika
- 1 bay leaf
- 1/2 teaspoon grated fresh ginger root
- 1/2 teaspoon white sugar
- Salt to taste
- 2 skinless, boneless chicken breast halves, cut into bite-size pieces
- 1 tablespoon tomato paste
- 1 cup plain yogurt
- 3/4 cup coconut milk
- 1/2 lemon, juiced
- 1/2 teaspoon cayenne pepper

### Directions:
- **Step 1**: Heat olive oil in a skillet over medium heat. Sauté the onion until lightly browned.

You can continue scrolling or review the webpage for the complete cooking instructions."
"Locate a chicken curry recipe on Allrecipes that has been reviewed more than 30 times and has a rating of at least 4 stars. Provide a summary of the recipe including ingredients, preparation time, and cooking instructions.",scroll down to view the remaining cooking instructions under the Directions section to complete the full recipe summary.,"You have successfully accessed the complete 'Indian Chicken Curry' recipe on Allrecipes. Here is the full summary:

### Ingredients:
- 3 tablespoons olive oil
- 1 small onion, chopped
- 2 cloves garlic, minced
- 3 tablespoons curry powder
- 1 teaspoon ground cinnamon
- 1 teaspoon paprika
- 1 bay leaf
- 1/2 teaspoon grated fresh ginger root
- 1/2 teaspoon white sugar
- Salt to taste
- 2 skinless, boneless chicken breast halves, cut into bite-size pieces
- 1 tablespoon tomato paste
- 1 cup plain yogurt
- 3/4 cup coconut milk
- 1/2 lemon, juiced
- 1/2 teaspoon cayenne pepper

### Directions:
#### Step 1: 
- Heat olive oil in a skillet over medium heat. Sauté onion until lightly browned.

#### Step 2:
- Stir in garlic, curry powder, cinnamon, paprika, bay leaf, ginger, sugar, and salt. Continue stirring for 2 minutes.

#### Step 3:
- Add chicken pieces, tomato paste, yogurt, and coconut milk. Bring to a boil, reduce heat, and simmer for 20 to 25 minutes. This step completes most of the cooking process.

For the most flavorful result, it's recommended to serve this dish with naan or basmati rice."
"Locate a chicken curry recipe on Allrecipes that has been reviewed more than 30 times and has a rating of at least 4 stars. Provide a summary of the recipe including ingredients, preparation time, and cooking instructions.",Summarizing last observations,"This summary reflects only the latest observations and includes details from the current screenshots.

The completed recipe for 'Indian Chicken Curry' on Allrecipes has the following instructions:

### Directions:
- **Step 1:** Heat olive oil in a skillet over medium heat. Sauté onion until lightly browned.
- **Step 2:** Stir in garlic, curry powder, cinnamon, paprika, bay leaf, ginger, sugar, and salt. Continue stirring for 2 minutes.
- **Step 3:** Add chicken pieces, tomato paste, yogurt, and coconut milk. Bring to a boil, reduce heat, and simmer for 20 to 25 minutes.
- **Step 4:** Remove bay leaf, stir in lemon juice and cayenne pepper, and simmer for an additional 5 minutes.
- **Step 5:** Serve hot and enjoy.

For complete task context, please refer to the full task history."