task,user_action,observation
"Find a recipe with over 100 reviews for Fried Fish on Allrecipes, list the Full Nutrition Label and tell me the amount of Iron per Serving.",Going to https://www.allrecipes.com/,Went to https://www.allrecipes.com/
"Find a recipe with over 100 reviews for Fried Fish on Allrecipes, list the Full Nutrition Label and tell me the amount of Iron per Serving.",type 'Fried Fish' into the search bar with placeholder 'Find a recipe or ingredient' and press Enter to find recipes.,"The search results on Allrecipes show several recipes for Fried Fish, with some options having over 100 reviews. ""Crispy Fried Fish"" has 152 ratings, and ""Air-Fried Crumbed Fish"" has 130 ratings. You can choose either recipe to proceed to the next step of finding the Full Nutrition Label for iron content per serving."
"Find a recipe with over 100 reviews for Fried Fish on Allrecipes, list the Full Nutrition Label and tell me the amount of Iron per Serving.","click on ""Crispy Fried Fish"" with 152 Ratings to view the recipe details and nutrition information.","You are on the ""Crispy Fried Fish"" recipe page with 152 reviews. To view the full nutrition label, scroll down or click on ""Jump to Nutrition Facts."" This will provide the detailed nutritional information, including the amount of iron per serving."
"Find a recipe with over 100 reviews for Fried Fish on Allrecipes, list the Full Nutrition Label and tell me the amount of Iron per Serving.","click on 'Jump to Nutrition Facts' to view the detailed nutritional information, including the amount of iron per serving.","You are on the ""Crispy Fried Fish"" recipe page, and the basic nutrition facts are visible, showing calories, fat, carbs, and protein. To view the complete nutrition label, including the amount of iron per serving, you need to click 'Show Full Nutrition Label.' Once clicked, it should display detailed nutritional information."
"Find a recipe with over 100 reviews for Fried Fish on Allrecipes, list the Full Nutrition Label and tell me the amount of Iron per Serving.","click on 'Show Full Nutrition Label' to display the complete nutritional information, including iron content per serving.","The full nutrition label for ""Crispy Fried Fish"" is displayed. It indicates that there are 15mg of Iron per serving, which is 83% of the daily value."
"Find a recipe with over 100 reviews for Fried Fish on Allrecipes, list the Full Nutrition Label and tell me the amount of Iron per Serving.",Summarizing last observations,"The most recent observations indicate that the full nutrition label for the ""Crispy Fried Fish"" recipe is now visible. The iron content is 15mg per serving, constituting 83% of the daily value. For further details, it is recommended to refer to the complete task history."