task,user_action,observation
Find a recipe for a vegetarian lasagna under 600 calories per serving that has a prep time of less than 1 hour.,Going to https://www.allrecipes.com/,Went to https://www.allrecipes.com/
Find a recipe for a vegetarian lasagna under 600 calories per serving that has a prep time of less than 1 hour.,type 'vegetarian lasagna under 600 calories prep time less than 1 hour' in the search bar with placeholder 'Find a recipe or ingredient' and press enter.,The search on Allrecipes yielded no results for the query 'vegetarian lasagna under 600 calories prep time less than 1 hour.' It appears the search terms might be too specific. Consider using broader search terms such as 'vegetarian lasagna' and then applying filters to refine results by calorie count and prep time.
Find a recipe for a vegetarian lasagna under 600 calories per serving that has a prep time of less than 1 hour.,type 'vegetarian lasagna' in the search bar with placeholder 'Find a recipe or ingredient' and press enter to start with broader results and apply filters later.,"The search yields several vegetarian lasagna recipes, such as Spicy Vegetarian Lasagna, Easy Vegetarian Spinach Lasagna, and Vegetarian Four Cheese Lasagna. Next, you need to click on these options or similar ones to check their nutrition details and prep times. You can refine the results using filters to match specific calorie counts and prep times after selecting a recipe."
Find a recipe for a vegetarian lasagna under 600 calories per serving that has a prep time of less than 1 hour.,"click on 'Easy Vegetarian Spinach Lasagna' to check its nutrition details and prep times, as it's among the options returned by the search.","The 'Easy Vegetarian Spinach Lasagna' recipe has a prep time of 20 minutes, meeting your requirement of under 1 hour. However, the nutrition facts are not visible in the screenshot. You need to click on 'Jump to Nutrition Facts' to verify if the recipe is under 600 calories per serving."
Find a recipe for a vegetarian lasagna under 600 calories per serving that has a prep time of less than 1 hour.,click on 'Jump to Nutrition Facts' to view the nutritional information and verify if the recipe is under 600 calories per serving.,"The 'Easy Vegetarian Spinach Lasagna' recipe is suitable for your requirements. It contains 305 calories per serving, which is well under 600 calories. Additionally, the prep time is 20 minutes, meeting your criteria of less than 1 hour. You have found a recipe that fits both calorie and time constraints. No further action is needed unless you want to explore more options or details."
Find a recipe for a vegetarian lasagna under 600 calories per serving that has a prep time of less than 1 hour.,Summarizing last observations,"The most recent observations confirm that the 'Easy Vegetarian Spinach Lasagna' recipe meets your criteria. It has a prep time of 20 minutes, and each serving contains 305 calories, which is under your 600-calorie requirement. The current screenshots show these nutritional details along with user reviews and ratings, with an overall rating of 4.6 out of 5 based on 111 reviews. This summary reflects the latest findings, and it is recommended to refer to the complete task history for full context and additional details."