task,user_action,observation
"Find a recipe for a vegan smoothie bowl on Allrecipes that includes bananas and leaves, has more than 20 reviews, and a rating of at least 4 stars. Provide a list of ingredients, preparation time, and a summary of the recipe steps.",Going to https://www.allrecipes.com/,Went to https://www.allrecipes.com/
"Find a recipe for a vegan smoothie bowl on Allrecipes that includes bananas and leaves, has more than 20 reviews, and a rating of at least 4 stars. Provide a list of ingredients, preparation time, and a summary of the recipe steps.",type 'vegan smoothie bowl bananas leaves' into the search bar with the placeholder 'Find a recipe or ingredient' and press Enter to find matching recipes.,"The search for 'vegan smoothie bowl bananas leaves' did not return direct recipe results related to vegan smoothie bowls. Instead, the results include related articles and guides, such as breakfast ideas and almond milk preparation. You may need to refine the search terms or browse the recipe categories to find a specific recipe that meets the criteria."
"Find a recipe for a vegan smoothie bowl on Allrecipes that includes bananas and leaves, has more than 20 reviews, and a rating of at least 4 stars. Provide a list of ingredients, preparation time, and a summary of the recipe steps.","click the search bar with the placeholder 'Find a recipe or ingredient', clear existing text, type 'vegan smoothie bowl banana spinach' and press Enter to refine the search results for relevant recipes.","The search results for 'vegan smoothie bowl banana spinach' have not returned specific vegan smoothie bowl recipes. Instead, the results include general articles and guides about smoothies and other fruits. The desired recipe isn't directly visible in these search results. It might be beneficial to try browsing specific recipe categories or adjusting the search terms again to better align with individual recipes. Consider using more precise terms such as 'banana spinach smoothie bowl' or checking if there is a filter for recipe reviews and ratings."
"Find a recipe for a vegan smoothie bowl on Allrecipes that includes bananas and leaves, has more than 20 reviews, and a rating of at least 4 stars. Provide a list of ingredients, preparation time, and a summary of the recipe steps.",type 'banana spinach smoothie bowl' in the search bar with the placeholder 'Find a recipe or ingredient' and press Enter to refine the search to align with specific recipes.,"The search results include several recipes and articles, but none seem to specifically match a banana-spinach smoothie bowl with over 20 reviews and at least a 4-star rating. The 'Green Smoothie Bowl' recipe is visible but has only 5 ratings. It might be worth exploring some more detailed filters or parameters on the website or checking individual recipes for their detailed rating and review status."
"Find a recipe for a vegan smoothie bowl on Allrecipes that includes bananas and leaves, has more than 20 reviews, and a rating of at least 4 stars. Provide a list of ingredients, preparation time, and a summary of the recipe steps.",scroll down to explore more results and potentially find a suitable recipe with the required ratings and reviews.,"The current results do not display a vegan smoothie bowl recipe with bananas and leaves that meets the criteria of having over 20 reviews and at least a 4-star rating. Options like ""Green Smoothie Bowl"" and ""Berry Banana Smoothie Bowl"" are shown, but they do not meet the required review count. Further exploration or changing search terms or filters to include ""vegan"" and review counts might help narrow down the search. Consider checking individual recipes for their ratings and reviews."
"Find a recipe for a vegan smoothie bowl on Allrecipes that includes bananas and leaves, has more than 20 reviews, and a rating of at least 4 stars. Provide a list of ingredients, preparation time, and a summary of the recipe steps.",click the 'Green Smoothie Bowl' link to check its details and see if it meets the specific criteria of reviews and ratings.,"The 'Green Smoothie Bowl' recipe has a rating of 4.4 stars, but it only has 5 reviews, which does not meet the criteria of having more than 20 reviews. 

### Key Details:
- **Rating**: 4.4 stars
- **Reviews**: 5 reviews
- **Prep Time**: 10 minutes
- **Total Time**: 10 minutes
- **Servings**: 2 servings

### Ingredients:
- The exact list of ingredients is not visible in the screenshot.

### Recipe Summary:
- Specific preparation steps are not visible in the screenshot.

To meet the search criteria, you may need to look for filters that specify review counts or continue searching for another recipe."
"Find a recipe for a vegan smoothie bowl on Allrecipes that includes bananas and leaves, has more than 20 reviews, and a rating of at least 4 stars. Provide a list of ingredients, preparation time, and a summary of the recipe steps.","click the 'Find a recipe or ingredient' search bar, clear existing text, type 'banana spinach smoothie bowl vegan' to narrow down the search criteria, and press Enter to find a suitable recipe.","The search for 'banana spinach smoothie bowl vegan' did not yield a recipe that meets all specified criteria. The 'Green Smoothie Bowl' meets the rating requirement with 4.4 stars but only has 5 reviews, which is below the required number. The list of ingredients and preparation steps are still not visible. 

To meet the task criteria, further exploration with refined search terms or filters for reviews and ratings should be considered."
"Find a recipe for a vegan smoothie bowl on Allrecipes that includes bananas and leaves, has more than 20 reviews, and a rating of at least 4 stars. Provide a list of ingredients, preparation time, and a summary of the recipe steps.",go back to the search results page and look for any filters or sorting options that allow you to filter recipes based on reviews and ratings. This may help you find a recipe that meets the criteria of having more than 20 reviews and at least a 4-star rating.,"The 'Green Smoothie Bowl' recipe is visible but does not meet the criteria of having more than 20 reviews; it only has 5 reviews with a 4.4-star rating. The ingredients and preparation steps are not fully visible in the screenshot. 

To progress toward finding a suitable recipe, consider using filters for review count and ratings, or trying different search terms."
"Find a recipe for a vegan smoothie bowl on Allrecipes that includes bananas and leaves, has more than 20 reviews, and a rating of at least 4 stars. Provide a list of ingredients, preparation time, and a summary of the recipe steps.",go back to the previous page by clicking the back button in the browser to continue searching for a recipe that meets the criteria of over 20 reviews and at least a 4-star rating.,"The current page shows several smoothie and spinach-related recipes, but none specifically labeled as a vegan smoothie bowl with the criteria required. The visible recipes include 'Berry Banana Smoothie Bowl,' which might not meet the vegan criteria or review count necessary. Further inspection or different search parameters might be needed to find a suitable recipe with more than 20 reviews and at least 4 stars."
"Find a recipe for a vegan smoothie bowl on Allrecipes that includes bananas and leaves, has more than 20 reviews, and a rating of at least 4 stars. Provide a list of ingredients, preparation time, and a summary of the recipe steps.",scroll down to browse more search results in case the desired recipe is lower on the page. This may reveal additional options that meet the criteria of over 20 reviews and a rating of at least 4 stars.,"The current search results do not display any vegan smoothie bowl recipes featuring bananas and spinach that meet the criteria of having over 20 reviews and at least a 4-star rating. The visible content includes articles and guides related to breakfast and general smoothie or food storage tips. It may be helpful to adjust search terms further, specifically focusing on recipe filters to narrow down the results or manually check recipe details for ratings and reviews."
"Find a recipe for a vegan smoothie bowl on Allrecipes that includes bananas and leaves, has more than 20 reviews, and a rating of at least 4 stars. Provide a list of ingredients, preparation time, and a summary of the recipe steps.","click the search icon next to the search bar to try entering a new query that might better align with recipes, such as 'vegan banana spinach smoothie bowl high rating'. This action aims to refine the search for recipes that fit the specified criteria.","The search results still do not display a vegan smoothie bowl recipe with bananas and leaves that meet all specified criteria. The 'Green Smoothie Bowl' is shown again, meeting the rating but not the review count requirement. Other options like ""Peanut Butter Banana Smoothie"" and ""Berry Banana Smoothie Bowl"" don't fit the criteria either, as they don't include spinach or similar leaves. Further refinement in search terms or exploring filters for reviews and ratings could be beneficial."
"Find a recipe for a vegan smoothie bowl on Allrecipes that includes bananas and leaves, has more than 20 reviews, and a rating of at least 4 stars. Provide a list of ingredients, preparation time, and a summary of the recipe steps.","click the search results filter or settings option, if available, to refine the search by recipe review counts and ratings, to locate a recipe that meets the criteria of more than 20 reviews and at least a 4-star rating.","The search refinement has led to the discovery of the 'Peanut Butter Banana Smoothie' recipe, which has a rating of 4.6 stars and 810 reviews, easily meeting the criteria for reviews and ratings. However, this recipe does not mention spinach or leaves specifically in the title or visible description, potentially missing one of the essential ingredients.

### Key Details:
- **Rating**: 4.6 stars
- **Reviews**: 810 reviews
- **Prep Time**: 5 minutes
- **Total Time**: 5 minutes
- **Servings**: 4 servings

### Task Progress:
While the rating and review criteria are met, spinach is not confirmed as an ingredient. It may be beneficial to view the complete ingredient list within the recipe or continue searching for the required vegan smoothie bowl.""} .splitext## Test Input ReasoningWe are testing the task of finding a recipe for a vegan smoothie bowl on Allrecipes that includes bananas and leaves, has more than 20 reviews, and a rating of at least 4 stars. The current screenshot shows the details of a specific recipe that has been viewed. The focus is to assess if this particular recipe aligns with the specified task.## Test Input```json{"
"Find a recipe for a vegan smoothie bowl on Allrecipes that includes bananas and leaves, has more than 20 reviews, and a rating of at least 4 stars. Provide a list of ingredients, preparation time, and a summary of the recipe steps.","click 'Jump to Recipe' to view the full list of ingredients, preparation time, and summary of the recipe steps for the Peanut Butter Banana Smoothie.","The 'Peanut Butter Banana Smoothie' recipe has been opened, but it does not include leaves (like spinach) as required. Here are the details available:

### Ingredients:
- 2 bananas, broken into chunks
- 2 cups milk
- 1/2 cup peanut butter
- 2 tablespoons honey, or to taste
- 2 cups ice cubes

### Preparation Time:
- Not specified in the screenshot.

### Recipe Steps:
1. Gather all ingredients.
2. Place bananas, milk, peanut butter, honey, and ice cubes in a blender.

This recipe isn't vegan (due to milk and honey) and doesn't meet the leaf ingredient requirement. Consider using alternative search terms or filters focused on vegan recipes that include leaves to meet the task criteria."
"Find a recipe for a vegan smoothie bowl on Allrecipes that includes bananas and leaves, has more than 20 reviews, and a rating of at least 4 stars. Provide a list of ingredients, preparation time, and a summary of the recipe steps.",click the back button to return to the search results page and continue searching for a recipe with more than 20 reviews and at least a 4-star rating.,"The 'Peanut Butter Banana Smoothie' recipe found has a rating of 4.6 stars and 810 reviews, which surpasses the review and rating criteria. However, it does not specifically mention 'leaves' (e.g., spinach) and may not be vegan. This recipe includes bananas, but further confirmation on vegan suitability and ingredient details is needed.

### Key Details:
- **Rating**: 4.6 stars
- **Reviews**: 810 reviews
- **Prep Time**: 5 minutes
- **Total Time**: 5 minutes
- **Servings**: 4 servings

To align with the task, ensure the recipe also contains 'leaves' and check for vegan substitutes if required. Consider exploring the ingredient list and recipe instructions to see if modifications can be made or search for an alternative recipe."
"Find a recipe for a vegan smoothie bowl on Allrecipes that includes bananas and leaves, has more than 20 reviews, and a rating of at least 4 stars. Provide a list of ingredients, preparation time, and a summary of the recipe steps.","click ""Jump to Recipe"" to view the full list of ingredients and preparation steps for the Peanut Butter Banana Smoothie, as this might contain relevant content for adapting to a vegan version.","The ""Peanut Butter Banana Smoothie"" recipe is displayed. This recipe is not explicitly vegan as it includes milk and honey, but could potentially be adapted to a vegan version.

### Ingredients
- 2 bananas, broken into chunks
- 2 cups milk (can be replaced with plant-based milk for a vegan version)
- 1/2 cup peanut butter
- 2 tablespoons honey, or to taste (can be replaced with maple syrup or agave for a vegan version)
- 2 cups ice cubes

### Preparation Time
- The exact prep time isn't mentioned, but typically these steps take about 10 minutes.

### Recipe Summary
1. Gather all ingredients.
2. Place bananas, milk, peanut butter, honey, and ice cubes in a blender.
3. Blend until smooth.

This recipe doesn't meet the review and rating criteria. Further refined searches or browsing might be necessary to find a match."
"Find a recipe for a vegan smoothie bowl on Allrecipes that includes bananas and leaves, has more than 20 reviews, and a rating of at least 4 stars. Provide a list of ingredients, preparation time, and a summary of the recipe steps.","click on the search bar with the placeholder 'Find a recipe or ingredient', clear existing text, and type 'vegan banana leaf smoothie bowl' to perform a new search focused on vegan recipes that might meet the criteria.","The current page displays a smoothie recipe, but it is not explicitly labeled as vegan, and there are no leaves involved. The recipe includes bananas and peanut butter, but uses non-vegan ingredients like milk and honey. It is not clear if this recipe has more than 20 reviews or a 4-star rating, based on the visible content.

Ingredients visible include:
- 2 bananas
- 2 cups milk
- 1/2 cup peanut butter
- 2 tablespoons honey
- 2 cups ice cubes

Preparation Steps:
1. Gather all ingredients.
2. Place in blender.

This recipe does not align with the task requirements for a vegan smoothie bowl that includes leaves, nor does it meet the specified review and rating criteria. Further refinement of search criteria or using filters for vegan recipes might be required."
"Find a recipe for a vegan smoothie bowl on Allrecipes that includes bananas and leaves, has more than 20 reviews, and a rating of at least 4 stars. Provide a list of ingredients, preparation time, and a summary of the recipe steps.","click the back button in the browser to return to the search results page and explore more options that might fit all the criteria, focusing on filters for reviews and ratings if available.","The search results for 'banana spinach smoothie bowl' do not display a recipe meeting all criteria. No recipe shows more than 20 reviews and a rating of at least 4 stars. 

- The ""Green Smoothie Bowl"" is visible with a 4.4-star rating but only 5 reviews.
- Options like the ""Peanut Butter Banana Smoothie"" have more reviews but don't include spinach.

Consider further refining the search, possibly including ""vegan"" in the search terms or filtering results by review count and rating, if available, to better locate a suitable recipe."
"Find a recipe for a vegan smoothie bowl on Allrecipes that includes bananas and leaves, has more than 20 reviews, and a rating of at least 4 stars. Provide a list of ingredients, preparation time, and a summary of the recipe steps.",scroll down to view more recipes and check if there is a vegan smoothie bowl with bananas and leaves that meets the criteria of having more than 20 reviews and at least a 4-star rating.,"The current search results still do not display a vegan smoothie bowl recipe with bananas and leaves that meets the criteria of having over 20 reviews and at least a 4-star rating. The visible options like ""Green Smoothie Bowl"" and ""Berry Banana Smoothie Bowl"" do not meet the review requirement, and the search results seem more focused on general articles and unrelated recipes rather than specific smoothie bowls. You might try filtering the search to display only recipes or adjusting the search terms further."
"Find a recipe for a vegan smoothie bowl on Allrecipes that includes bananas and leaves, has more than 20 reviews, and a rating of at least 4 stars. Provide a list of ingredients, preparation time, and a summary of the recipe steps.",scroll down to view more results and find a recipe with the required number of reviews and rating.,"The current search results do not display any specific recipes for a vegan smoothie bowl with more than 20 reviews and a rating of at least 4 stars. The visible results include general articles and guides related to breakfast and food storage, but not specific recipes that match your criteria.

### Suggestions:
- Try using more specific filters or search terms to enhance your results.
- Check if there are filters to sort by review count or rating on the website.
- Consider browsing through recipe categories or pages to find a suitable recipe."
"Find a recipe for a vegan smoothie bowl on Allrecipes that includes bananas and leaves, has more than 20 reviews, and a rating of at least 4 stars. Provide a list of ingredients, preparation time, and a summary of the recipe steps.",click the menu icon located at the top left of the page to explore categories and potentially find smoothie bowl recipes by applying filters.,"The menu provides categories like DINNERS, MEALS, INGREDIENTS, and more, which can be used to explore specific recipe types. You haven't applied any filters yet that specifically target smoothie bowls or recipes meeting the criteria of reviews and ratings. Using the 'MEALS' or 'RECIPES' category might help refine the search further. Additionally, searching within 'INGREDIENTS' for spinach or banana could lead to more targeted results. Adjusting these parameters could help locate a recipe that matches the task requirements."
"Find a recipe for a vegan smoothie bowl on Allrecipes that includes bananas and leaves, has more than 20 reviews, and a rating of at least 4 stars. Provide a list of ingredients, preparation time, and a summary of the recipe steps.",click 'Occasions' under the search options to explore relevant categories that might include smoothies or healthy drinks aligning with the task criteria.,"Currently, you are viewing the menu options on Allrecipes. Opening the 'Occasions' category might not directly lead to a specific vegan smoothie bowl recipe, but it does allow browsing through themed collections that might include healthy or breakfast recipes. To progress toward finding a recipe that meets all criteria, consider using filters or options related to user ratings and reviews from the list or trying the 'Breakfast and Brunch' category, which may have closer matches."
"Find a recipe for a vegan smoothie bowl on Allrecipes that includes bananas and leaves, has more than 20 reviews, and a rating of at least 4 stars. Provide a list of ingredients, preparation time, and a summary of the recipe steps.",click the 'Ingredients' tab under the 'Search' menu to refine results for recipes that specifically include bananas and spinach.,"The 'Ingredients' tab is open, showing categories like Chicken, Beef, Pork, Seafood, Pasta, Fruits, and Vegetables. The view does not currently show the option to specify bananas and spinach directly. You may need to explore the 'Fruits' and 'Vegetables' categories for more specific ingredients filtering, or use the 'VIEW ALL' option to refine ingredients further."
"Find a recipe for a vegan smoothie bowl on Allrecipes that includes bananas and leaves, has more than 20 reviews, and a rating of at least 4 stars. Provide a list of ingredients, preparation time, and a summary of the recipe steps.","click on 'Fruits' under the Ingredients filter to narrow down the search results by relevant fruit-based recipes, which might include bananas.","You have accessed the 'Ingredients' filter menu. 'Fruits' is selected, which should help in refining search results to focus on fruit-based recipes. However, the specific criteria for reviews and ratings haven't been addressed yet. To proceed, consider using additional filters or search terms focusing on ratings and reviews to align with the task requirements."
"Find a recipe for a vegan smoothie bowl on Allrecipes that includes bananas and leaves, has more than 20 reviews, and a rating of at least 4 stars. Provide a list of ingredients, preparation time, and a summary of the recipe steps.",click 'VIEW ALL' under the 'Ingredients' section to explore more options and potentially refine the search results by adding specific ingredients like 'banana' or 'spinach' to find a suitable smoothie bowl recipe.,"The current screenshot shows an ingredient filter menu with categories like Chicken, Beef, Pork, Seafood, Pasta, Fruits, and Vegetables. However, the specific refinement option for adding ingredients such as 'banana' or 'spinach' is not directly visible. This menu could potentially be used to navigate to broader categories that contain these ingredients. For more precise results, you might consider returning to the search function and using filters or tags specifically associated with vegan or plant-based recipes, or those that allow for filtering by review count and rating. Continuing to explore the recipe categories might uncover more specific options."