task,user_action,observation
Find a recipe for a vegetarian lasagna that has at least a four-star rating and uses zucchini.,Going to https://www.allrecipes.com/,Went to https://www.allrecipes.com/
Find a recipe for a vegetarian lasagna that has at least a four-star rating and uses zucchini.,"type ""vegetarian lasagna zucchini"" into the search bar with the placeholder text 'Find a recipe or ingredient' and press Enter. This will help find recipes matching the desired ingredients and criteria on the AllRecipes website.","The search results on AllRecipes show several options. ""Debbie's Vegetable Lasagna"" is a vegetarian lasagna recipe featuring a star rating with 20 ratings, potentially meeting your criteria. It may contain zucchini, but you'll need to check the ingredients to confirm. No clear indication of zucchini use from the thumbnails is visible."
Find a recipe for a vegetarian lasagna that has at least a four-star rating and uses zucchini.,"click on ""Debbie's Vegetable Lasagna"" to check if it uses zucchini in the ingredients list and confirm it meets the criteria.","The recipe for ""Debbie's Vegetable Lasagna"" has a rating of 4.7 out of 5 stars with 20 ratings, meeting the four-star criteria. However, the ingredients list is not fully visible in the screenshot, so it's unclear whether it includes zucchini. You'll need to scroll down to check the ingredients section for zucchini in order to confirm it meets all the criteria."
Find a recipe for a vegetarian lasagna that has at least a four-star rating and uses zucchini.,scroll down to view the full ingredients list. This will allow you to verify if zucchini is included in the recipe and confirm it meets all the criteria for your search.,"The recipe for ""Debbie's Vegetable Lasagna"" does include zucchini as one of the ingredients, meeting your criteria for a vegetarian lasagna that includes zucchini and has at least a four-star rating. The recipe uses 2 cups of coarsely chopped zucchini. The task is now complete."
Find a recipe for a vegetarian lasagna that has at least a four-star rating and uses zucchini.,Summarizing last observations,"The most recent observation confirms that the recipe for ""Debbie's Vegetable Lasagna"" includes 2 cups of coarsely chopped zucchini, meeting the ingredient criteria for zucchini. Additionally, it has a rating of 4.7 out of 5 stars with 20 ratings, satisfying the four-star requirement. Therefore, this recipe fulfills the task goal of finding a vegetarian lasagna recipe with zucchini and a high rating. This summary reflects the latest observations. For full context, refer to the complete task history."