task,user_action,observation
"Find The Most Popular Recipes of the 1960s, noting the recipe name, preparation time and total time of the second recipe in this collection.",Going to https://www.allrecipes.com/,Went to https://www.allrecipes.com/
"Find The Most Popular Recipes of the 1960s, noting the recipe name, preparation time and total time of the second recipe in this collection.",type 'most popular recipes of the 1960s' into the search bar with placeholder 'Find a recipe or ingredient' and press Enter to search for the recipes you need.,The search results have loaded successfully. The relevant option 'The Most Popular Recipes of the 1960s' is visible among the results. The user can click on this to view more details about the recipes from the 1960s.
"Find The Most Popular Recipes of the 1960s, noting the recipe name, preparation time and total time of the second recipe in this collection.","click on 'The Most Popular Recipes of the 1960s' to view the collection of recipes and access the details you need, including the second recipe's preparation and total time.",The page displays 'The Most Popular Recipes of the 1960s' with a description of the era's cooking style. The first recipe listed is 'Tunnel of Fudge Cake II' and details can be viewed by clicking 'VIEW RECIPE'. You need to scroll down to find the second recipe for its details including preparation and total time.
"Find The Most Popular Recipes of the 1960s, noting the recipe name, preparation time and total time of the second recipe in this collection.","scroll down to view the second recipe to access its details, including preparation and total time.","The second recipe in the collection is 'Swedish Meatballs I'. To find the preparation time and total time, you would need to click 'VIEW RECIPE' to access the full details."
"Find The Most Popular Recipes of the 1960s, noting the recipe name, preparation time and total time of the second recipe in this collection.",click on 'VIEW RECIPE' for 'Swedish Meatballs I' to access preparation time and total time for the second recipe.,"You have successfully accessed the details for the second recipe, 'Swedish Meatballs I'. The preparation time is 25 minutes, and the total time is 1 hour and 25 minutes. This completes the task of noting the required details."
"Find The Most Popular Recipes of the 1960s, noting the recipe name, preparation time and total time of the second recipe in this collection.",Summarizing last observations,"The most recent observation indicates that the second recipe from the ""Most Popular Recipes of the 1960s"" collection is ""Swedish Meatballs I."" The preparation time for this recipe is 25 minutes, and the total time is 1 hour and 25 minutes. This summary reflects only the latest observations. For full context and additional details, refer to the complete task history."