task,user_action,observation
Locate a recipe for sushi rolls on Allrecipes with a minimum of 20 reviews. Show the Nutrition Facts and the main ingredients. Tell me how to store these rolls.,Going to https://www.allrecipes.com/,Went to https://www.allrecipes.com/
Locate a recipe for sushi rolls on Allrecipes with a minimum of 20 reviews. Show the Nutrition Facts and the main ingredients. Tell me how to store these rolls.,type 'sushi rolls' into the search bar with the placeholder 'Find a recipe or ingredient' and press Enter to search for sushi roll recipes.,"The search results for 'sushi rolls' on Allrecipes include several recipes. 'Smoked Salmon Sushi Roll' has 112 ratings, and 'Cream Cheese and Crab Sushi Rolls' has 48 ratings, both meeting the requirement of having a minimum of 20 reviews. You can click on either of these to view the Nutrition Facts and main ingredients. Once selected, review the instructions for storage tips, typically found at the end of the recipe or in the author's notes section."
Locate a recipe for sushi rolls on Allrecipes with a minimum of 20 reviews. Show the Nutrition Facts and the main ingredients. Tell me how to store these rolls.,"click on the 'Smoked Salmon Sushi Roll' recipe with 112 ratings to view the Nutrition Facts, main ingredients, and storage tips.","You have accessed the 'Smoked Salmon Sushi Roll' recipe page. It has 112 ratings. You can view the Nutrition Facts by clicking on the 'Jump to Nutrition Facts' link. The main ingredients typically include sushi rice, nori, and smoked salmon. For storage tips, check further down the page in the recipe instructions or author's notes. Make sure to review these sections for detailed guidance."
Locate a recipe for sushi rolls on Allrecipes with a minimum of 20 reviews. Show the Nutrition Facts and the main ingredients. Tell me how to store these rolls.,click on the 'Jump to Nutrition Facts' link to view the nutritional information for the 'Smoked Salmon Sushi Roll' recipe.,"The 'Smoked Salmon Sushi Roll' recipe page shows the Nutrition Facts: 291 calories, 7g fat, 45g carbs, and 11g protein per serving. The main ingredients include sushi rice, nori, and smoked salmon, though you may need to scroll up to see the complete ingredient list. Storage tips are not visible here; they are typically located in the recipe instructions or notes section. Consider scrolling lower on the page or checking back in those sections for storage instructions."
Locate a recipe for sushi rolls on Allrecipes with a minimum of 20 reviews. Show the Nutrition Facts and the main ingredients. Tell me how to store these rolls.,scroll up to view the complete ingredient list and check the recipe instructions for storage tips.,"The 'Smoked Salmon Sushi Roll' recipe page displays the Nutrition Facts prominently: 291 calories, 7g fat, 45g carbs, and 11g protein per serving. The main ingredients include sushi rice, nori, smoked salmon, cucumber, avocado, rice wine vinegar, and wasabi. For storage, the recipe does not specify instructions within the visible section. Typically, sushi rolls should be consumed fresh, but if necessary, they can be stored in the refrigerator wrapped tightly in plastic wrap for a short period, avoiding longer storage to maintain quality."
Locate a recipe for sushi rolls on Allrecipes with a minimum of 20 reviews. Show the Nutrition Facts and the main ingredients. Tell me how to store these rolls.,Summarizing last observations,"This summary reflects the most recent observations only. The 'Smoked Salmon Sushi Roll' recipe on Allrecipes has been reviewed. The main ingredients include sushi rice, nori, smoked salmon, cucumber, avocado, rice wine vinegar, and wasabi. Nutrition Facts show 291 calories, 7g fat, 45g carbs, and 11g protein per serving. For storage, while specific instructions aren't detailed in the visible content, it is recommended that sushi rolls should be consumed fresh. If necessary, they can be stored in the refrigerator wrapped tightly in plastic wrap for a short duration. For full context and additional details, refer to the complete task history."