task,user_action,observation
Locate a recipe for vegan chocolate chip cookies with over 60 reviews and a rating of at least 4.5 stars on Allrecipes.,Going to https://www.allrecipes.com/,Went to https://www.allrecipes.com/
Locate a recipe for vegan chocolate chip cookies with over 60 reviews and a rating of at least 4.5 stars on Allrecipes.,"type ""vegan chocolate chip cookies"" into the search bar with the placeholder ""Find a recipe or ingredient"" and press Enter to find a suitable recipe.","The search results on Allrecipes include several vegan chocolate chip cookie recipes, but none of them meet all the criteria of having over 60 reviews and a rating of at least 4.5 stars. The closest option is ""Vegan Chocolate Chip Cookies"" with 24 ratings and a 4.5-star rating. You'll need to look further or adjust the criteria if no suitable recipe is found here."
Locate a recipe for vegan chocolate chip cookies with over 60 reviews and a rating of at least 4.5 stars on Allrecipes.,scroll down to see more results. The current recipes do not meet the criteria of over 60 reviews with at least a 4.5-star rating.,"The current search results on Allrecipes do not show any vegan chocolate chip cookie recipes with over 60 reviews and a 4.5-star rating. The displayed recipes have significantly fewer ratings, ranging from 1 to 10 reviews. Keep scrolling or refine your search criteria to find a recipe that meets all your requirements."
Locate a recipe for vegan chocolate chip cookies with over 60 reviews and a rating of at least 4.5 stars on Allrecipes.,scroll down to load more results and check for a vegan chocolate chip cookie recipe with over 60 reviews and a 4.5-star rating.,"The current results on Allrecipes do not display any vegan chocolate chip cookie recipes meeting your criteria of over 60 reviews and a 4.5-star rating. The shown recipes have limited ratings, and none match the requirement of having 60 or more reviews. You may need to adjust your search terms or continue scrolling for more options."
Locate a recipe for vegan chocolate chip cookies with over 60 reviews and a rating of at least 4.5 stars on Allrecipes.,"scroll down further to load more recipes that might meet the criteria of over 60 reviews and a rating of at least 4.5 stars, as the current visible options do not match these requirements.","The search results now include a recipe for ""Vegan Chocolate Chip, Oatmeal, and Nut Cookies"" which has 69 ratings and a 4.5-star rating. This recipe meets the criteria of having over 60 reviews and at least a 4.5-star rating. You can consider this option for your task."
Locate a recipe for vegan chocolate chip cookies with over 60 reviews and a rating of at least 4.5 stars on Allrecipes.,Summarizing last observations,"The most recent observations indicate that a recipe titled ""Vegan Chocolate Chip, Oatmeal, and Nut Cookies"" has been found on Allrecipes, meeting the criteria of over 60 reviews with a 4.5-star rating. The screenshots further confirm this, showing the recipe has 69 reviews and a 4.5-star rating. This recipe can be considered for the task. For complete context and details, refer to the full task history."