task,user_action,observation
Find a recipe for a healthy avocado salad on Allrecipes that has a preparation time of less than 20 minutes and more than 30 user reviews. Include the nutritional information per serving.,Going to https://www.allrecipes.com/,Went to https://www.allrecipes.com/
Find a recipe for a healthy avocado salad on Allrecipes that has a preparation time of less than 20 minutes and more than 30 user reviews. Include the nutritional information per serving.,type 'avocado salad' into the search bar with the placeholder 'Find a recipe or ingredient' and press Enter to search for recipes.,"The search results have returned several avocado salad recipes, many with more than 30 user reviews. Recipes such as ""Avocado Salad"" and ""Cucumber and Avocado Salad"" meet the criteria with 339 and 293 ratings, respectively. No information on preparation time or nutritional details is visible in this screenshot. The next step is to click on one of the suitable recipes to check preparation time and nutritional information per serving."
Find a recipe for a healthy avocado salad on Allrecipes that has a preparation time of less than 20 minutes and more than 30 user reviews. Include the nutritional information per serving.,"click on the ""Avocado Salad"" recipe with 339 Ratings to check the preparation time and nutritional information.","The selected ""Avocado Salad"" recipe meets the criteria with a preparation time of 15 minutes and over 30 user reviews (339 ratings). The recipe page includes an option to ""Jump to Nutrition Facts"" which will likely provide the nutritional information per serving. The recipe looks like a healthy option as described, consisting of avocados, sweet onions, fresh tomatoes, and cilantro."
Find a recipe for a healthy avocado salad on Allrecipes that has a preparation time of less than 20 minutes and more than 30 user reviews. Include the nutritional information per serving.,"click on the ""Jump to Nutrition Facts"" link to view the nutritional information per serving for the ""Avocado Salad"" recipe.","The nutritional information per serving for the ""Avocado Salad"" recipe is as follows: 126 calories, 10g of fat, 10g of carbohydrates, and 2g of protein. The recipe meets the criteria for a healthy avocado salad, having a preparation time of 15 minutes with more than 30 user reviews (339 ratings). The task is successfully completed."
Find a recipe for a healthy avocado salad on Allrecipes that has a preparation time of less than 20 minutes and more than 30 user reviews. Include the nutritional information per serving.,Summarizing last observations,"The ""Avocado Salad"" recipe on Allrecipes meets the criteria for the task. It has a preparation time of 15 minutes and over 30 user reviews (339 ratings). The nutritional information per serving includes 126 calories, 10g of fat, 10g of carbohydrates, and 2g of protein. This summary reflects only the latest observations; refer to the task history for full context and details."