task,user_action,observation
Find a recipe for a vegetarian lasagna that has over 300 reviews and an average rating of 4.5 or higher on Allrecipes.,Going to https://www.allrecipes.com/,Went to https://www.allrecipes.com/
Find a recipe for a vegetarian lasagna that has over 300 reviews and an average rating of 4.5 or higher on Allrecipes.,type 'vegetarian lasagna' into the search bar with the placeholder 'Find a recipe or ingredient' and press Enter to find recipes.,"The search results on Allrecipes for 'vegetarian lasagna' display several recipes, but none meet the criteria of having over 300 reviews and an average rating of 4.5 or higher. The 'Vegetarian Four Cheese Lasagna' has the highest number of ratings at 243, with an average rating of around 4.5, but falls short of the required number of reviews."
Find a recipe for a vegetarian lasagna that has over 300 reviews and an average rating of 4.5 or higher on Allrecipes.,scroll down to see more recipes that might meet the criteria of over 300 reviews and an average rating of 4.5 or higher.,"After scrolling, the search results still do not show a vegetarian lasagna recipe that meets the criteria of over 300 reviews and an average rating of 4.5 or higher. The highest-rated option visible, 'Vegetarian Four Cheese Lasagna,' has 243 ratings and an average of about 4.5 stars, but does not meet the review count requirement."
Find a recipe for a vegetarian lasagna that has over 300 reviews and an average rating of 4.5 or higher on Allrecipes.,"scroll down to load more recipes, as the current options do not meet the criteria of 300 reviews and an average rating of 4.5 or higher.",The current screenshot still does not show a recipe for vegetarian lasagna that meets the criteria of over 300 reviews and an average rating of 4.5 or higher. The featured items do not meet the review count requirement. You may need to load more results or try different search filters to locate a suitable recipe.
Find a recipe for a vegetarian lasagna that has over 300 reviews and an average rating of 4.5 or higher on Allrecipes.,"scroll down further to load more recipes, as the current visible options do not meet the criteria of over 300 reviews and an average rating of 4.5 or higher.",The current screenshot does not reveal any vegetarian lasagna recipes with over 300 reviews and an average rating of 4.5 or higher. Most recipes displayed have relatively few ratings. Consider using more specific filters or keywords in the search to narrow down options or load more results.
Find a recipe for a vegetarian lasagna that has over 300 reviews and an average rating of 4.5 or higher on Allrecipes.,"click on the '15 Comforting Meatless Lasagna Recipes' link to explore a collection that might contain a vegetarian lasagna recipe with over 300 reviews and a high average rating, potentially meeting the criteria.","The page titled '15 Comforting Meatless Lasagna Recipes' has loaded, showcasing a list of various vegetarian lasagna options. The collection is meant to provide diverse recipes, but there's no immediate indication of a rating or review count for any specific recipe. You might need to click on individual recipes to check their individual ratings and review counts to find one meeting the criteria of 300 reviews and an average rating of 4.5 or higher."
Find a recipe for a vegetarian lasagna that has over 300 reviews and an average rating of 4.5 or higher on Allrecipes.,click on the 'VIEW RECIPE' button under 'Gina's Creamy Mushroom Lasagna' to check its rating and review count.,The recipe for 'Gina's Creamy Mushroom Lasagna' has a rating of 4.3 out of 5 stars based on 11 reviews. This does not meet the criteria of over 300 reviews and an average rating of 4.5 or higher. You'll need to continue searching or try different recipes to find one that fulfills the requirements.
Find a recipe for a vegetarian lasagna that has over 300 reviews and an average rating of 4.5 or higher on Allrecipes.,"click on the back button in your browser to return to the list of vegetarian lasagna recipes, as this current recipe does not meet the criteria of having over 300 reviews and an average rating of 4.5 or higher.","You are on the 'Gina's Creamy Mushroom Lasagna' recipe page, which has 11 reviews and a 4.3-star rating. This does not meet the criteria of over 300 reviews and an average rating of 4.5 or higher. Clicking the back button should take you back to the list of vegetarian lasagna recipes, where you can continue your search for a suitable recipe."
Find a recipe for a vegetarian lasagna that has over 300 reviews and an average rating of 4.5 or higher on Allrecipes.,click the 'back' button in your browser to return to the '15 Comforting Meatless Lasagna Recipes' list and explore other recipe options potentially meeting the criteria.,"You are back on the '15 Comforting Meatless Lasagna Recipes' page. This list shows a variety of vegetarian lasagna recipes, but there is no immediate indication of their ratings or review counts on this page. You'll need to manually check each recipe by clicking on 'VIEW RECIPE' buttons to see if they meet the criteria of having over 300 reviews and a minimum rating of 4.5 stars."
Find a recipe for a vegetarian lasagna that has over 300 reviews and an average rating of 4.5 or higher on Allrecipes.,scroll down to view more recipes in the '15 Comforting Meatless Lasagna Recipes' list to find one that may meet the criteria of over 300 reviews and an average rating of 4.5 or higher.,"The current screenshot shows the '15 Comforting Meatless Lasagna Recipes' list, highlighting 'Gina's Creamy Mushroom Lasagna' and starting 'Roasted Butternut Squash and Garlic Lasagna.' To find a vegetarian lasagna recipe with over 300 reviews and an average rating of 4.5 or higher, you'll need to click on each recipe to view detailed ratings and reviews. The current page doesn't provide the required information upfront."
Find a recipe for a vegetarian lasagna that has over 300 reviews and an average rating of 4.5 or higher on Allrecipes.,"scroll down to load more recipes on the '15 Comforting Meatless Lasagna Recipes' page, as the top recipes do not show review count or ratings. Further scrolling might reveal additional options or ratings details.","The current list, '15 Comforting Meatless Lasagna Recipes,' shows options like 'Roasted Butternut Squash and Garlic Lasagna' and 'Simple Spinach Lasagna,' but there is no visible information about the review counts or average ratings. You'll need to click on individual recipes to view these details and determine if any meet the specified criteria of having over 300 reviews and an average rating of 4.5 or higher."
Find a recipe for a vegetarian lasagna that has over 300 reviews and an average rating of 4.5 or higher on Allrecipes.,click on the 'View Recipe' button under 'Roasted Butternut Squash and Garlic Lasagna' to check if it meets the criteria of 300 reviews and an average rating of 4.5 or higher.,"The 'Roasted Butternut Squash and Garlic Lasagna' recipe has 191 ratings with an average rating of 4.5 stars. However, it only has 153 reviews, which does not meet the criteria of having over 300 reviews. You may need to continue searching for another recipe or adjust filters to find one that fits the requirements."
Find a recipe for a vegetarian lasagna that has over 300 reviews and an average rating of 4.5 or higher on Allrecipes.,"go back to the '15 Comforting Meatless Lasagna Recipes' page to continue exploring other options, as this recipe does not meet the criteria of over 300 reviews.","You have found the 'Roasted Butternut Squash and Garlic Lasagna' recipe, which has a 4.5-star rating but only 153 reviews. This does not meet the criteria of over 300 reviews, although it has the desired rating of 4.5 or higher. You need to continue searching for a recipe that fulfills both the number of reviews and the high rating requirements."
Find a recipe for a vegetarian lasagna that has over 300 reviews and an average rating of 4.5 or higher on Allrecipes.,"go back to the ""15 Comforting Meatless Lasagna Recipes"" page by clicking the back button to continue exploring more recipe options that might meet the criteria of over 300 reviews and 4.5 average rating, since the current recipe does not meet the requirements.","The page '15 Comforting Meatless Lasagna Recipes' is displayed, featuring different vegetarian lasagna options, such as 'Roasted Butternut Squash and Garlic Lasagna' and 'Simple Spinach Lasagna.' However, there are no visible ratings or review counts for these recipes on this page. To find a recipe meeting the criteria of over 300 reviews and an average rating of 4.5 or higher, you'll need to click on each 'VIEW RECIPE' button and check the details for individual recipes."
Find a recipe for a vegetarian lasagna that has over 300 reviews and an average rating of 4.5 or higher on Allrecipes.,click on the 'VIEW RECIPE' button under 'Simple Spinach Lasagna' to check its reviews and ratings for meeting the criteria of over 300 reviews and an average rating of 4.5 or higher.,The 'Simple Spinach Lasagna' recipe meets the criteria with 413 reviews and an average rating of 4.6 out of 5 stars. This recipe satisfies the task requirement of having over 300 reviews and an average rating of 4.5 or higher.
Find a recipe for a vegetarian lasagna that has over 300 reviews and an average rating of 4.5 or higher on Allrecipes.,Summarizing last observations,"The most recent observation shows that a suitable recipe, 'Simple Spinach Lasagna,' has been found. It has an average rating of 4.6 stars from 413 reviews, meeting the criteria of over 300 reviews and an average rating of 4.5 or higher. 

The recipe details include preparation and cooking instructions, ingredients, and nutritional information. For full context and details on the search process, refer to the complete task history."