task,user_action,observation
Find a recipe for a vegetarian lasagna that has at least a four-star rating and uses zucchini.,Going to https://www.allrecipes.com/,Went to https://www.allrecipes.com/
Find a recipe for a vegetarian lasagna that has at least a four-star rating and uses zucchini.,type 'vegetarian lasagna with zucchini' into the search bar with the placeholder 'Find a recipe or ingredient' and click the search icon to find suitable recipes.,"You found a recipe titled ""Debbie's Vegetable Lasagna,"" which has a 4.5-star rating based on 20 ratings. This recipe appears to fit the criteria of being a vegetarian lasagna with zucchini and having a four-star rating. You may want to click on this recipe to check if it includes zucchini in the ingredients."
Find a recipe for a vegetarian lasagna that has at least a four-star rating and uses zucchini.,click on the recipe title 'Debbie's Vegetable Lasagna' to check if it includes zucchini in the ingredients.,"The recipe page for ""Debbie's Vegetable Lasagna"" has loaded. It has a 4.7-star rating based on 20 reviews. To determine if zucchini is an ingredient, you will need to check the ingredients list further down the page. The visible part of the page shows a photo of the lasagna and the preparation details, but not the complete list of ingredients. Scroll down to verify if zucchini is included."
Find a recipe for a vegetarian lasagna that has at least a four-star rating and uses zucchini.,scroll down to view the ingredients list labeled 'Ingredients' to check for zucchini in 'Debbie's Vegetable Lasagna' recipe.,"The ingredients list for 'Debbie's Vegetable Lasagna' confirms that zucchini is included, as it specifies 2 cups of coarsely chopped zucchini. This recipe meets your criteria for being a vegetarian lasagna with zucchini and a four-star rating."
Find a recipe for a vegetarian lasagna that has at least a four-star rating and uses zucchini.,Summarizing last observations,"The most recent observations reveal that ""Debbie's Vegetable Lasagna"" fulfills the task goal, as it is a vegetarian lasagna that includes 2 cups of coarsely chopped zucchini and holds a 4.7-star rating based on 20 reviews. The accompanying screenshots confirm the presence of zucchini in the ingredients and provide detailed directions for preparation. This summary reflects only the latest observations. For a complete understanding, please refer to the entire task history."