task,user_action,observation
Locate a recipe for an eggplant Parmesan on Allrecipes with a rating of at least 4.5 stars and over 50 reviews. Include the preparation time and the number of servings provided by the recipe.,Going to https://www.allrecipes.com/,Went to https://www.allrecipes.com/
Locate a recipe for an eggplant Parmesan on Allrecipes with a rating of at least 4.5 stars and over 50 reviews. Include the preparation time and the number of servings provided by the recipe.,type 'eggplant Parmesan' in the search bar with placeholder 'Find a recipe or ingredient' and press enter to locate suitable recipes.,"The search results display multiple eggplant Parmesan recipes. The first recipe ""Eggplant Parmesan"" has 3,692 ratings with a high star rating, fulfilling the criteria of 4.5 stars and over 50 reviews. Other options include ""Crunchy Eggplant Parmesan"" (201 ratings), ""Baked Eggplant Parmesan"" (307 ratings), and ""Stuffed Eggplant Parmesan Rolls"" (86 ratings). Next, you can click on a recipe, such as ""Eggplant Parmesan,"" to view preparation time and servings information."
Locate a recipe for an eggplant Parmesan on Allrecipes with a rating of at least 4.5 stars and over 50 reviews. Include the preparation time and the number of servings provided by the recipe.,"click on the ""Eggplant Parmesan"" recipe with 3,692 ratings to view preparation time and servings information, as it meets the criteria of high ratings and reviews.","The selected ""Eggplant Parmesan"" recipe has a rating of 4.6 stars based on 3,692 reviews, which meets the criteria. The preparation time is 25 minutes, with a total cook time of 35 minutes, making the total time 1 hour. The recipe yields 10 servings."
Locate a recipe for an eggplant Parmesan on Allrecipes with a rating of at least 4.5 stars and over 50 reviews. Include the preparation time and the number of servings provided by the recipe.,Summarizing last observations,"The most recent observations from Allrecipes indicate that the selected ""Eggplant Parmesan"" recipe has a rating of 4.6 stars based on 3,692 reviews, meeting the criteria of at least 4.5 stars and over 50 reviews. The preparation time for this recipe is 25 minutes, with a total cook time of 35 minutes, making the overall time 1 hour. The recipe yields 10 servings. 

This summary reflects only the latest observations. For full context, please refer to the complete task history."