task,user_action,observation
Find a vegan lasagna recipe on Allrecipes that requires 10 ingredients or less and has feedback of more than 200 reviews. Provide a brief overview of the ingredient list and the total prep and cook time.,Going to https://www.allrecipes.com/,Went to https://www.allrecipes.com/
Find a vegan lasagna recipe on Allrecipes that requires 10 ingredients or less and has feedback of more than 200 reviews. Provide a brief overview of the ingredient list and the total prep and cook time.,"type ""vegan lasagna 10 ingredients"" into the search bar with the placeholder ""Find a recipe or ingredient"" to locate suitable recipes more efficiently.","The search did not directly return a list of vegan lasagna recipes with 10 ingredients or less. Instead, there are broad categories and articles such as '15 Comforting Vegan Dinners for Fall and Winter' and 'Our 30 Best Baked Pasta Recipes.' You may need to refine the search or explore these articles to find a specific recipe."
Find a vegan lasagna recipe on Allrecipes that requires 10 ingredients or less and has feedback of more than 200 reviews. Provide a brief overview of the ingredient list and the total prep and cook time.,"click ""15 Comforting Vegan Dinners for Fall and Winter"" to explore potential vegan lasagna recipes within this category.","The page displays an article titled '15 Comforting Vegan Dinners for Fall and Winter,' but it appears to list recipes individually. The first one shown is 'Vegan Mushroom-Stuffed Cabbage Rolls.' There is no direct mention or visible image of a vegan lasagna recipe on the current screenshot. You may need to scroll through the article or look for a more targeted article or search further for specific lasagna recipes."
Find a vegan lasagna recipe on Allrecipes that requires 10 ingredients or less and has feedback of more than 200 reviews. Provide a brief overview of the ingredient list and the total prep and cook time.,"scroll down to view more recipes in the article ""15 Comforting Vegan Dinners for Fall and Winter"" to find a vegan lasagna recipe.","As you scroll through the current article, no vegan lasagna recipes are visible yet. The page is displaying other vegan recipes such as 'Vegan Mushroom-Stuffed Cabbage Rolls' and 'Traditional Style Vegan Shepherd's Pie.' You may need to keep scrolling further or try a new search strategy, such as directly searching for 'vegan lasagna' using additional filters or keywords to find a recipe that meets the criteria of fewer than 10 ingredients and over 200 reviews."
Find a vegan lasagna recipe on Allrecipes that requires 10 ingredients or less and has feedback of more than 200 reviews. Provide a brief overview of the ingredient list and the total prep and cook time.,click the search icon in the search bar at the top to refine the search by typing 'vegan lasagna' directly. This will help in locating a recipe with the specified criteria by focusing the search more accurately.,"The current screenshot shows that you have refined your search by clicking on the search icon, but it still displays the same list from the article '15 Comforting Vegan Dinners for Fall and Winter' with no direct results for a vegan lasagna recipe. The visible recipes are 'Vegan Mushroom-Stuffed Cabbage Rolls' and 'Traditional Style Vegan Shepherd's Pie.' You need to proceed with your search for 'vegan lasagna' directly through the search bar or apply additional filters to locate a recipe that meets your criteria."
Find a vegan lasagna recipe on Allrecipes that requires 10 ingredients or less and has feedback of more than 200 reviews. Provide a brief overview of the ingredient list and the total prep and cook time.,"type ""vegan lasagna"" into the search bar with the placeholder ""Find a recipe or ingredient"" to perform a new search and find specific recipes.","Your action of typing 'vegan lasagna' into the search bar is not reflected in the current screenshot, as it still shows the existing article with recipes like 'Vegan Mushroom-Stuffed Cabbage Rolls' and 'Traditional Style Vegan Shepherd's Pie.' Ensure that you execute the search for 'vegan lasagna' in the appropriate field to continue with the search query. It's possible that the search didn't go through, or the page hasn't updated to reflect the new search results yet. Try clicking the search button again or checking for any search results at the top of the page."