task,user_action,observation
Search for a recipe for Beef Wellington on Allrecipes that has at least 200 reviews and an average rating of 4.5 stars or higher. List the main ingredients required for the dish.,Going to https://www.allrecipes.com/,Went to https://www.allrecipes.com/
Search for a recipe for Beef Wellington on Allrecipes that has at least 200 reviews and an average rating of 4.5 stars or higher. List the main ingredients required for the dish.,type 'Beef Wellington' into the search bar with placeholder 'Find a recipe or ingredient' and press enter to search for the recipe.,"The search results for ""Beef Wellington"" on Allrecipes show a recipe titled ""Beef Wellington"" with 358 ratings and an average rating exceeding 4.5 stars, fitting the criteria. To list the main ingredients, click on this recipe to view the detailed ingredients list."
Search for a recipe for Beef Wellington on Allrecipes that has at least 200 reviews and an average rating of 4.5 stars or higher. List the main ingredients required for the dish.,click on the recipe titled 'Beef Wellington' with 358 ratings to view the detailed ingredients list.,"The ""Beef Wellington"" recipe with 358 ratings has been located. To list the main ingredients, click on the recipe to view its details and scroll to the ingredients section."
Search for a recipe for Beef Wellington on Allrecipes that has at least 200 reviews and an average rating of 4.5 stars or higher. List the main ingredients required for the dish.,click on the 'Beef Wellington' image or title with 358 Ratings to view the detailed ingredients list.,"You have successfully opened the recipe page for Beef Wellington, which fits the criteria of having at least 200 reviews and an average rating of 4.5 stars or higher. To find the main ingredients, you need to scroll further down the page to reach the ingredients section."
Search for a recipe for Beef Wellington on Allrecipes that has at least 200 reviews and an average rating of 4.5 stars or higher. List the main ingredients required for the dish.,scroll down to view the ingredients section under the 'Jump to Recipe' button to list the main ingredients.,"You have reached the section with background information and instructions for Beef Wellington, but the ingredients list is not visible yet. Continue scrolling down to locate the actual ingredients list for the dish."
Search for a recipe for Beef Wellington on Allrecipes that has at least 200 reviews and an average rating of 4.5 stars or higher. List the main ingredients required for the dish.,"scroll down further to reach the ingredients section, which is below the 'How to Make Beef Wellington' instructions.","You have successfully reached the ingredients section for the Beef Wellington recipe. The main ingredients listed include:

- 2 ½ pounds beef tenderloin
- 2 tablespoons butter
- 1 onion, chopped
- 1 cup sliced mushrooms
- Salt and pepper to taste
- 3 tablespoons prepared mustard
- 1 sheet puff pastry, thawed
- 1 egg yolk, beaten"
Search for a recipe for Beef Wellington on Allrecipes that has at least 200 reviews and an average rating of 4.5 stars or higher. List the main ingredients required for the dish.,Summarizing last observations,"The most recent observations indicate that the user has successfully located the recipe for Beef Wellington on Allrecipes, meeting their criteria. The main ingredients listed include:

- 2 ½ pounds beef tenderloin
- 4 tablespoons butter, softened, divided
- 2 tablespoons butter
- 1 onion, chopped
- ½ cup sliced fresh mushrooms
- 2 ounces liver paté
- Salt and pepper to taste
- 1 (17.5 ounce) package frozen puff pastry, thawed
- 1 large egg yolk, beaten
- 1 (10.5 ounce) can beef broth
- 2 tablespoons red wine

This summary reflects only the latest observations and interactions. For a complete history and full context, please refer to the entire task history."