task,user_action,observation
Provide a recipe for vegetarian lasagna with more than 100 reviews and a rating of at least 4.5 stars suitable for 6 people.,Going to https://www.allrecipes.com/,Went to https://www.allrecipes.com/
Provide a recipe for vegetarian lasagna with more than 100 reviews and a rating of at least 4.5 stars suitable for 6 people.,"type ""vegetarian lasagna"" into the search bar labeled 'Find a recipe or ingredient' and press enter to locate recipes matching the criteria.","The search results show several vegetarian lasagna recipes. The ""Easy Vegetarian Spinach Lasagna"" recipe has a rating of 4.5 stars with 111 ratings, meeting the criteria of having more than 100 reviews and a high rating. You can select this recipe to check if it serves 6 people."
Provide a recipe for vegetarian lasagna with more than 100 reviews and a rating of at least 4.5 stars suitable for 6 people.,click on 'Easy Vegetarian Spinach Lasagna' to view the detailed recipe and check if it serves 6 people.,"The ""Easy Vegetarian Spinach Lasagna"" recipe has a rating of 4.6 stars based on 111 reviews, meeting the criteria of over 100 reviews and a high rating. The recipe serves 6 people, perfectly matching the user's requirements. The prep time is 20 minutes, and the total time including cooking is 1 hour and 25 minutes."
Provide a recipe for vegetarian lasagna with more than 100 reviews and a rating of at least 4.5 stars suitable for 6 people.,Summarizing last observations,"The most recent observations show that the ""Easy Vegetarian Spinach Lasagna"" recipe fits the criteria of having more than 100 reviews and a rating of at least 4.5 stars. It has a 4.6-star rating based on 111 reviews and serves 6 people. The total cook time is 1 hour and 25 minutes, including 20 minutes of prep time. The ingredients include spinach, ricotta cheese, mozzarella cheese, egg, nutmeg, basil, pasta sauce, and Parmesan cheese, and the preparation involves boiling, layering, and baking steps. 

This summary reflects only the latest observations; for the complete context and details, please refer to the task history."