task,user_action_and_explanation,observation
"Compare the prices for round-trip flights from New York to Tokyo for a departure on March 10, 2025, and a return on March 24, 2025, and select the option with the least number of stops. Current date is: 2025-01-04.",Going to https://www.google.com/travel/flights/,Went to https://www.google.com/travel/flights/
"Compare the prices for round-trip flights from New York to Tokyo for a departure on March 10, 2025, and a return on March 24, 2025, and select the option with the least number of stops. Current date is: 2025-01-04.","type ""New York"" in the 'Where from?' field to specify the departure location.","The departure location 'New York' has been successfully selected. The next steps should be to enter 'Tokyo' into the 'Where to?' field, and select the departure and return dates, March 10, 2025, and March 24, 2025, respectively."
"Compare the prices for round-trip flights from New York to Tokyo for a departure on March 10, 2025, and a return on March 24, 2025, and select the option with the least number of stops. Current date is: 2025-01-04.","type ""Tokyo"" in the 'Where to?' field to specify the destination location.","'Tokyo' has been successfully entered in the 'Where to?' field. The next step is to specify the departure date as March 10, 2025, and the return date as March 24, 2025."
"Compare the prices for round-trip flights from New York to Tokyo for a departure on March 10, 2025, and a return on March 24, 2025, and select the option with the least number of stops. Current date is: 2025-01-04.","click the 'Departure' field to select March 10, 2025, as the departure date.","The user successfully clicked on the 'Departure' field and selected March 10, 2025, as the departure date. This is reflected in the flight search form, where the departure date is now set to March 10, 2025. The next step would be to specify the return date as March 24, 2025, in the 'Return' field."
"Compare the prices for round-trip flights from New York to Tokyo for a departure on March 10, 2025, and a return on March 24, 2025, and select the option with the least number of stops. Current date is: 2025-01-04.","click the 'Return' field to select March 24, 2025, as the return date to complete the flight search parameters.","The 'Return' date has been successfully set to March 24, 2025. The search fields are correctly filled with 'New York' as the departure location, 'Tokyo' as the destination, March 10, 2025, as the departure date, and March 24, 2025, as the return date. You can now proceed to click 'Search' to view available flights."
"Compare the prices for round-trip flights from New York to Tokyo for a departure on March 10, 2025, and a return on March 24, 2025, and select the option with the least number of stops. Current date is: 2025-01-04.","click the 'Search' button to initiate the flight search, as all parameters (locations and dates) have been correctly input.","The screenshot shows a date selection interface, with March 10, 2025, already highlighted as the departure date. However, the return date is not set in the current view. It seems the 'Done' button needs to be clicked to finalize the date selection and proceed with the search for flights. Ensure both dates are correctly set and confirm the selection to move forward."
"Compare the prices for round-trip flights from New York to Tokyo for a departure on March 10, 2025, and a return on March 24, 2025, and select the option with the least number of stops. Current date is: 2025-01-04.",click the 'Done' button to finalize the date selection and proceed with the flight search.,"The user clicked the 'Done' button to finalize the date selection, but it seems the return date was not set. The screenshot shows the search form with New York and Tokyo as locations and March 10, 2025, selected as the departure date. However, the return date field is still labeled as 'Return,' indicating it hasn't been set correctly yet. The user needs to click on the 'Return' field again and ensure that March 24, 2025, is selected before proceeding with the search."
"Compare the prices for round-trip flights from New York to Tokyo for a departure on March 10, 2025, and a return on March 24, 2025, and select the option with the least number of stops. Current date is: 2025-01-04.","Changing URL parameters. The current URL is a Google Flights link with a pre-selected departure date of March 10, 2025. However, the return date is missing from the query parameters. To fulfill the task of setting the return date, I added the parameter to specify March 24, 2025 as the return date. The modified URL now searches for round-trip flights from New York to Tokyo, departing on March 10, 2025, and returning on March 24, 2025, allowing for the comparison of flight options based on the criteria of fewer stops.",Went to https://www.google.com/travel/flights?tfs=CBwQARopEgoyMDI1LTAzLTEwag0IAxIJL20vMDJfMjg2cgwIAxIIL20vMDdkZmsaHWoMCAMSCC9tLzA3ZGZrcg0IAxIJL20vMDJfMjg2QAFoZXISKzIwMjUtMDMtMjBUMDA6MDA6MDBaHzIwMjUtMDMtMjRUMDA6MDA6MDBaA1IARgA&tfu=KgIIAw
"Compare the prices for round-trip flights from New York to Tokyo for a departure on March 10, 2025, and a return on March 24, 2025, and select the option with the least number of stops. Current date is: 2025-01-04.","click the 'Departure' field to re-confirm March 10, 2025, and click 'Done' to finalize the selection, since the dates need to be confirmed before proceeding to the search.","The current screenshot shows that the departure date is correctly set to March 10, 2025. However, the 'Return' date field still displays 'Return,' indicating it hasn't been set yet. Without the return date confirmed as March 24, 2025, the flight search cannot be completed. The user needs to click on the 'Return' field and ensure that March 24, 2025, is set before they can proceed with the flight search."
"Compare the prices for round-trip flights from New York to Tokyo for a departure on March 10, 2025, and a return on March 24, 2025, and select the option with the least number of stops. Current date is: 2025-01-04.","click the 'Return' date field, enter '2025-03-24' to set the return date, and then click the 'Done' button to confirm the selection of both travel dates.","The current screenshot shows that the 'Return' date field is filled with '-03-24', indicating that a valid return date has not been properly set or displayed. The search parameters are not complete, as the full return date 'Mar 24, 2025' should be visible. It is possible that the date input was incorrect or incomplete. To proceed, ensure that both the departure and return dates are correctly filled in full format and visible, then attempt the search again."
"Compare the prices for round-trip flights from New York to Tokyo for a departure on March 10, 2025, and a return on March 24, 2025, and select the option with the least number of stops. Current date is: 2025-01-04.","click the 'Search' button, as it is now visible and all flight search parameters (departure location, destination, and both dates) are correctly set, to display the available flight options.","The user is attempting to click the 'Search' button after setting both the departure and return dates. However, the screenshot currently shows the 'Where from?' field is not set to 'New York', as it is empty. The dates displayed in the fields are correct: the departure date is March 10, 2025, and the return date is March 24, 2025. The user needs to re-enter 'New York' in the 'Where from?' field to successfully initiate the search."
"Compare the prices for round-trip flights from New York to Tokyo for a departure on March 10, 2025, and a return on March 24, 2025, and select the option with the least number of stops. Current date is: 2025-01-04.","Changing URL parameters. The current URL is already set up for a flight search on Google Travel from New York to Tokyo with the specified dates of March 10, 2025, for departure and March 24, 2025, for the return. By visiting this URL, you will initiate a search for available flights. Google Flights will then present options that can be sorted by the number of stops and price, allowing you to easily compare prices and select the option with the least number of stops.",Went to https://www.google.com/travel/flights?tfs=CBwQARoMEgoyMDI1LTAzLTEwGgwSCjIwMjUtMDMtMjRAAUgBcAGCAQsI____________AZgBAQ&tfu=KgIIAw
"Compare the prices for round-trip flights from New York to Tokyo for a departure on March 10, 2025, and a return on March 24, 2025, and select the option with the least number of stops. Current date is: 2025-01-04.","click the 'Search' button to initiate the flight search with the selected dates and locations. The dates and destinations are correctly set in the 'Where from?', 'Where to?', 'Departure', and 'Return' fields, and clicking 'Search' will retrieve the available flight options.","The search fields in the screenshot show 'New York' as the departure, 'Tokyo' as the destination, March 10, 2025, as the departure date, and March 24, 2025, as the return date. You should now click the 'Search' button to view flight options."
"Compare the prices for round-trip flights from New York to Tokyo for a departure on March 10, 2025, and a return on March 24, 2025, and select the option with the least number of stops. Current date is: 2025-01-04.","click the 'Search' button (magnifying glass icon) to execute the flight search since both the departure and return dates, and locations are correctly set.","The screenshot shows that the 'Where from?' and 'Where to?' fields are not filled, contrary to the user's expectation. Both the departure and return dates appear to be correctly set to March 10, 2025, and March 24, 2025, but the locations need to be re-entered. This suggests that when attempting to search, the previously entered locations were not saved or confirmed.

Please input 'New York' in the 'Where from?' field and 'Tokyo' in the 'Where to?' field again, ensuring that the changes are saved before proceeding with the search."
"Compare the prices for round-trip flights from New York to Tokyo for a departure on March 10, 2025, and a return on March 24, 2025, and select the option with the least number of stops. Current date is: 2025-01-04.","Changing URL parameters. The current URL indicates a general setup for a flight search on Google Travel. To directly fetch the flight listings, a more specific URL must be constructed with parameters setting the origin as New York (JFK), destination as Tokyo (HND), and the specified travel dates (March 10, 2025, departure and March 24, 2025, return). This URL will display the available flights, allowing for the task of comparing options with the least number of stops.",Went to https://www.google.com/travel/flights/search?tfs=CBwQARoMEgoyMDI1LTAzLTEwGg0IAhIYCRoAYBICSVZFUxoiEgoyMDI1LTAzLTI0agwIAhIYC0gECAQSCCAlGAAQgAIAEgJUVg==&tfu=KgIIAw
"Compare the prices for round-trip flights from New York to Tokyo for a departure on March 10, 2025, and a return on March 24, 2025, and select the option with the least number of stops. Current date is: 2025-01-04.","click the 'Departure' field to select March 10, 2025, as the departure date, as it seems to have reset in the form visible in the screenshot, needing re-entry before finalizing the search.","The screenshot shows that the 'Departure' date field is correctly set to March 10, 2025. However, the 'Return' date field is still empty, indicating that it hasn't been set yet. The locations 'New York' and 'Tokyo' are not visible, suggesting they might need to be re-entered or were not saved in the previous step. The user needs to ensure that both the 'Where from?' and 'Where to?' fields are filled with 'New York' and 'Tokyo,' respectively, and select March 24, 2025, as the return date before proceeding to click 'Search.'"
"Compare the prices for round-trip flights from New York to Tokyo for a departure on March 10, 2025, and a return on March 24, 2025, and select the option with the least number of stops. Current date is: 2025-01-04.","click the 'Return' date field next to '03/10/2025' to set March 24, 2025, ensuring both travel dates are finalized before proceeding to search for flights.","The current screenshot shows that the 'Return' date field is still blank, and the departure date is set for March 10, 2025. This indicates that the user has not successfully set both the departure and return dates. The user needs to select the 'Return' date field again and ensure March 24, 2025, is chosen to continue with the flight search. Once both dates are correctly set, the user can initiate the flight search by clicking the 'Search' button."
"Compare the prices for round-trip flights from New York to Tokyo for a departure on March 10, 2025, and a return on March 24, 2025, and select the option with the least number of stops. Current date is: 2025-01-04.","click the 'Mon, Mar 10' date field to finalize and ensure both departure and return dates are correctly set before searching.","The current screenshot shows that the departure date has been correctly set to 'Mon, Mar 10'. However, the return date remains unset as indicated by the 'Return' placeholder text. Additionally, a pop-up related to passenger count is open, showing defaults for adults and other age groups. The return date needs to be correctly set to proceed with the search for flights."
"Compare the prices for round-trip flights from New York to Tokyo for a departure on March 10, 2025, and a return on March 24, 2025, and select the option with the least number of stops. Current date is: 2025-01-04.",click the 'Done' button to finalize the passenger selection and ensure both dates are confirmed for the flight search.,"The screenshot shows that the 'Return' date is still not set. The 'Where from?' and 'Where to?' fields are also empty, indicating an error in the input process. The user should re-enter 'New York' and 'Tokyo' in the respective fields, select March 10, 2025, as the departure date, and ensure March 24, 2025, is correctly set as the return date before proceeding with the search."
"Compare the prices for round-trip flights from New York to Tokyo for a departure on March 10, 2025, and a return on March 24, 2025, and select the option with the least number of stops. Current date is: 2025-01-04.","click the 'Mon, Mar 10' date field and then click March 24, 2025, on the calendar to set the return date. After confirming the correct dates are selected, click 'Done' to finalize the date selection and proceed to search for flights.","The current screenshot does not show any dates in the 'Return' field; it is still labeled as 'Return,' indicating that the return date for March 24, 2025, was not successfully set. This means the user has not progressed in finalizing the search parameters to proceed with the flight search. The action to select the return date needs to be repeated to correctly set the return date before clicking 'Search'."
"Compare the prices for round-trip flights from New York to Tokyo for a departure on March 10, 2025, and a return on March 24, 2025, and select the option with the least number of stops. Current date is: 2025-01-04.",click the 'Done' button to finalize the date selection and ensure both the departure and return dates are set correctly before initiating the flight search.,"The user clicked the 'Done' button again, but the screenshot still shows the return date as not set in the search form. The departure date is set to March 10, 2025, but the return field is still labeled 'Return' without a specified date. The search cannot be initiated until both the departure and return dates are set. The user needs to go back and ensure that March 24, 2025, is selected as the return date."
"Compare the prices for round-trip flights from New York to Tokyo for a departure on March 10, 2025, and a return on March 24, 2025, and select the option with the least number of stops. Current date is: 2025-01-04.","Changing URL parameters. The original URL provided seems to already have some search criteria for flights with a departure date of March 10, 2025. To ensure both departure and return dates are set correctly and to search for flights from New York to Tokyo, I have adjusted the date parameters to explicitly include the return date (March 24, 2025) and specified airports that are typically used for such travel. The 'tfu' parameter suggests an interface for flight searches, so adjusting these settings allows the search to query the correct round-trip flights between New York and Tokyo with consideration for the number of stops in the results.",Went to https://www.google.com/travel/flights?tfs=CBwQARoKEgoyMDI1LTAzLTEwEgoyMDI1LTAzLTI0UgZwAiAYCAQpChQKEglOV0otheYBEABAIgIQAVIGUG9ydGxhc26yARABGgA&q=flights+from+New+York+to+Tokyo&tfu=KgIIBw
"Compare the prices for round-trip flights from New York to Tokyo for a departure on March 10, 2025, and a return on March 24, 2025, and select the option with the least number of stops. Current date is: 2025-01-04.",scroll down to view more flight options and compare them to select the flight with the least number of stops and the best price.,"The current list of flight options includes several choices with varying prices and stopovers. The direct flights (nonstop) are from United Airlines and JAL-American, which both have a 14 hr 25 min to 14 hr 35 min flight time, priced at $1,361. However, the cheapest option with 1 stop is a Delta flight departing at 5:30 PM with a return of 18 hours 30 minutes, costing $886. This flight has 2 stops and seems to be priced competitively. To meet the goal of having the least number of stops, selecting a nonstop or 1-stop flight would be preferable in this case, even if the price is slightly higher."
"Compare the prices for round-trip flights from New York to Tokyo for a departure on March 10, 2025, and a return on March 24, 2025, and select the option with the least number of stops. Current date is: 2025-01-04.",Summarizing last observations,"This summary reflects only the most recent observations. The flight search results for round-trip flights from New York to Tokyo, departing on March 10, 2025, and returning on March 24, 2025, have been displayed. The flights options shown include both nonstop and one-stop flights. The least expensive nonstop option is offered by American Airlines and JAL at $1,311, with a travel time of 14 hours and 35 minutes. Multiple one-stop options are available, generally priced lower, with the cheapest being $870. For a complete understanding, please refer to the full task history."