task,user_action_and_explanation,observation
Search a one-way flight from Dublin To Athens Greece for 1 Adult that leaves on January 30 and analyze the price graph for the next 2 months. Current date is: 2025-01-04.,Going to https://www.google.com/travel/flights/,Went to https://www.google.com/travel/flights/
Search a one-way flight from Dublin To Athens Greece for 1 Adult that leaves on January 30 and analyze the price graph for the next 2 months. Current date is: 2025-01-04.,"click ""Round trip"" to change it to ""One way"" for a one-way flight search.","The user has successfully clicked on the 'Round trip' dropdown menu to change the flight type. The options presented include 'Round trip,' 'One way,' and 'Multi-city.' The interface is ready for the user to select 'One way' to proceed with searching for a one-way flight from Dublin to Athens."
Search a one-way flight from Dublin To Athens Greece for 1 Adult that leaves on January 30 and analyze the price graph for the next 2 months. Current date is: 2025-01-04.,"click ""One way"" to switch the flight search option from 'Round trip' to 'One way' in preparation for searching for a one-way flight from Dublin to Athens.","The user has successfully switched the flight search option to 'One way' as indicated in the search criteria on the Google Flights page. The search fields are now set to input the departure and destination cities, as well as the departure date, which aligns with the current task of finding a one-way flight from Dublin to Athens for January 30."
Search a one-way flight from Dublin To Athens Greece for 1 Adult that leaves on January 30 and analyze the price graph for the next 2 months. Current date is: 2025-01-04.,type 'Dublin' in the 'Where from?' field to set the departure city for your flight search.,"The departure city has been successfully set to Dublin in the flight search criteria. The next step involves entering the destination city, 'Athens,' and selecting the departure date, January 30. Once these fields are completed, the user can proceed to analyze the price graph for the next two months."
Search a one-way flight from Dublin To Athens Greece for 1 Adult that leaves on January 30 and analyze the price graph for the next 2 months. Current date is: 2025-01-04.,"type 'Athens' in the 'Where to?' field to set the destination city for your flight search, which is needed to proceed with finding a flight from Dublin to Athens.","The destination city has been successfully set to Athens in the flight search criteria. The next step is to select the departure date, January 30, before proceeding to search for flights and analyze the price graph for the next two months."
Search a one-way flight from Dublin To Athens Greece for 1 Adult that leaves on January 30 and analyze the price graph for the next 2 months. Current date is: 2025-01-04.,click the 'Departure' field to open the date picker and select January 30 as the departure date for the flight search.,"The departure date has been successfully set to January 30 for the flight search from Dublin to Athens. The search parameters are now complete, and the user can proceed by clicking the 'Search' button to find flights and access the price graph for the next two months."
Search a one-way flight from Dublin To Athens Greece for 1 Adult that leaves on January 30 and analyze the price graph for the next 2 months. Current date is: 2025-01-04.,"click on the 'Search' button (magnifying glass icon) to initiate the flight search from Dublin to Athens for the specified date. This will allow you to access the flight results, including the price graph for the next two months, which is required to complete the task.","The date picker is open, showing January 30 as the selected departure date, but the search results are not yet displayed. You need to click 'Done' and then initiate the search again. The January 30 departure selection is accurate, but the flight search has not progressed beyond the date setting."
Search a one-way flight from Dublin To Athens Greece for 1 Adult that leaves on January 30 and analyze the price graph for the next 2 months. Current date is: 2025-01-04.,"click ""Done"" to confirm the selection of January 30 as the departure date, allowing the search to proceed and access price graphs.","The 'Done' button has been clicked, confirming January 30 as the departure date. The flight search parameters are now established: One-way trip, 1 adult, from Dublin to Athens on January 30. The user is now ready to click the 'Search' button to get flight options and access the price graph for the next two months."
Search a one-way flight from Dublin To Athens Greece for 1 Adult that leaves on January 30 and analyze the price graph for the next 2 months. Current date is: 2025-01-04.,"click the 'Search' button to initiate the search for a one-way flight from Dublin to Athens on January 30, allowing you to view available flights and analyze the price graph for the next two months.","The current screenshot shows that the search for a one-way flight from Dublin to Athens on January 30 has been successfully executed. The results are displayed with various flight options listed, including different airlines and prices. The screenshot prominently features the price graph option, allowing analysis of price trends over the next two months. The user now has access to view flight details and the price history from January 30 onwards."
Search a one-way flight from Dublin To Athens Greece for 1 Adult that leaves on January 30 and analyze the price graph for the next 2 months. Current date is: 2025-01-04.,Summarizing last observations,"The most recent observations indicate that the user has successfully set up the search parameters for a one-way flight from Dublin to Athens, departing on January 30. The search results are displayed, listing various flight options with different airlines, durations, prices, and CO2 emissions information. The cheapest option appears to be available from $105. Additionally, the interface shows a prompt suggesting a cheaper travel option on January 31 for $78.

The visual context from the screenshots corroborates these details, showing the search page with flights sorted by top flights, pricing details, and the option to view a price history graph for analyzing flights for the next two months. To get a complete understanding of the entire task scenario, please refer to the full task history."