task,user_action_and_explanation,observation
"Find the most affordable one-way flight from Cape Town to Singapore, departing on April 20, 2025, and include the airline and total number of layovers. Current date is: 2025-01-04.",Going to https://www.google.com/travel/flights/,Went to https://www.google.com/travel/flights/
"Find the most affordable one-way flight from Cape Town to Singapore, departing on April 20, 2025, and include the airline and total number of layovers. Current date is: 2025-01-04.",type 'Cape Town' into the 'Where from?' textbox to set the departure location for the flight search.,The departure location 'Cape Town' has been successfully set in the 'Where from?' textbox. The next step is to enter 'Singapore' in the 'Where to?' field to set the destination.
"Find the most affordable one-way flight from Cape Town to Singapore, departing on April 20, 2025, and include the airline and total number of layovers. Current date is: 2025-01-04.",type 'Singapore' into the 'Where to?' textbox to set the destination location for the flight search.,"The destination 'Singapore' has been successfully entered into the 'Where to?' field. The next step is to select the departure date of April 20, 2025, in the 'Departure' field and then proceed with the flight search."
"Find the most affordable one-way flight from Cape Town to Singapore, departing on April 20, 2025, and include the airline and total number of layovers. Current date is: 2025-01-04.","click the 'Departure' field to select the departure date of April 20, 2025.","The departure date has been successfully set to April 20, 2025, in the 'Departure' field of the flight search form. The destination and departure locations are correctly entered as 'Cape Town' and 'Singapore' respectively. The next step is to click the 'Search' button to proceed with finding available flights for the specified criteria."
"Find the most affordable one-way flight from Cape Town to Singapore, departing on April 20, 2025, and include the airline and total number of layovers. Current date is: 2025-01-04.","click the 'Search' button to find available flights based on the specified criteria: departing from Cape Town to Singapore on April 20, 2025, which has been correctly set in the fields.","After clicking the 'Search' button, the action seems to have not resulted in displaying flight options. Instead, the page is still showing the date selection interface with the calendar view open. It appears that flights have not been searched or displayed successfully; the user might need to ensure that the flight search action was properly initiated or check for any missing search parameters."
"Find the most affordable one-way flight from Cape Town to Singapore, departing on April 20, 2025, and include the airline and total number of layovers. Current date is: 2025-01-04.","click the 'Done' button to confirm the departure date selection and return to the main search interface, so the search for flights can be initiated successfully.","Despite clicking the 'Done' button, the user is still on the main search page with the correct departure and destination set (Cape Town and Singapore) and the departure date (April 20) visible. However, the system is set to a ""Round trip"" search, not one-way, which could affect the search results. The 'Search' button is available for initiating the search, but the settings might need adjusting to ""One-way"" before proceeding."
"Find the most affordable one-way flight from Cape Town to Singapore, departing on April 20, 2025, and include the airline and total number of layovers. Current date is: 2025-01-04.","click the 'Round trip' dropdown to change the flight type to 'One-way', ensuring the search aligns with the task requirement for a one-way flight.","The ""Round trip"" dropdown has been interacted with and shows options for ""One way"" and ""Multi-city."" It seems that the user is in the process of changing the flight type to ""One way,"" aligning with the task requirements for finding a one-way flight. However, the change does not appear to have been selected yet on the screenshot captured. Once the ""One way"" option is selected, the user should be able to proceed with the flight search by clicking the ""Search"" button again."
"Find the most affordable one-way flight from Cape Town to Singapore, departing on April 20, 2025, and include the airline and total number of layovers. Current date is: 2025-01-04.",click 'One way' from the dropdown menu that currently shows 'Round trip' to set the flight search criteria correctly for finding a one-way flight from Cape Town to Singapore.,"The flight search settings have now been correctly updated to 'One way', with 'Cape Town' as the departure city, 'Singapore' as the destination, and April 20, 2025, as the departure date. The search criteria are properly set, and the 'Search' button is available to initiate the search for flights matching these parameters."
"Find the most affordable one-way flight from Cape Town to Singapore, departing on April 20, 2025, and include the airline and total number of layovers. Current date is: 2025-01-04.","click the 'Search' button to initiate the search for one-way flights from Cape Town to Singapore on April 20, 2025, as the fields are properly set and the flight type is correctly selected as 'One way'.","The search results for one-way flights from Cape Town to Singapore on April 20, 2025, are now visible. The most affordable flight is by Emirates, priced at $579 with 1 layover. The flight duration is 19 hours, and the layover is 1 hour and 45 minutes long. The search criteria are correctly set, and the user has successfully initiated and obtained the search results."
"Find the most affordable one-way flight from Cape Town to Singapore, departing on April 20, 2025, and include the airline and total number of layovers. Current date is: 2025-01-04.",Summarizing last observations,"The most recent observation reveals that the user successfully searched for flights. The search was adjusted to a one-way trip from Cape Town to Singapore on April 20, 2025. The cheapest option found is with Emirates Airlines, having one stop, priced at $579.

This summary reflects only the latest observations, refer to the task history for full context."