task,user_action_and_explanation,observation
"Find the cheapest one-way flight from New York to Tokyo departing on February 15, 2025, and provide the airline and total flight duration. Current date is: 2025-01-04.",Going to https://www.google.com/travel/flights/,Went to https://www.google.com/travel/flights/
"Find the cheapest one-way flight from New York to Tokyo departing on February 15, 2025, and provide the airline and total flight duration. Current date is: 2025-01-04.","type ""New York"" into the ""Where from?"" field to specify the origin of the flight search, which is essential for finding flights from New York to Tokyo.","The user has successfully entered 'New York' as the departure city in the flight search tool on Google Flights. The 'Where from?' field is now filled correctly, which is the first step in setting up the search for flights from New York. The next steps would be to enter 'Tokyo' as the destination, select the departure date as February 15, 2025, and change the search type to one-way instead of the default roundtrip."
"Find the cheapest one-way flight from New York to Tokyo departing on February 15, 2025, and provide the airline and total flight duration. Current date is: 2025-01-04.","type ""Tokyo"" into the ""Where to?"" field to set Tokyo as the destination for the flight search, which is necessary to find flights from New York to Tokyo.","The user has successfully entered 'Tokyo' as the destination city in the flight search tool on Google Flights. Both 'New York' and 'Tokyo' are now correctly filled in the 'Where from?' and 'Where to?' fields, respectively. The next steps involve setting the departure date to February 15, 2025, selecting the one-way option, and then searching for flights to continue with obtaining price and flight details."
"Find the cheapest one-way flight from New York to Tokyo departing on February 15, 2025, and provide the airline and total flight duration. Current date is: 2025-01-04.","click the ""Round trip"" button to change the search option to ""One-way"" because finding the cheapest one-way flight requires selecting the one-way travel option, which is essential for the search parameters.","The user successfully opened the option to change the trip type by clicking on the 'Round trip' button. The dropdown menu is visible with options including 'One way,' but it appears the user has not yet selected the 'One way' option. To proceed, the user should select 'One way' from the dropdown to adjust the search parameters appropriately for a one-way flight."
"Find the cheapest one-way flight from New York to Tokyo departing on February 15, 2025, and provide the airline and total flight duration. Current date is: 2025-01-04.","click the ""One way"" option in the dropdown to select the trip as one-way since the task is to find the cheapest one-way flight, and this setting needs to be configured before proceeding to search.","The user has successfully selected the 'One way' option for their flight search. The search parameters now correctly show 'New York' as the departure city, 'Tokyo' as the destination, and 'One way' as the trip type. The next step is to enter the departure date of February 15, 2025, and then click 'Search' to find available flights."
"Find the cheapest one-way flight from New York to Tokyo departing on February 15, 2025, and provide the airline and total flight duration. Current date is: 2025-01-04.","click the ""Departure"" field to open the date picker, allowing the selection of February 15, 2025, as the departure date, which is crucial to accurately search for flights on the desired travel date.","The user has successfully selected February 15, 2025, as the departure date in the flight search tool. All necessary search parameters are set: 'New York' as the departure city, 'Tokyo' as the destination, 'One way' as the trip type, and the correct departure date. The next step is to click the 'Search' button to find available flights and obtain the price, airline, and total flight duration details."
"Find the cheapest one-way flight from New York to Tokyo departing on February 15, 2025, and provide the airline and total flight duration. Current date is: 2025-01-04.","click the ""Search"" button, which is currently visible above the Find cheap flights from United States to anywhere section, to initiate the search for flights based on the configured parameters: New York to Tokyo, departing on February 15, 2025, and one-way trip type is essential to obtain the price, airline, and total flight duration details needed for the task.","The user attempted to click the 'Search' button, but it appears from the screenshot that the departure date selection is still active, possibly blocking the main search action. The 'Search' button might not be effectively clicked or has not triggered the search action due to the date picker being open. The selection for 'One way' and February 15, 2025, as the departure date is correctly highlighted. The next action should be to close the date picker by clicking 'Done,' ensuring the search parameters are all activated and then proceed to click 'Search' again to trigger the flight search process."
"Find the cheapest one-way flight from New York to Tokyo departing on February 15, 2025, and provide the airline and total flight duration. Current date is: 2025-01-04.","click the ""Done"" button below the selected date to confirm the departure date, which will allow us to proceed with searching for flights with all the correct parameters set.","The user has successfully confirmed February 15, 2025, as the departure date by clicking the ""Done"" button in the date picker. Now, the search parameters show 'New York' as the departure city, 'Tokyo' as the destination, with a departure on Saturday, February 15, in a one-way trip, all being correctly configured in the interface. The date picker is no longer open, so the 'Search' button is available to be clicked to execute the inquiry for flight options."
"Find the cheapest one-way flight from New York to Tokyo departing on February 15, 2025, and provide the airline and total flight duration. Current date is: 2025-01-04.","click the ""Search"" button with the magnifying glass icon to initiate the search process and find available one-way flights from New York to Tokyo on the selected date.","The flight search is successfully initiated. The cheapest one-way flight from New York to Tokyo on February 15, 2025, is priced at $500. This flight is offered by Air Canada with the code EWR-NRT, includes 1 stop, and has a total duration of 29 hours and 6 minutes. The airline providing this flight is Air Canada, and it involves a stop with a significant travel time, which may explain the lower price."
"Find the cheapest one-way flight from New York to Tokyo departing on February 15, 2025, and provide the airline and total flight duration. Current date is: 2025-01-04.",Summarizing last observations,"The most recent observations indicate that the cheapest one-way flight from New York to Tokyo on February 15, 2025, is priced at $500. This flight is operated by Air Canada with a total travel time of 29 hours and 50 minutes, including one stop. The screenshot reflects these details clearly. For full context and additional details, reviewing the complete task history would be beneficial."