task,user_action_and_explanation,observation
Search for a flight on January 19 and return on January 26 from Tel Aviv to Venice and Select First Class. Current date is: 2025-01-04.,Going to https://www.google.com/travel/flights/,Went to https://www.google.com/travel/flights/
Search for a flight on January 19 and return on January 26 from Tel Aviv to Venice and Select First Class. Current date is: 2025-01-04.,type 'Tel Aviv' in the 'Where from?' field to set Tel Aviv as the departure location.,"The user successfully set 'Tel Aviv-Yafo' as the departure location on the flight search interface. The next step would be to set the destination to 'Venice', select the departure and return dates (January 19 and January 26, respectively), and change the class from 'Economy' to 'First Class'."
Search for a flight on January 19 and return on January 26 from Tel Aviv to Venice and Select First Class. Current date is: 2025-01-04.,type 'Venice' in the 'Where to?' field to set Venice as the destination location.,"'Venice' has been successfully set as the destination location. The next steps are to input the departure date as January 19 and return date as January 26, and change the class from 'Economy' to 'First Class'."
Search for a flight on January 19 and return on January 26 from Tel Aviv to Venice and Select First Class. Current date is: 2025-01-04.,click on the 'Departure' field to open the calendar and select the departure date.,"The user successfully clicked on the 'Departure' field, and the field now indicates the selected departure date as ""Sun, Jan 19"". However, the return date is currently unspecified and still needs to be selected. Additionally, the travel class is still set to 'Economy', and it needs to be changed to 'First Class'."
Search for a flight on January 19 and return on January 26 from Tel Aviv to Venice and Select First Class. Current date is: 2025-01-04.,click on the 'Return' field to open the calendar and select the return date as January 26. This is necessary to complete the round trip flight details with the correct dates for both departure and return.,"The user has successfully selected both the departure date (Sun, Jan 19) and the return date (Sun, Jan 26) on the flight search interface. However, the travel class is still set to 'Economy', and it needs to be changed to 'First Class' to fully meet the task requirements."
Search for a flight on January 19 and return on January 26 from Tel Aviv to Venice and Select First Class. Current date is: 2025-01-04.,click on the 'Economy' button to change the travel class to 'First Class'. This will ensure the flight preferences are set as desired for a first-class experience on the selected dates.,"The dropdown menu for travel class is open, and 'First' is visible as an option. The user can select 'First' to change the travel class to First Class, which will complete the task requirements."
Search for a flight on January 19 and return on January 26 from Tel Aviv to Venice and Select First Class. Current date is: 2025-01-04.,click on 'First' in the dropdown menu under 'Economy' to change the travel class to First Class. This action is necessary to complete the flight search preferences for a first-class experience on the specified travel dates.,"The flight search interface now reflects the selection of 'First' class, with the departure from 'Tel Aviv-Yafo' to 'Venice' on January 19 and returning on January 26. All specified search criteria are set correctly for the task requirements. The user can now proceed to search for available flights by clicking the 'Search' button."
Search for a flight on January 19 and return on January 26 from Tel Aviv to Venice and Select First Class. Current date is: 2025-01-04.,Summarizing last observations,"Based on the most recent observations, the user successfully completed setting up a flight search on Google Flights. The departure city was set to Tel Aviv and the destination to Venice. The travel dates chosen were January 19 for the departure and January 26 for the return, all set for a round trip. The travel class has been updated to 'First Class', as confirmed by the visible dropdown menu selection in the screenshots, which shows 'First Class' toggled in the flight search input form. For comprehensive details and full task context, refer to the entire task history."