task,user_action_and_explanation,observation
Book a journey with return option on same day from Edinburg to Manchester on January 31st and show me the lowest price option available. Current date is: 2025-01-04.,Going to https://www.google.com/travel/flights/,Went to https://www.google.com/travel/flights/
Book a journey with return option on same day from Edinburg to Manchester on January 31st and show me the lowest price option available. Current date is: 2025-01-04.,"type ""Edinburgh"" into the 'Where from?' placeholder to specify the departure point for the journey.","The user successfully entered 'Edinburgh' as the departure location in the 'Where from?' field on Google Flights. The current page reflects this change, with 'Edinburgh' displayed as the departure city. The next step should involve entering the destination city 'Manchester' in the ""Where to?"" field and specifying the travel dates to continue with the booking process."
Book a journey with return option on same day from Edinburg to Manchester on January 31st and show me the lowest price option available. Current date is: 2025-01-04.,"type ""Manchester"" into the 'Where to?' placeholder to specify the destination for the journey.","The user successfully entered 'Manchester' into the 'Where to?' field, designating it as the destination city. The search parameters now correctly display 'Edinburgh' as the departure location and 'Manchester' as the destination. The next step is to specify the departure and return dates as January 31st for a round trip to continue the booking process and find the lowest price option available."
Book a journey with return option on same day from Edinburg to Manchester on January 31st and show me the lowest price option available. Current date is: 2025-01-04.,"click the 'Departure' field to open the date picker and specify the departure date as January 31st for both departure and return, aligning with the same day round trip requirement to find the lowest price option.","The current screenshot shows that the 'Departure' date has been set to January 31st, 2025. However, the 'Return' date field still appears to say 'Return', indicating it has not yet been selected to reflect the same day return journey required for the task. The next step is to ensure the return date is also set to January 31st, 2025, before searching for flight options."
Book a journey with return option on same day from Edinburg to Manchester on January 31st and show me the lowest price option available. Current date is: 2025-01-04.,"click the 'Return' field to open the date picker and select January 31st, 2025, as the return date, ensuring the journey is a same day round trip, which is required to find the lowest price option.","The user has successfully set the departure city to 'Edinburgh', the destination city to 'Manchester', and the departure date to January 31st. The return date field has now been clicked, but it still reads 'Return' and does not yet show January 31st. The 'Round trip' option is selected, and it shows that further action is needed to set the return date to January 31st to meet the task requirements. Once the return date is set, the user can proceed to search for flights to find the lowest price option available."
Book a journey with return option on same day from Edinburg to Manchester on January 31st and show me the lowest price option available. Current date is: 2025-01-04.,"click the 'Return' date field and select January 31st, 2025, ensuring both departure and return dates are set for the same day to meet the requirements for a round trip.","The user has successfully set both the departure and return dates to January 31st, 2025, on the Google Flights page for the round trip from Edinburgh to Manchester. The search parameters show 'Edinburgh' as the departure city, 'Manchester' as the destination city, and both the departure and return dates correctly set for January 31st, 2025. The search form is now fully completed and ready for the user to click the 'Search' button to find available flights and check the lowest price options for the specified journey."
Book a journey with return option on same day from Edinburg to Manchester on January 31st and show me the lowest price option available. Current date is: 2025-01-04.,"click the 'Search' button to proceed with finding available flights and showing the lowest price option for the selected round trip from Edinburgh to Manchester on January 31st, 2025.","The current screenshot reveals that the search page on Google Flights is displaying a calendar view with the departure date set for January 31st, 2025. However, the return date is not correctly set to January 31st, 2025, as initially mentioned. The field for the return date is still highlighted or under processing. It's displaying the right selected month but not confirming both dates selected for a round trip visibly. The user needs to ensure that both dates reflect the required January 31st journey. Further action is needed to affirm that both the departure and return dates are the same, allowing them to proceed to view available flights and the lowest prices."
Book a journey with return option on same day from Edinburg to Manchester on January 31st and show me the lowest price option available. Current date is: 2025-01-04.,"click the 'Done' button to confirm the selected same day round trip dates and proceed to search for flights, ensuring the parameters are set for making a booking from Edinburgh to Manchester on January 31st, 2025.","The flight search parameters are correctly set with 'Edinburgh' as the departure city, 'Manchester' as the destination, and both the departure and return dates are set to January 31st, 2025. The page is ready for the user to click the 'Search' button to find flights and show the lowest price option available for the specified round trip."
Book a journey with return option on same day from Edinburg to Manchester on January 31st and show me the lowest price option available. Current date is: 2025-01-04.,click the 'Search' button with the magnifying glass icon to initiate the search for available flights from Edinburgh to Manchester on January 31st and find the lowest price option.,"The user has successfully initiated the search for flights from Edinburgh to Manchester with both departure and return dates set to January 31st, 2025. The search results are displayed, showing available flight options. The lowest price option for the round trip is visible at $327, offered by Aer Lingus with a total travel time of 7 hours and 15 minutes involving 1 stop."
Book a journey with return option on same day from Edinburg to Manchester on January 31st and show me the lowest price option available. Current date is: 2025-01-04.,Summarizing last observations,"The most recent observations reveal that the user has successfully set up a round trip on Google Flights from Edinburgh to Manchester for January 31st, 2025. The search results are displayed showing various flight options.

From the current screenshots, the lowest price round-trip ticket available costs $327. This ticket is with Aer Lingus for a flight departing at 12:00 PM and returning at 7:15 PM, involving one stop with a total travel time of 7 hours and 15 minutes.

This summary reflects only the latest observations. For full context and additional details, please refer to the complete task history."