task,user_action_and_explanation,observation
"Find the best-priced round-trip flight from Seattle to Paris, departing on March 27, 2025, and returning on April 1, 2025, with a maximum of one stop. Current date is: 2025-01-04.",Going to https://www.google.com/travel/flights/,Went to https://www.google.com/travel/flights/
"Find the best-priced round-trip flight from Seattle to Paris, departing on March 27, 2025, and returning on April 1, 2025, with a maximum of one stop. Current date is: 2025-01-04.","type ""Seattle"" into the ""Where from?"" input field to specify the departure city for the flight search.","The user successfully entered ""Seattle"" as the departure city in the ""Where from?"" input field. The search interface is now ready for the next step, which is to specify the arrival city by typing ""Paris"" into the ""Where to?"" input field."
"Find the best-priced round-trip flight from Seattle to Paris, departing on March 27, 2025, and returning on April 1, 2025, with a maximum of one stop. Current date is: 2025-01-04.","type ""Paris"" into the ""Where to?"" input field to specify the destination city for the flight search.","The user successfully entered ""Paris"" as the destination city in the ""Where to?"" input field. The departure and destination fields are now correctly set. The next step is to select the departure and return dates for the trip."
"Find the best-priced round-trip flight from Seattle to Paris, departing on March 27, 2025, and returning on April 1, 2025, with a maximum of one stop. Current date is: 2025-01-04.","click the ""Departure"" date field to bring up the calendar for selecting the departure date of March 27, 2025.","The user successfully selected the departure date of March 27, 2025, in the departure date field. The calendar interface correctly displays this date. The next step is to select the return date of April 1, 2025, before proceeding to search for flights."
"Find the best-priced round-trip flight from Seattle to Paris, departing on March 27, 2025, and returning on April 1, 2025, with a maximum of one stop. Current date is: 2025-01-04.","click the 'Return' date field to bring up the calendar and select the return date of April 1, 2025.","The user has successfully selected both the departure date of March 27, 2025, and the return date of April 1, 2025. The date fields reflect these choices accurately, indicating that the next step is to proceed with the flight search by clicking the 'Search' button."
"Find the best-priced round-trip flight from Seattle to Paris, departing on March 27, 2025, and returning on April 1, 2025, with a maximum of one stop. Current date is: 2025-01-04.","click the 'Search' button to start finding flights with the specified parameters of Seattle to Paris, departing March 27, 2025, and returning April 1, 2025.","The search criteria for a round-trip flight from Seattle to Paris, departing on March 27, 2025, and returning on April 1, 2025, is correctly set, with both dates selected. The 'Done' button needs to be pressed to confirm the date selection and proceed with retrieving flight options."
"Find the best-priced round-trip flight from Seattle to Paris, departing on March 27, 2025, and returning on April 1, 2025, with a maximum of one stop. Current date is: 2025-01-04.",click the 'Done' button next to the date selection to confirm the chosen dates and proceed with the flight search.,"The user has successfully confirmed the selection of the departure and return dates, as indicated by both the dates being set correctly (Thu, Mar 27 and Tue, Apr 1) on the flight search interface. Additionally, the 'Search' button is now visible and ready to be clicked to proceed with the flight search. There are no indications of any errors or issues at this stage."
"Find the best-priced round-trip flight from Seattle to Paris, departing on March 27, 2025, and returning on April 1, 2025, with a maximum of one stop. Current date is: 2025-01-04.","click the 'Search' button, identified by its magnifying glass icon, to initiate the flight search with the already specified parameters of Seattle as the departure city, Paris as the destination, departing on March 27, 2025, and returning on April 1, 2025.","The search results for flights from Seattle to Paris, departing on March 27, 2025, and returning on April 1, 2025, have been successfully displayed. The cheapest flight option is listed as $700 for a round trip provided by Condor and Lufthansa, which includes one stop and has total travel time of approximately 20 hours and 15 minutes. This flight meets the user's criteria of having no more than one stop. Other options are available with varying prices and travel times."
"Find the best-priced round-trip flight from Seattle to Paris, departing on March 27, 2025, and returning on April 1, 2025, with a maximum of one stop. Current date is: 2025-01-04.",Summarizing last observations,"The most recent observations indicate that the search for a round-trip flight from Seattle to Paris, departing on March 27, 2025, and returning on April 1, 2025, has been successfully completed. The current best-priced option is a flight from Condor, Lufthansa at $700, which includes one stop. This reflects the latest observations and available flight options. Refer to the task history for complete details and previous actions."