task,user_action_and_explanation,observation
"Find a round trip from Phoenix to Miami (Jan. 25th - Jan. 28th), show the First Class plane tickets for me that do not exceed $1320. Current date is: 2025-01-04.",Going to https://www.google.com/travel/flights/,Went to https://www.google.com/travel/flights/
"Find a round trip from Phoenix to Miami (Jan. 25th - Jan. 28th), show the First Class plane tickets for me that do not exceed $1320. Current date is: 2025-01-04.","type ""Phoenix"" into the 'Where from?' field to specify the departure city.","The user has successfully entered 'Phoenix' into the 'Where from?' field. This sets the departure city for the flight search. The 'Where to?' field, departure date, return date, and class need to be entered next to proceed with searching for flights."
"Find a round trip from Phoenix to Miami (Jan. 25th - Jan. 28th), show the First Class plane tickets for me that do not exceed $1320. Current date is: 2025-01-04.","type ""Miami"" into the 'Where to?' field to specify the destination city for the flight search.","The user has successfully entered 'Miami' into the 'Where to?' field, specifying the destination city for the flight search. The next steps involve setting the departure and return dates as well as selecting the travel class (First Class) before proceeding to search for flights."
"Find a round trip from Phoenix to Miami (Jan. 25th - Jan. 28th), show the First Class plane tickets for me that do not exceed $1320. Current date is: 2025-01-04.",click on the 'Departure' field to open the date selection calendar and set the departure date of January 25th.,"The departure date has been successfully set to January 25, 2025, in the 'Departure' field. The next step is to set the return date to January 28, 2025, and then change the class to First Class for the flight search. The current class is still set to Economy, which needs to be updated."
"Find a round trip from Phoenix to Miami (Jan. 25th - Jan. 28th), show the First Class plane tickets for me that do not exceed $1320. Current date is: 2025-01-04.","click on the 'Return' field to open the date selection calendar and set the return date to January 28, 2025. This will complete the round-trip date selection, which is essential to find flights that match the desired travel itinerary.","The return date has been successfully set to January 28, 2025, completing the round-trip date selection. The departure city is set to Phoenix and the destination city set to Miami. However, the travel class is still set to Economy, and it needs to be changed to First Class in order to proceed with finding tickets within the budget of $1320."
"Find a round trip from Phoenix to Miami (Jan. 25th - Jan. 28th), show the First Class plane tickets for me that do not exceed $1320. Current date is: 2025-01-04.","click on the 'Economy' dropdown to change the travel class to First Class, as this is necessary to meet the task requirement of finding First Class plane tickets.","The user action of clicking on the 'Economy' dropdown was successful, and the dropdown menu is now open, displaying options such as Premium Economy, Business, and First Class. The user can now select 'First Class' from this menu to set the correct travel class for their flight search."
"Find a round trip from Phoenix to Miami (Jan. 25th - Jan. 28th), show the First Class plane tickets for me that do not exceed $1320. Current date is: 2025-01-04.",click on 'First' in the travel class dropdown to select First Class. This is necessary to proceed with finding flights that fit the specified requirement for First Class travel.,"The travel class has been successfully changed to First Class. The search parameters are now set for a round trip from Phoenix to Miami with departure on January 25th and return on January 28th, in First Class. The search can now be executed to find flights that do not exceed $1320."
"Find a round trip from Phoenix to Miami (Jan. 25th - Jan. 28th), show the First Class plane tickets for me that do not exceed $1320. Current date is: 2025-01-04.","click on the 'Search' button to execute the search for flights with the specified parameters, including First Class and the specified dates.","The search for First Class tickets from Phoenix to Miami with the selected travel dates of January 25 to January 28 has been completed. The first few options displayed have prices ranging from $1,007 to $1,539. Multiple flight options are available within the user's budget of $1,320, including some round-trip flights priced at $1,007 and $1,043, which fall below the budget constraint. The options also include flights with different stopovers and durations, such as 1-stop flights with timings going from mid-morning to evening."
"Find a round trip from Phoenix to Miami (Jan. 25th - Jan. 28th), show the First Class plane tickets for me that do not exceed $1320. Current date is: 2025-01-04.",Summarizing last observations,"The most recent observations indicate that the user accessed a list of flight options for a round trip from Phoenix to Miami, scheduled between January 25th and January 28th, 2025. The flights are displayed in First Class, with prices and details available for each flight. According to the current screenshots, the cheapest First Class round trip flight is priced at $1,007, which is an overnight trip with United Airlines that includes a stop. However, all other available options on the visible screenshots exceed the user's budget of $1,320, with nonstop flights priced at $1,539 and $1,649. This summary reflects only the latest observations based on the current page and existing options. For a complete understanding of the task, review of the full history would provide additional context and detailed steps leading up to this point."