task,user_action_and_explanation,observation
Find the lowest fare from all eligible one-way flights for 1 adult from JFK to Heathrow on Feb. 22. Current date is: 2025-01-04.,Going to https://www.google.com/travel/flights/,Went to https://www.google.com/travel/flights/
Find the lowest fare from all eligible one-way flights for 1 adult from JFK to Heathrow on Feb. 22. Current date is: 2025-01-04.,"type ""JFK"" into the ""Where from?"" field to start entering your departure airport for flights.","The departure airport ""JFK"" has been successfully entered into the ""Where from?"" field. You can now proceed to enter ""Heathrow"" in the ""Where to?"" field to continue searching for flights."
Find the lowest fare from all eligible one-way flights for 1 adult from JFK to Heathrow on Feb. 22. Current date is: 2025-01-04.,"type ""Heathrow"" into the ""Where to?"" field to specify the destination airport for the flight search.","The destination airport ""London Heathrow (LHR)"" has been successfully entered into the ""Where to?"" field. The next step is to enter the departure date, February 22, and ensure the trip type is set to one-way before conducting the search for available flights."
Find the lowest fare from all eligible one-way flights for 1 adult from JFK to Heathrow on Feb. 22. Current date is: 2025-01-04.,"click on the 'Departure' field to open the calendar and select the departure date, February 22, which is necessary to search for flights on that specific day.","The user attempted to open the calendar to select the departure date for the flight but didn't seem to achieve this as the date selection calendar is not visible in the screenshot. Additionally, the flight type is currently set to 'Round trip' instead of 'One way', which does not align with the task goal. The next steps should include switching the trip type to 'One way' and successfully opening the calendar to pick the correct departure date, February 22."
Find the lowest fare from all eligible one-way flights for 1 adult from JFK to Heathrow on Feb. 22. Current date is: 2025-01-04.,"click on 'Round trip' dropdown to change the trip type to 'One way', ensuring that the search criteria matches the task goal of finding a one-way flight.","The dropdown for changing the trip type is open, and the 'One way' option is visible and can be selected. However, it is not yet confirmed if the selection was made. Once 'One way' is selected, the next step would be to ensure the departure date is set to February 22 before proceeding with the search."
Find the lowest fare from all eligible one-way flights for 1 adult from JFK to Heathrow on Feb. 22. Current date is: 2025-01-04.,"click on 'One way' under the trip type dropdown to ensure the search is set for a one-way flight, aligning with the task goal.","The trip type has been successfully changed to 'One way', aligning with the task goal of finding a one-way flight from JFK to Heathrow on February 22. However, the departure date is still not set. The calendar needs to be accessed and February 22 selected, after which the search can be conducted."
Find the lowest fare from all eligible one-way flights for 1 adult from JFK to Heathrow on Feb. 22. Current date is: 2025-01-04.,"click on the 'Departure' field to open the calendar and select February 22 as the departure date, which is necessary to search for flights on that specific day.","The departure date of February 22, 2025, has been successfully selected in the search form. The trip type is set to 'One way', and the route from New York JFK to London LHR is correctly established. The setup is complete for searching flights. The next step is to click on the 'Search' button to find available flights and determine the lowest fare for the specified date and criteria."
Find the lowest fare from all eligible one-way flights for 1 adult from JFK to Heathrow on Feb. 22. Current date is: 2025-01-04.,"click on the 'Search' button with the magnifying glass icon next to the flight details to conduct the search for available one-way flights from JFK to Heathrow on February 22, as all other necessary fields are correctly filled.","The user attempted to click on the 'Search' button, but the calendar for selecting the departure date, February 22, is still open onscreen. As a result, the search for flights has not yet been executed. To proceed, the user needs to click 'Done' on the calendar to close it before clicking the 'Search' button to initiate the search process for available one-way flights from JFK to Heathrow on February 22."
Find the lowest fare from all eligible one-way flights for 1 adult from JFK to Heathrow on Feb. 22. Current date is: 2025-01-04.,"click on the 'Done' button next to the calendar widget for February 22 to confirm the departure date selection, ensuring that the flight search proceeds with the correct date.","The departure date of February 22, 2025, has been successfully confirmed as the selected date on the flight search platform. All necessary criteria for the search, including setting the trip as 'One way' and defining both departure (JFK) and destination (LHR) airports, are in place. The setup is complete, and you can now proceed by clicking on the 'Search' button to find available flights from New York JFK to London Heathrow for the specified date."
Find the lowest fare from all eligible one-way flights for 1 adult from JFK to Heathrow on Feb. 22. Current date is: 2025-01-04.,"click on the 'Search' button to initiate the search for one-way flights from New York JFK to London Heathrow on February 22, as all flight parameters have been fully set up according to the task goal.","The search results have returned for one-way flights from New York JFK to London Heathrow on February 22. The cheapest flight available is with JetBlue, departing at 8:34 AM and arriving at 8:45 PM, with a flight duration of 7 hours and 11 minutes, priced at $244. This flight has no stops and matches the user's criteria."
Find the lowest fare from all eligible one-way flights for 1 adult from JFK to Heathrow on Feb. 22. Current date is: 2025-01-04.,Summarizing last observations,"The most recent observations reveal that the user successfully set the trip type to 'One way' and conducted a flight search from JFK to London Heathrow for February 22. The flight search results are displayed, showing various airlines, flight times, and fares. According to the current screenshots, the lowest fare available is $244 for a nonstop flight from 8:34 AM to 8:45 PM with JetBlue. The user can sort the flights by various criteria, such as price or airlines, to further refine their search. This summary only captures the latest observations and outcomes; please refer to the full task history for a comprehensive understanding of all prior actions and observations."