task,user_action_and_explanation,observation
"Find the cheapest round-trip flight from New York to Paris leaving on Jan 27, 2025, and returning on Feb 10, 2025. Current date is: 2025-01-04.",Going to https://www.google.com/travel/flights/,Went to https://www.google.com/travel/flights/
"Find the cheapest round-trip flight from New York to Paris leaving on Jan 27, 2025, and returning on Feb 10, 2025. Current date is: 2025-01-04.",type 'New York' in the 'Where from?' field to specify the departure city.,"The 'Where from?' field has been successfully filled with 'New York'. The 'Where to?' field still needs to be filled in with 'Paris', and the departure and return dates also need to be specified."
"Find the cheapest round-trip flight from New York to Paris leaving on Jan 27, 2025, and returning on Feb 10, 2025. Current date is: 2025-01-04.",type 'Paris' in the 'Where to?' field to specify the destination city.,The user has successfully filled in the 'Where to?' field with 'Paris'. The departure and return fields are still empty.
"Find the cheapest round-trip flight from New York to Paris leaving on Jan 27, 2025, and returning on Feb 10, 2025. Current date is: 2025-01-04.",click on the 'Departure' field to start entering the departure date.,"The user has successfully opened the 'Departure' date selector and entered the departure date as January 27, 2025. However, the return date is still not specified and needs to be filled out to complete the search criteria."
"Find the cheapest round-trip flight from New York to Paris leaving on Jan 27, 2025, and returning on Feb 10, 2025. Current date is: 2025-01-04.","click on the 'Return' field to specify the return date as February 10, 2025. This action is necessary to complete the search criteria for the round-trip flight and enable searching for flights that match all specified parameters.","The user successfully clicked on the 'Return' field and entered 'Feb 10, 2025' as the return date. The flight search form is now fully populated with the departure city 'New York', destination city 'Paris', departure date 'January 27, 2025', and return date 'February 10, 2025'. The user can now click on the 'Search' button to find the cheapest available flights for these dates."
"Find the cheapest round-trip flight from New York to Paris leaving on Jan 27, 2025, and returning on Feb 10, 2025. Current date is: 2025-01-04.",click on the 'Search' button to find the available flights between New York and Paris based on the entered departure and return dates. This action will initiate the search for the cheapest options and display available flight results.,"The search results for flights from New York to Paris for the selected dates (Jan 27 to Feb 10, 2025) show that the cheapest round-trip price is $426. The calendar indicates that these are indeed the selected dates, and the flight selection process is successful."
"Find the cheapest round-trip flight from New York to Paris leaving on Jan 27, 2025, and returning on Feb 10, 2025. Current date is: 2025-01-04.",Summarizing last observations,"The most recent observations indicate that the search for flights between New York and Paris for the specified dates (January 27 to February 10, 2025) has successfully yielded results, showing the cheapest round-trip fare at $426. The calendar confirmation on the screenshot ensures these are the correct dates for the search. For full context and details, the complete task history should be referred to."