task,user_action_and_explanation,observation
"Search for the cheapest round-trip flights from Bangkok to Madrid, leaving on March 26, 2025, and returning on March 28, 2025, and provide options under $1000. Current date is: 2025-01-04.",Going to https://www.google.com/travel/flights/,Went to https://www.google.com/travel/flights/
"Search for the cheapest round-trip flights from Bangkok to Madrid, leaving on March 26, 2025, and returning on March 28, 2025, and provide options under $1000. Current date is: 2025-01-04.",type 'Bangkok' in the 'Where from?' input field to start specifying the departure location for the flight search.,The user has successfully entered 'Bangkok' as the departure city in the flight search tool on Google Flights. The next step is to enter 'Madrid' as the destination and specify the departure and return dates to proceed with the search for flights under $1000.
"Search for the cheapest round-trip flights from Bangkok to Madrid, leaving on March 26, 2025, and returning on March 28, 2025, and provide options under $1000. Current date is: 2025-01-04.",type 'Madrid' in the 'Where to?' input field to specify the destination for the flight search.,"The user has successfully entered 'Madrid' as the destination city in the flight search tool on Google Flights. The next step is to enter the departure and return dates, March 26, 2025, and March 28, 2025, respectively, to proceed with searching for available flights under $1000."
"Search for the cheapest round-trip flights from Bangkok to Madrid, leaving on March 26, 2025, and returning on March 28, 2025, and provide options under $1000. Current date is: 2025-01-04.","click the 'Departure' date field to begin selecting the departure date for the flight from Bangkok to Madrid on March 26, 2025.","The user has successfully clicked on the 'Departure' date field and the date is set to March 26, 2025. The next step is to click on the 'Return' date field and set it to March 28, 2025, to proceed with searching for available flights under $1000."
"Search for the cheapest round-trip flights from Bangkok to Madrid, leaving on March 26, 2025, and returning on March 28, 2025, and provide options under $1000. Current date is: 2025-01-04.","click the 'Return' date field to set the return date to March 28, 2025, completing the date selection for the round-trip journey from Bangkok to Madrid.","The user has successfully set both the departure date (March 26, 2025) and the return date (March 28, 2025) for the flight search from Bangkok to Madrid. All necessary flight details have been entered, including the origin, destination, and travel dates, allowing the user to proceed with the search by clicking on the 'Search' button to find flight options."
"Search for the cheapest round-trip flights from Bangkok to Madrid, leaving on March 26, 2025, and returning on March 28, 2025, and provide options under $1000. Current date is: 2025-01-04.",click the 'Search' button to execute the flight search with the specified criteria and find flights under $1000.,"The current screenshot shows the Google Flights page with round-trip settings, displaying selected departure dates from March 26, 2025, to March 28, 2025. The round-trip price from $656 is highlighted, meeting the search criterion to find flights under $1000. Thus, the initial search for flights from Bangkok to Madrid within the desired price range is successful, and options are currently available."
"Search for the cheapest round-trip flights from Bangkok to Madrid, leaving on March 26, 2025, and returning on March 28, 2025, and provide options under $1000. Current date is: 2025-01-04.",Summarizing last observations,"The most recent observations indicate that the user has successfully executed a flight search on Google Flights. The specified criteria were flights from Bangkok to Madrid departing on March 26, 2025, and returning on March 28, 2025. The search results included options under $1000, meeting the user's goal. Specifically, a round-trip flight price starting from $656 is visible, fulfilling the cost requirement. Furthermore, the current screenshots support this observation by displaying the Google Flights search page with highlighted flight price options starting at $656 for the chosen dates. For complete context and additional details, please refer to the entire task history."