task,user_action_and_explanation,observation
"Compare the prices and total travel time of non-stop flights from Mexico City to Frankfurt, departing on April 5, 2025, and returning on April 15, 2025. Current date is: 2025-01-04.",Going to https://www.google.com/travel/flights/,Went to https://www.google.com/travel/flights/
"Compare the prices and total travel time of non-stop flights from Mexico City to Frankfurt, departing on April 5, 2025, and returning on April 15, 2025. Current date is: 2025-01-04.","type ""Mexico City"" into the 'Where from?' input field to set the departure city for the flight search.",The departure city 'Mexico City' has been successfully entered into the 'Where from?' input field. The next step is to enter 'Frankfurt' into the 'Where to?' field.
"Compare the prices and total travel time of non-stop flights from Mexico City to Frankfurt, departing on April 5, 2025, and returning on April 15, 2025. Current date is: 2025-01-04.","type ""Frankfurt"" into the 'Where to?' input field to set the destination city for the flight search.",The destination city 'Frankfurt' has been successfully entered into the 'Where to?' input field. The user still needs to select the departure and return dates to proceed with the flight search.
"Compare the prices and total travel time of non-stop flights from Mexico City to Frankfurt, departing on April 5, 2025, and returning on April 15, 2025. Current date is: 2025-01-04.","click on the 'Departure' date field to select April 5, 2025, as the departure date for the flight search. This action is essential to set the dates for an accurate search and comparison of flight options.","The departure date of April 5, 2025, has been selected successfully in the 'Departure' date field. The 'Return' date still needs to be set to April 15, 2025, to complete the search criteria for the round trip."
"Compare the prices and total travel time of non-stop flights from Mexico City to Frankfurt, departing on April 5, 2025, and returning on April 15, 2025. Current date is: 2025-01-04.","click on the 'Return' date field to select April 15, 2025, as the return date. This action is necessary to specify the complete round trip duration and proceed with finding applicable flight options for comparison.","The user has successfully set both the departure city as 'Mexico City' and the arrival city as 'Frankfurt'. The departure date of April 5, 2025, and the return date of April 15, 2025, have also been correctly entered. The next step is to initiate the search to locate available non-stop flights for comparison in terms of price and total travel time."
"Compare the prices and total travel time of non-stop flights from Mexico City to Frankfurt, departing on April 5, 2025, and returning on April 15, 2025. Current date is: 2025-01-04.","click on the 'Search' button (icon: magnifying glass near 'Mexico City Frankfurt Apr 5 - Apr 15') to initiate the flight search with the specified parameters, allowing for the retrieval and comparison of non-stop flight options based on price and total travel time.","The departure and return dates have been correctly set to April 5, 2025, and April 15, 2025, respectively. However, it appears the search has not yet been executed as the screenshot still shows the calendar with date selections. The search results for flights have not been displayed yet, which means prices and travel times for non-stop flights have not been retrieved."
"Compare the prices and total travel time of non-stop flights from Mexico City to Frankfurt, departing on April 5, 2025, and returning on April 15, 2025. Current date is: 2025-01-04.","click on the 'Done' button located below the calendar to proceed with the flight search, as this will finalize the date selection and allow the search results to display non-stop flight options with prices and total travel times.","The current screenshot shows the departure date set to April 5, 2025, and the return date set to April 15, 2025, with 'Mexico City' and 'Frankfurt' as the departure and arrival cities respectively. However, the 'Search' button is still visible and active, suggesting that the user has not yet clicked it to initiate the flight search. Therefore, no flight options, prices, or total travel times are displayed yet."
"Compare the prices and total travel time of non-stop flights from Mexico City to Frankfurt, departing on April 5, 2025, and returning on April 15, 2025. Current date is: 2025-01-04.","click on the 'Search' button to initiate the flight search with the specified parameters, allowing for the retrieval and comparison of non-stop flight options based on price and total travel time.","The flight search has been executed successfully. The search results are displayed, and you can see non-stop flight options from Mexico City to Frankfurt. There is a non-stop flight available with Lufthansa, departing at 7:50 PM and arriving at 2:45 PM, with a total travel time of 10 hours and 55 minutes. The price for this round-trip non-stop flight is $1,104."
"Compare the prices and total travel time of non-stop flights from Mexico City to Frankfurt, departing on April 5, 2025, and returning on April 15, 2025. Current date is: 2025-01-04.",Summarizing last observations,"Based on the most recent observations, a successful search has been conducted for non-stop flights from Mexico City to Frankfurt departing on April 5, 2025, and returning on April 15, 2025. Among the results, a notable option is a non-stop Lufthansa flight priced at $1,104 with a total travel time of 10 hours and 55 minutes. Prices for flights generally range from $1,043 to $20,030, although the lower-priced options typically involve one or more stops. The search interface also indicates that airfares are in a high range currently. This summary reflects only the latest observations. For a comprehensive understanding of the task and decisions made, refer to the full task history."