task,user_action_and_explanation,observation
"Locate the lowest-priced one-way flight from Tokyo to Sydney for an adult, departing on March 25, 2025, and include the flight duration and number of layovers. Current date is: 2025-01-04.",Going to https://www.google.com/travel/flights/,Went to https://www.google.com/travel/flights/
"Locate the lowest-priced one-way flight from Tokyo to Sydney for an adult, departing on March 25, 2025, and include the flight duration and number of layovers. Current date is: 2025-01-04.",click on the 'Round trip' dropdown to change it to 'One-way' because the task requires finding a one-way flight.,"The user successfully interacted with the flight selection options menu by clicking on the 'Round trip' dropdown. However, the dropdown for 'One way' has not yet been selected; it is still highlighted within the dropdown options.

To progress towards finding a one-way flight from Tokyo to Sydney, the user needs to select 'One way' from the dropdown to change the trip type, enabling them to proceed with specific criteria for the search."
"Locate the lowest-priced one-way flight from Tokyo to Sydney for an adult, departing on March 25, 2025, and include the flight duration and number of layovers. Current date is: 2025-01-04.","click on the 'One way' option in the trip type dropdown to change the flight type to one way, as the goal is to find a one-way flight from Tokyo to Sydney.","The trip type has been successfully set to 'One way'. The search fields for departure and destination, along with the departure date, are available for input. The user can now proceed to enter 'Tokyo' in the 'Where from?' field, 'Sydney' in the 'Where to?' field, and select March 25, 2025, in the 'Departure' field to continue with the search for the lowest-priced flight."
"Locate the lowest-priced one-way flight from Tokyo to Sydney for an adult, departing on March 25, 2025, and include the flight duration and number of layovers. Current date is: 2025-01-04.","type 'Tokyo' in the 'Where from?' field to set the departure location for the flight search, as the task requires finding a flight departing from Tokyo.","The 'Where from?' field has been successfully filled with 'Tokyo'. The next step for progress toward the current task is to enter 'Sydney' in the 'Where to?' field and select the departure date as March 25, 2025, in order to retrieve the relevant flight information."
"Locate the lowest-priced one-way flight from Tokyo to Sydney for an adult, departing on March 25, 2025, and include the flight duration and number of layovers. Current date is: 2025-01-04.","type 'Sydney' in the 'Where to?' field to set the destination for the flight search, as the task requires finding a flight going to Sydney.","The 'Where to?' field has been successfully filled with 'Sydney'. The next step is to set the departure date to March 25, 2025, and then click on the 'Search' button to proceed with finding the lowest-priced one-way flight from Tokyo to Sydney."
"Locate the lowest-priced one-way flight from Tokyo to Sydney for an adult, departing on March 25, 2025, and include the flight duration and number of layovers. Current date is: 2025-01-04.","Changing URL parameters. The given URL is a Google Flights link that appears to be a generic flight search page. To find a specific one-way flight from Tokyo to Sydney with the lowest price, departing on March 25, 2025, it's necessary to modify the query parameters. By setting the 'tfs' parameter with details including departure, destination, flight details, and date, Google Flights can show results specifically for the search criteria. The URL I've crafted includes relevant parameters to specify the route, date, and type of the journey. This URL directs you to search right for one-way flights on the specified date, allowing you to find flights with their duration and layovers details included in the results.",Went to https://www.google.com/travel/flights?tfs=CBwQARocagwIAhIIL20vMDdkZmtyDAgCEggvbS8wNnk1NygBAlgBYgEKCQoWL2cvZ3NqOGwycBoWCgIIQAEoAZYBCwAAAAAAAAFgAQ&utm_campaign=en-&utm_medium=email&utm_source=global&utm_content=flightsearch&tfu=KgIICQ&q=Tokyo%20to%20Sydney%20March%2025%202025
"Locate the lowest-priced one-way flight from Tokyo to Sydney for an adult, departing on March 25, 2025, and include the flight duration and number of layovers. Current date is: 2025-01-04.",Summarizing last observations,"The most recent observations reflect the successful navigation and execution of a flight search on Google Flights, aiming to locate the lowest-priced one-way flight from Tokyo to Sydney, departing on March 25, 2025. The user has managed to adjust the search parameters and reach a results page where several options are presented. According to the current screenshots, the cheapest flight appears to be offered by Scoot, priced at $560, departing at 9:00 AM and arriving at 12:50 PM the following day, with a duration of 25 hours and 50 minutes and includes one stop. For full details on the duration and layovers for other available flights and to confirm any subsequent decisions, refer to the complete task history. Please note that prices shown may vary due to currency differences and additional charges."