task,user_action_and_explanation,observation
"Locate a round-trip flight from Buenos Aires to Beijing, leaving on March 28, 2025, and returning on April 3, 2025, check out one of the options and tell me if the airline for my return flight is the same as my departure flight. Current date is: 2025-01-04.",Going to https://www.google.com/travel/flights/,Went to https://www.google.com/travel/flights/
"Locate a round-trip flight from Buenos Aires to Beijing, leaving on March 28, 2025, and returning on April 3, 2025, check out one of the options and tell me if the airline for my return flight is the same as my departure flight. Current date is: 2025-01-04.","type ""Buenos Aires"" into the ""Where from?"" input box to set your departure city.","The user successfully entered 'Buenos Aires' as the departure city in the 'Where from?' field on the flight search form. The user now needs to enter 'Beijing' in the 'Where to?' input box, and specify the correct departure and return dates to continue with the flight search."
"Locate a round-trip flight from Buenos Aires to Beijing, leaving on March 28, 2025, and returning on April 3, 2025, check out one of the options and tell me if the airline for my return flight is the same as my departure flight. Current date is: 2025-01-04.","type ""Beijing"" into the ""Where to?"" input box to set your destination city, which is necessary for conducting the flight search.","The destination city 'Beijing' has been correctly entered into the 'Where to?' field. The next step is to enter the departure and return dates (March 28, 2025, and April 3, 2025, respectively) into the corresponding fields before performing the search."
"Locate a round-trip flight from Buenos Aires to Beijing, leaving on March 28, 2025, and returning on April 3, 2025, check out one of the options and tell me if the airline for my return flight is the same as my departure flight. Current date is: 2025-01-04.","type ""03/28/2025"" and ""04/03/2025"" into the ""Departure"" and ""Return"" date fields, respectively. This action is optimal because entering the correct travel dates is essential for initiating the search for available round-trip flights between Buenos Aires and Beijing.","The departure date '03/28/2025' has been successfully entered. However, the return date field is still labeled 'Return,' indicating that the return date '04/03/2025' hasn't been entered yet. Proceed with entering the return date to continue."
"Locate a round-trip flight from Buenos Aires to Beijing, leaving on March 28, 2025, and returning on April 3, 2025, check out one of the options and tell me if the airline for my return flight is the same as my departure flight. Current date is: 2025-01-04.","type ""04/03/2025"" into the ""Return"" date field to complete the travel dates setup, which is necessary for performing the flight search.",Both the departure date ('03/28/2025') and the return date ('04/03/2025') have been correctly entered. The user can now proceed to click on the 'Search' button to locate available flights between Buenos Aires and Beijing.
"Locate a round-trip flight from Buenos Aires to Beijing, leaving on March 28, 2025, and returning on April 3, 2025, check out one of the options and tell me if the airline for my return flight is the same as my departure flight. Current date is: 2025-01-04.",click the 'Search' button to initiate the search for round-trip flights from Buenos Aires to Beijing with the dates entered. This is necessary to view available flight options.,"The departure and return dates have been selected for the search. However, flight options still need to be displayed. Ensure the 'Done' button is clicked to finalize date selection and proceed with viewing the available flights."
"Locate a round-trip flight from Buenos Aires to Beijing, leaving on March 28, 2025, and returning on April 3, 2025, check out one of the options and tell me if the airline for my return flight is the same as my departure flight. Current date is: 2025-01-04.",click the 'Done' button to finalize the date selection and proceed with viewing the available flight options. This is necessary as the 'Done' button confirms your round-trip dates for the flight search to display results.,"The 'Done' button has been clicked, and the travel dates are correctly set. The search parameters show a round trip from Buenos Aires to Beijing on the specified dates. The 'Search' button is available to display flight options."
"Locate a round-trip flight from Buenos Aires to Beijing, leaving on March 28, 2025, and returning on April 3, 2025, check out one of the options and tell me if the airline for my return flight is the same as my departure flight. Current date is: 2025-01-04.",click the 'Search' button to initiate the search for round-trip flights between Buenos Aires and Beijing with the specified dates. This will allow you to view available flights and proceed with checking the airline details for both departure and return trips.,"The search has been successfully performed, and flight options are now displayed for a round-trip from Buenos Aires to Beijing on the specified dates. You have several options visible, including flights by airlines such as Ethiopian, Emirates, Turkish Airlines, Air France, and Lufthansa, among others. To determine if the airline for the return flight is the same as for the departure flight, you would need to select a specific flight and check the details provided for both legs. Currently, this information cannot be determined from the screenshot as it only shows the departing flight options and does not display airline details for individual flight legs."
"Locate a round-trip flight from Buenos Aires to Beijing, leaving on March 28, 2025, and returning on April 3, 2025, check out one of the options and tell me if the airline for my return flight is the same as my departure flight. Current date is: 2025-01-04.",click the first flight option under 'Top departing flights' to check the details of the flight and verify if the airline for the return flight is the same as the departure flight. This is necessary to determine the consistency of the airline for both segments of the round trip.,"The first flight option under 'Top departing flights' is with Ethiopian Airlines. The details for the return flight are not visible in this screenshot, so it's unclear if the return flight is with the same airline. You'll need to expand the flight details or select this option to see the return flight information."
"Locate a round-trip flight from Buenos Aires to Beijing, leaving on March 28, 2025, and returning on April 3, 2025, check out one of the options and tell me if the airline for my return flight is the same as my departure flight. Current date is: 2025-01-04.",click the first flight option from 'Top departing flights' to view details and determine if the airline for the return flight is the same as for the departure flight. This will allow comparison of the airlines used in both directions.,"The available flight details show that for the round trip, the departure flight from Buenos Aires to Beijing and the return flight from Beijing to Buenos Aires both involve Ethiopian Airlines. Therefore, the airline for both the departure and return flights is the same."
"Locate a round-trip flight from Buenos Aires to Beijing, leaving on March 28, 2025, and returning on April 3, 2025, check out one of the options and tell me if the airline for my return flight is the same as my departure flight. Current date is: 2025-01-04.",Summarizing last observations,"The most recent observations show that the user successfully reached a list of round-trip flight options from Buenos Aires to Beijing, with departure on March 28, 2025, and return on April 3, 2025. The screenshot supplements this observation by showing the available flight options on display. Specifically, it highlights that there is a flight option with Ethiopian Airlines for both legs of the journey. Thus, it can be determined that the airline for the return flight is indeed the same as the departure flight, which is Ethiopian Airlines. This summary reflects only the most recent observations. For complete context and details, please refer to the entire task history."