task,user_action_and_explanation,observation
"Locate a one-way flight from Johannesburg to Toronto on April 30, 2025, for one adult, and analyze the price trends for the following month. Current date is: 2025-01-04.",Going to https://www.google.com/travel/flights/,Went to https://www.google.com/travel/flights/
"Locate a one-way flight from Johannesburg to Toronto on April 30, 2025, for one adult, and analyze the price trends for the following month. Current date is: 2025-01-04.","type 'Johannesburg' into the 'Where from?' placeholder to specify the departure city, as the flight search requires specific origin and destination cities to proceed.","The user successfully entered 'Johannesburg' as the departure city in the flight search form. The departure field now correctly reflects this selection, indicating that the process of specifying the flight route is underway. Next, the user should enter 'Toronto' in the 'Where to?' field and select the desired travel date to continue with the flight search."
"Locate a one-way flight from Johannesburg to Toronto on April 30, 2025, for one adult, and analyze the price trends for the following month. Current date is: 2025-01-04.","type 'Toronto' into the 'Where to?' placeholder to specify the destination city, which is required to complete the route details for the flight search.","The user has successfully entered 'Toronto' as the destination city in the flight search form. The route is now fully specified with 'Johannesburg' as the departure city and 'Toronto' as the destination. The user needs to select the departure date, April 30, 2025, and change the trip type to 'One-way' before proceeding with the search to see flight options and price trends."
"Locate a one-way flight from Johannesburg to Toronto on April 30, 2025, for one adult, and analyze the price trends for the following month. Current date is: 2025-01-04.","click 'Round trip' to change the trip type to 'One-way', which is necessary to specify that you are looking for a one-way flight from Johannesburg to Toronto.","The user successfully clicked on the 'Round trip' dropdown menu, and the options for 'One way' and 'Multi-city' are now visible in the dropdown menu. The next step is to select the 'One way' option to change the trip type from 'Round trip' to 'One way', which will adjust the form for a one-way flight search."
"Locate a one-way flight from Johannesburg to Toronto on April 30, 2025, for one adult, and analyze the price trends for the following month. Current date is: 2025-01-04.","click 'One way' in the dropdown menu to select the trip type as 'One-way', which is necessary for the search to reflect the requirement for a one-way flight from Johannesburg to Toronto.","The user has successfully changed the trip type to 'One way'. The departure city 'Johannesburg' and destination city 'Toronto' have been entered correctly. The next step is for the user to select the departure date, April 30, 2025, in the 'Departure' field, and then proceed with the search to view the available flight options and analyze price trends for the following month."
"Locate a one-way flight from Johannesburg to Toronto on April 30, 2025, for one adult, and analyze the price trends for the following month. Current date is: 2025-01-04.","click 'Departure' to select the departure date, as setting the travel date to April 30, 2025, is necessary for accurate flight search results from Johannesburg to Toronto.","The user has successfully set the departure date to April 30, 2025. The flight search form is now fully populated with the departure city as Johannesburg, the destination city as Toronto, trip type as 'One way', and the travel date as April 30, 2025. The user should now click the 'Search' button to proceed with finding available flight options for the specified date and to analyze the price trends for the following month."
"Locate a one-way flight from Johannesburg to Toronto on April 30, 2025, for one adult, and analyze the price trends for the following month. Current date is: 2025-01-04.","click 'Search' to find available flights because the flight search form is fully completed with all necessary details including destination, departure date, and trip type.","The 'Search' button in the flight search interface has been clicked, and the calendar is now displaying price information for flights throughout April and May 2025. The selected departure date, April 30, 2025, has a price of $756. The calendar further shows price trends for one-way flights in May, indicating higher prices at the start of May and relatively lower prices later in the month."
"Locate a one-way flight from Johannesburg to Toronto on April 30, 2025, for one adult, and analyze the price trends for the following month. Current date is: 2025-01-04.",Summarizing last observations,"The most recent observations show that the user has successfully set their search criteria on Google Flights for a one-way flight from Johannesburg to Toronto on April 30, 2025, for one adult. The search form is fully configured with all necessary details. The user is now positioned to click the 'Search' button to view available flight options and analyze subsequent price trends. The current screenshots further illustrate the setup, showing the search form correctly filled with the one-way trip type and selected travel date.

Additionally, there are features highlighted on the page such as tools for choosing trip dates using a date grid and price graph, which could assist in analyzing price trends. To see the entire process or gather more historical context and actions that led to this point, please refer to the complete task history."