task,user_action_and_explanation,observation
"Find a one-way business class flight from Buenos Aires to Amsterdam on April 10, 2025, and provide the details of the flight with the shortest duration. Current date is: 2025-01-04.",Going to https://www.google.com/travel/flights/,Went to https://www.google.com/travel/flights/
"Find a one-way business class flight from Buenos Aires to Amsterdam on April 10, 2025, and provide the details of the flight with the shortest duration. Current date is: 2025-01-04.","click on the ""Round trip"" dropdown and select ""One way"" to change the flight type.","The user successfully opened the dropdown menu for flight types and is in the process of selecting ""One way"" to set the flight type to one-way. This is a necessary step to align with the task of finding a one-way flight. The change has not been confirmed yet in the screenshot, but the process appears to be on track."
"Find a one-way business class flight from Buenos Aires to Amsterdam on April 10, 2025, and provide the details of the flight with the shortest duration. Current date is: 2025-01-04.","click on ""One way"" in the dropdown to confirm selecting the flight type as one-way, aligning with the task goal of finding a one-way business class flight.","The screenshot confirms that the flight type is now set to ""One way"" on the Google Flights page. This aligns with the task of finding a one-way business class flight. However, the user has not yet entered the departure and destination locations or changed the travel class from ""Economy"" to ""Business"" to fulfill the task requirements."
"Find a one-way business class flight from Buenos Aires to Amsterdam on April 10, 2025, and provide the details of the flight with the shortest duration. Current date is: 2025-01-04.","type ""Buenos Aires"" in the ""Where from?"" input field to specify the departure location for the flight search.","The departure location for the flight search is now correctly set to 'Buenos Aires' in the 'Where from?' field. However, the 'Where to?' destination field remains empty, and the travel class is still set to 'Economy' instead of 'Business.' The user needs to enter 'Amsterdam' in the destination field and change the travel class to 'Business' to proceed with the search aligned with the task requirements."
"Find a one-way business class flight from Buenos Aires to Amsterdam on April 10, 2025, and provide the details of the flight with the shortest duration. Current date is: 2025-01-04.","type ""Amsterdam"" in the ""Where to?"" input field to specify the destination for the flight search.","The destination location for the flight search is now correctly set to 'Amsterdam' in the 'Where to?' field on the Google Flights page. The departure location 'Buenos Aires' and the destination 'Amsterdam' are both correctly filled in. However, the travel class is still set to 'Economy' instead of 'Business.' Additionally, the departure date for the flight ('April 10, 2025') has not been set yet. To proceed and fulfill the task requirements, the user needs to change the travel class to 'Business' and specify the departure date."
"Find a one-way business class flight from Buenos Aires to Amsterdam on April 10, 2025, and provide the details of the flight with the shortest duration. Current date is: 2025-01-04.","click on ""Economy"" dropdown and select ""Business"" to change the travel class to Business, which aligns with the task of finding a business class flight.","The screenshot confirms that the user has successfully clicked on the ""Economy"" dropdown to change the travel class. The ""Business"" option is visible in the dropdown list and needs to be selected to change the travel class to ""Business."" This is a necessary step for aligning with the task goal of finding a business class flight. However, the departure date for the flight ('April 10, 2025') has not been set yet, which is required to proceed with the flight search."
"Find a one-way business class flight from Buenos Aires to Amsterdam on April 10, 2025, and provide the details of the flight with the shortest duration. Current date is: 2025-01-04.","click on ""Business"" in the dropdown to set the travel class to Business. This is necessary as the task requires finding a business class flight.","The travel class is now set to 'Business', aligning with the task requirements of finding a business class flight. The departure location is 'Buenos Aires', and the destination is 'Amsterdam'. However, the departure date has not been set yet. To proceed with the flight search, the user needs to select the departure date as April 10, 2025, and then click 'Search'."
"Find a one-way business class flight from Buenos Aires to Amsterdam on April 10, 2025, and provide the details of the flight with the shortest duration. Current date is: 2025-01-04.","click on the ""Departure"" field and select April 10, 2025 to set the correct departure date for the flight search, as this is necessary to find a one-way business class flight from Buenos Aires to Amsterdam on the specified date.","The departure date has been successfully set to April 10, 2025, on the Google Flights page. All necessary fields have been filled to align with the task requirements: the flight is set as 'One way', the departure location is 'Buenos Aires', the destination is 'Amsterdam', and the travel class is 'Business'. The setup is now complete to search for flights. The user can proceed by clicking the 'Search' button to view available flight options."
"Find a one-way business class flight from Buenos Aires to Amsterdam on April 10, 2025, and provide the details of the flight with the shortest duration. Current date is: 2025-01-04.","click on the 'Search' button to initiate the flight search with the specified parameters of a one-way business class flight from Buenos Aires to Amsterdam on April 10, 2025.","The screenshot shows that the user hasn't completed setting the departure date, as the calendar is open with the date April 10, 2025 highlighted but not yet confirmed by clicking 'Done'. The flight parameters are otherwise set to 'One way' and 'Business class'. The next step is to confirm the date selection to proceed with the search for flights."
"Find a one-way business class flight from Buenos Aires to Amsterdam on April 10, 2025, and provide the details of the flight with the shortest duration. Current date is: 2025-01-04.","click on the date 'Thu, Apr 10' to set the departure date for the one-way flight from Buenos Aires to Amsterdam, ensuring the search aligns with the specified travel date in the task goal.","The departure date is now correctly set to 'April 10, 2025'. The flight search is configured with 'Buenos Aires' as the departure location, 'Amsterdam' as the destination, and 'Business' as the travel class. Everything is now set up accurately to begin the search for flights. The user can proceed by clicking the 'Search' button to find the flights."
"Find a one-way business class flight from Buenos Aires to Amsterdam on April 10, 2025, and provide the details of the flight with the shortest duration. Current date is: 2025-01-04.","click on ""Done"" in the traveler dropdown to confirm the selection and close the dropdown, as the travel class has already been changed to Business, and we need to proceed with searching the flights.","The flight search setup is complete with 'One way' selected, departing from 'Buenos Aires' to 'Amsterdam' on 'April 10, 2025'. The travel class is set to 'Business'. The user is ready to proceed by clicking 'Search' to find flights."
"Find a one-way business class flight from Buenos Aires to Amsterdam on April 10, 2025, and provide the details of the flight with the shortest duration. Current date is: 2025-01-04.","click on the ""Search"" button to begin the flight search with the selected parameters of a one-way business class flight from Buenos Aires to Amsterdam on April 10, 2025.","The search for a one-way business class flight from Buenos Aires to Amsterdam on April 10, 2025, was successfully executed. The details of the available flights are displayed on the screen. The flight with the shortest duration is an Iberia flight departing at 9:35 PM and arriving at 6:30 PM the next day, with a total duration of 15 hours and 55 minutes with one stop. However, it is important to verify that this flight satisfies other criteria if applicable."
"Find a one-way business class flight from Buenos Aires to Amsterdam on April 10, 2025, and provide the details of the flight with the shortest duration. Current date is: 2025-01-04.","click on the flight option with a duration of '13 hr 5 min' which is the shortest duration available, shown by the 'KLM' option, to view the details of the flight that meets the task requirements of having the shortest duration.","The flight with the shortest duration is a KLM flight, departing at 2:40 PM from Buenos Aires and arriving at 8:45 AM in Amsterdam. It is a nonstop flight with a duration of 13 hours and 5 minutes, priced at $4,330. This meets the task requirement of having the shortest duration for a business class one-way flight from Buenos Aires to Amsterdam on April 10, 2025."
"Find a one-way business class flight from Buenos Aires to Amsterdam on April 10, 2025, and provide the details of the flight with the shortest duration. Current date is: 2025-01-04.",Summarizing last observations,"The most recent observation indicates that the user is on the Google Flights page, with the travel class now set to ""Business"" and the search criteria updated to ""One-way"" from Buenos Aires to Amsterdam on April 10, 2025. Flight options are displayed, sorted by flight duration, with KLM offering the shortest duration flight at 13 hours and 5 minutes non-stop, priced at $4,330. Other options include flights with one or more stops differing in duration and price.

This summary reflects only the latest observations based on the provided screenshot. For full context and details of the task history, please refer to the entire task sequence."