task,user_action_and_explanation,observation
"Find the best-priced round-trip flight from New York to London leaving on Jan 25, 2025, and returning on Feb 5, 2025, with one stop or fewer. Current date is: 2025-01-04.",Going to https://www.google.com/travel/flights/,Went to https://www.google.com/travel/flights/
"Find the best-priced round-trip flight from New York to London leaving on Jan 25, 2025, and returning on Feb 5, 2025, with one stop or fewer. Current date is: 2025-01-04.","type ""New York"" in the ""Where from?"" input field to specify the departure city for the flight search.",The departure city 'New York' has been successfully entered into the 'Where from?' input field. The user is ready to select the destination and travel dates.
"Find the best-priced round-trip flight from New York to London leaving on Jan 25, 2025, and returning on Feb 5, 2025, with one stop or fewer. Current date is: 2025-01-04.","type ""London"" in the ""Where to?"" input field to specify the destination city for the flight search.",The destination city 'London' has been successfully entered into the 'Where to?' input field. The user can now proceed to select the departure and return dates to continue the search.
"Find the best-priced round-trip flight from New York to London leaving on Jan 25, 2025, and returning on Feb 5, 2025, with one stop or fewer. Current date is: 2025-01-04.","click ""Departure"" input field to select the date 2025-01-25 for the outbound flight, as selecting the departure date is necessary before performing a flight search.",The user successfully clicked on the 'Departure' input field and selected the date 2025-01-25 for the outbound flight. This date is now populated in the 'Departure' field. The user can now proceed to select the return date to complete the date range for the round-trip search.
"Find the best-priced round-trip flight from New York to London leaving on Jan 25, 2025, and returning on Feb 5, 2025, with one stop or fewer. Current date is: 2025-01-04.","click the ""Return"" input field to select the date 2025-02-05 for the return flight, as setting both travel dates is necessary to conduct a complete round-trip flight search.","The date for the return flight has been successfully selected as 2025-02-05, completing the travel date range for the round-trip search. Both the departure date (2025-01-25) and the return date (2025-02-05) are now set. The user can now proceed to click the 'Search' button to find flights that match these criteria."
"Find the best-priced round-trip flight from New York to London leaving on Jan 25, 2025, and returning on Feb 5, 2025, with one stop or fewer. Current date is: 2025-01-04.","click the ""Search"" button to begin searching for available flights based on the specified criteria of departure and return dates from New York to London.","The user has successfully clicked the 'Search' button, and the search parameters have been correctly set, showing a departure on January 25, 2025, and a return on February 5, 2025. The screenshot indicates that there is a round-trip price starting at $456 for these dates. The user can proceed to review specific flight options matching these dates and price."
"Find the best-priced round-trip flight from New York to London leaving on Jan 25, 2025, and returning on Feb 5, 2025, with one stop or fewer. Current date is: 2025-01-04.","click ""Done"" button after confirming the selected travel dates and price to proceed with viewing the flight options available for booking the specified trip.",It seems that clicking the 'Done' button did not proceed to the next step or a page showing specific flight options. The page still displays the initial search form without detailed flight listings. It seems the click didn't register or perform the intended action. The user should try clicking the 'Search' button again to refresh the results and move forward in viewing flight options.
"Find the best-priced round-trip flight from New York to London leaving on Jan 25, 2025, and returning on Feb 5, 2025, with one stop or fewer. Current date is: 2025-01-04.","click on the round-trip price starting at $456 to view specific flight options. This is optimal to proceed in identifying the best-priced flight that meets the criteria of departure on Jan 25, 2025, return on Feb 5, 2025, and one stop or fewer, as it allows for reviewing detailed flight itineraries and prices.","The user successfully accessed detailed flight options. The screenshot shows round-trip prices starting at $456, which includes a one-stop option with Air Canada and United. Nonstop flight options are slightly more expensive, starting at $569 with JetBlue. The user can now review duration, stops, and prices to finalize their booking decision."
"Find the best-priced round-trip flight from New York to London leaving on Jan 25, 2025, and returning on Feb 5, 2025, with one stop or fewer. Current date is: 2025-01-04.",Summarizing last observations,"This summary reflects only the most recent observations: The user conducted a search for round-trip flights from New York to London, with departure on January 25, 2025, and return on February 5, 2025. The search results show that the best-priced option is a round-trip flight with one stop, priced at $456. Other options include nonstop flights starting at $569. For full context and detailed progression of the search task, refer to the complete task history."