task,user_action_and_explanation,observation
"Find a one-way flight from Shanghai to Vancouver on March 27, 2025, and compare the options based on carbon dioxide emissions. Current date is: 2025-01-04.",Going to https://www.google.com/travel/flights/,Went to https://www.google.com/travel/flights/
"Find a one-way flight from Shanghai to Vancouver on March 27, 2025, and compare the options based on carbon dioxide emissions. Current date is: 2025-01-04.",type 'Shanghai' into the 'Where from?' textbox to set the departure location.,"The user has successfully entered 'Shanghai' as the departure location for the flight search on Google Flights. However, the destination ('Where to?') box is still empty and needs to be filled in with 'Vancouver' to proceed with the search. Additionally, the departure date needs to be set to March 27, 2025, to align with the current task."
"Find a one-way flight from Shanghai to Vancouver on March 27, 2025, and compare the options based on carbon dioxide emissions. Current date is: 2025-01-04.",type 'Vancouver' into the 'Where to?' textbox to set the destination location for the flight search.,"The user successfully entered 'Vancouver' as the destination location. The flight search form now shows 'Shanghai' as the departure city and 'Vancouver' as the destination city. However, the departure date is still set to 'Departure' and needs to be updated to March 27, 2025, in order to match the task requirements before proceeding to search for flights."
"Find a one-way flight from Shanghai to Vancouver on March 27, 2025, and compare the options based on carbon dioxide emissions. Current date is: 2025-01-04.","click on the 'Departure' date selector to set the departure date to March 27, 2025.","The user has successfully set the departure city as 'Shanghai', the destination city as 'Vancouver', and the departure date to March 27, 2025, in the Google Flights search form. The search parameters are now accurately configured to search for one-way flights on the specified date from Shanghai to Vancouver. The next step is to click the 'Search' button to view the available flight options and compare their carbon dioxide emissions."
"Find a one-way flight from Shanghai to Vancouver on March 27, 2025, and compare the options based on carbon dioxide emissions. Current date is: 2025-01-04.","click the 'Search' button which is highlighted in blue under the flight search form to initiate the search for one-way flights from Shanghai to Vancouver on March 27, 2025, and compare the options based on carbon dioxide emissions.","The screenshot shows the Google Flights page with the departure date set to March 27, 2025. However, it seems the search is still set to 'Round trip' instead of 'One-way.' There is no sign of any flight options being displayed yet, which indicates that the search has not been executed. The 'Return' date field should be ignored for a one-way search, and the appropriate search should be initiated to find flight options and compare carbon dioxide emissions."
"Find a one-way flight from Shanghai to Vancouver on March 27, 2025, and compare the options based on carbon dioxide emissions. Current date is: 2025-01-04.","click the 'Round trip' dropdown menu to change the trip type to 'One-way' for an accurate search of flight options from Shanghai to Vancouver on March 27, 2025, and then click 'Done' to proceed.","The screenshot shows the 'Round trip' dropdown menu open, revealing the options 'One way' and 'Multi-city.' The user needs to select 'One way' from the dropdown to correctly perform a one-way search. Once 'One way' is selected, the search for flights on March 27, 2025, from Shanghai to Vancouver can proceed. Ensure that 'Done' is clicked after selecting 'One way' to update the search settings before performing the search."
"Find a one-way flight from Shanghai to Vancouver on March 27, 2025, and compare the options based on carbon dioxide emissions. Current date is: 2025-01-04.","click 'One way' in the dropdown menu to select the correct trip type and ensure the search is set for a one-way flight from Shanghai to Vancouver on March 27, 2025, then click 'Done' to confirm the selection.","The screenshot shows that the user has successfully selected 'One way' as the trip type on the Google Flights search form. The departure location is set to 'Shanghai' and the destination to 'Vancouver.' The departure date is correctly set to March 27, 2025. The search parameters are now correctly configured for a one-way flight search. To proceed, the user should click the 'Search' button to view available flight options and compare the carbon dioxide emissions of the flights."
"Find a one-way flight from Shanghai to Vancouver on March 27, 2025, and compare the options based on carbon dioxide emissions. Current date is: 2025-01-04.","click the 'Search' button with the magnifying glass icon to initiate the flight search for a one-way trip from Shanghai to Vancouver on March 27, 2025, and compare options based on carbon dioxide emissions.","The user has successfully initiated a one-way flight search on Google Flights for a trip from Shanghai to Vancouver on March 27, 2025. The search results are now displayed, showing a list of flight options with details including departure and arrival times, duration, number of stops, prices, and carbon dioxide emissions.

For instance, the top flights shown are:
- A Delta flight departing at 7:05 PM and arriving at 6:34 PM with 590 kg CO2e and a price of $617.
- A XiamenAir flight departing at 6:05 PM and arriving at 6:40 PM with 768 kg CO2e and a price of $776.
- A Cathay Pacific flight departing at 9:30 AM and arriving at 12:00 PM with 1,059 kg CO2e and a price of $890.

The user can now compare these options based on their carbon dioxide emissions to complete the current task effectively."
"Find a one-way flight from Shanghai to Vancouver on March 27, 2025, and compare the options based on carbon dioxide emissions. Current date is: 2025-01-04.",Summarizing last observations,"The most recent observations show that the user successfully changed the flight search from a 'Round trip' to a 'One-way' trip. The Google Flights search page now displays the correct search parameters for a one-way flight from Shanghai to Vancouver on March 27, 2025. The search results are visible, showing various flight options sorted by top flights. Details for each flight option include the departure and arrival times, number of stops, total travel time, and carbon dioxide emissions (in kg CO2e). For example, the flight operated by Delta from PVG to YVR has an estimated carbon emission of 590 kg. The summary reflects only these recent observations. For a comprehensive understanding, please refer to the entire task history."