task,user_action_and_explanation,observation
"Show me the list of one-way flights today (Jan 4, 2025) from Chicago to Paris. Current date is: 2025-01-04.",Going to https://www.google.com/travel/flights/,Went to https://www.google.com/travel/flights/
"Show me the list of one-way flights today (Jan 4, 2025) from Chicago to Paris. Current date is: 2025-01-04.","click the ""Round trip"" button to change it to ""One way"" to specify the search criteria for one-way flights from Chicago to Paris.",The user successfully opened the dropdown menu to change the trip type. The 'One way' option is visible but not yet selected.
"Show me the list of one-way flights today (Jan 4, 2025) from Chicago to Paris. Current date is: 2025-01-04.",click the 'One way' option in the trip type dropdown to select the one-way flight search criteria.,"The 'One way' trip type is now successfully selected. The next steps are to enter 'Chicago' in the 'Where from?' field, 'Paris' in the 'Where to?' field, and choose 'Jan 4, 2025' as the departure date. After entering this information, the 'Search' button can be clicked to find the flights."
"Show me the list of one-way flights today (Jan 4, 2025) from Chicago to Paris. Current date is: 2025-01-04.",type 'Chicago' into the 'Where from?' field to specify the departure city for the flight search.,"The user has successfully entered 'Chicago' into the 'Where from?' field. The search form now shows 'Chicago' as the departure city. The next steps are to enter 'Paris' in the 'Where to?' field and select 'Jan 4, 2025' in the 'Departure' date field to proceed with searching for the desired flights."
"Show me the list of one-way flights today (Jan 4, 2025) from Chicago to Paris. Current date is: 2025-01-04.","type 'Paris' into the 'Where to?' field to specify the destination city for the flight search, as this is the next step in setting up the search criteria for flights from Chicago to Paris.","The user has successfully entered 'Paris' into the 'Where to?' field. Both departure ('Chicago') and destination ('Paris') cities are correctly filled in on the form. The next step would be to select 'Jan 4, 2025' as the departure date in order to complete the search criteria before clicking the 'Search' button to find flights."
"Show me the list of one-way flights today (Jan 4, 2025) from Chicago to Paris. Current date is: 2025-01-04.","click the 'Departure' field to open the date selector, so the user can choose 'Jan 4, 2025' as the departure date to complete the search criteria for finding flights from Chicago to Paris.","The user has successfully opened the date selector and set the departure date to 'Jan 4, 2025'. The search criteria for the flight, consisting of 'One way' trip from 'Chicago' to 'Paris' with the departure date set for 'Jan 4, 2025', are now all correctly entered. The 'Search' button is visible and can be clicked to proceed with finding available flights."
"Show me the list of one-way flights today (Jan 4, 2025) from Chicago to Paris. Current date is: 2025-01-04.","click the 'Search' button, which is located below the flight search criteria, to find available one-way flights from Chicago to Paris on January 4, 2025. This action is the next step to execute the search after setting all the required parameters.","The current screenshot shows the calendar open, displaying January 4th as the selected departure date. However, the search results for one-way flights from Chicago to Paris have not yet been displayed. It appears the 'Done' button was clicked instead of the 'Search' button, as the search does not seem to have been executed yet."
"Show me the list of one-way flights today (Jan 4, 2025) from Chicago to Paris. Current date is: 2025-01-04.","click the 'Done' button to confirm the selection of 'Jan 4, 2025' as the departure date, which completes the search criteria setup for flights from Chicago to Paris.","Although the 'Done' button was clicked to confirm the departure date, the 'Search' button has not been clicked yet. The screenshot confirms that the search form is correctly set with the trip as 'One way', from 'Chicago' to 'Paris', with the departure date as 'Jan 4, 2025'. The 'Search' button is visible and ready to be clicked to display the list of flights."
"Show me the list of one-way flights today (Jan 4, 2025) from Chicago to Paris. Current date is: 2025-01-04.","click the 'Search' button to execute the flight search with the specified criteria of a one-way trip from Chicago to Paris departing on Jan 4, 2025.","The user successfully executed the search for one-way flights from Chicago to Paris on January 4, 2025. The search results page now displays a list of available flights, including options with varying airlines, departure times, durations, number of stops, and prices. The top ranked flights are prominently visible at the top of the page, with detailed information about emissions and pricing."
"Show me the list of one-way flights today (Jan 4, 2025) from Chicago to Paris. Current date is: 2025-01-04.",Summarizing last observations,"The most recent observations show that the user has successfully opened the date selector and set the departure date to ""Jan 4, 2025."" The search criteria for a one-way trip from ""Chicago"" to ""Paris"" on the specified date are correctly entered. The search results are visible, displaying various flight options from Chicago to Paris on Jan 4, 2025. According to the current screenshots, there are several flight options available with varying durations, prices, and number of stops. The cheapest one-way flight is priced from $463.

This summary reflects only the most recent observations. For full context and details, please refer to the complete task history."