task,user_action_and_explanation,observation
"Find the cheapest round-trip flight option from New York City to Tokyo for a departure on February 10, 2025, and a return on February 24, 2025. Current date is: 2025-01-04.",Going to https://www.google.com/travel/flights/,Went to https://www.google.com/travel/flights/
"Find the cheapest round-trip flight option from New York City to Tokyo for a departure on February 10, 2025, and a return on February 24, 2025. Current date is: 2025-01-04.","type ""New York City"" into the text field with the placeholder 'Where from?'. This is the first step in specifying our round-trip details to find the cheapest flight to Tokyo.","The user successfully entered ""New York"" as the departure city in the flight search form. The next steps include entering the destination, which is Tokyo, and selecting the departure and return dates to search for the cheapest flights."
"Find the cheapest round-trip flight option from New York City to Tokyo for a departure on February 10, 2025, and a return on February 24, 2025. Current date is: 2025-01-04.","type ""Tokyo"" into the text field with the placeholder 'Where to?'. This will allow us to specify Tokyo as the destination city, which is necessary for finding round-trip flights.","The user has successfully entered 'Tokyo' as the destination city. The next step is to select the departure date (February 10, 2025) and the return date (February 24, 2025) in the flight search form to proceed with searching for the cheapest flights."
"Find the cheapest round-trip flight option from New York City to Tokyo for a departure on February 10, 2025, and a return on February 24, 2025. Current date is: 2025-01-04.","click the text field labeled 'Departure' to open the date selector and choose February 10, 2025, as the departure date. This is necessary to specify the travel dates for the round-trip flight search.","The departure date has been successfully set to February 10, 2025. The next step is to select the return date (February 24, 2025) in the flight search form."
"Find the cheapest round-trip flight option from New York City to Tokyo for a departure on February 10, 2025, and a return on February 24, 2025. Current date is: 2025-01-04.","click the text field labeled 'Return' to open the date selector and choose February 24, 2025, as the return date. This is necessary to specify the travel dates for the round-trip flight search before executing the search for the cheapest flights.","The return date has been successfully set to February 24, 2025. Both departure and return dates are now filled in. The search form is complete for finding flights from New York to Tokyo for the specified dates. The next step is to click the 'Search' button to find the cheapest flights."
"Find the cheapest round-trip flight option from New York City to Tokyo for a departure on February 10, 2025, and a return on February 24, 2025. Current date is: 2025-01-04.","click the 'Search' button. This action will initiate the search for flights based on the specified round-trip details from New York to Tokyo, covering the specified dates (Feb 10 to Feb 24, 2025), and should return the available options so we can find the cheapest flight.","The user successfully initiated the flight search with dates set for a round-trip from New York City to Tokyo (February 10, 2025, to February 24, 2025). The date selection interface shows potential round-trip prices starting from $908. It appears the user needs to select this price option or proceed further to view the list of available flights and prices after confirming the chosen travel dates."
"Find the cheapest round-trip flight option from New York City to Tokyo for a departure on February 10, 2025, and a return on February 24, 2025. Current date is: 2025-01-04.",click the 'Done' button in the date selection interface. This will confirm the selected travel dates and proceed to display the available flight options and prices for further comparison.,"After clicking 'Done' in the date selection interface, the user has finalized the dates for the round-trip flight search. The departure and return dates are correctly set to February 10, 2025, and February 24, 2025, respectively. The flight search form confirms the departure as New York and the destination as Tokyo. The next step for the user is to click the 'Search' button to view the list of available flights and compare prices effectively. Currently, the cheapest flight option and further results have not been displayed yet, as the user still needs to initiate the search."
"Find the cheapest round-trip flight option from New York City to Tokyo for a departure on February 10, 2025, and a return on February 24, 2025. Current date is: 2025-01-04.","click the 'Search' button to execute the flight search with specified details from New York to Tokyo for the selected dates (February 10 to February 24, 2025) and find the cheapest options available.","The flight search results have been successfully generated. The cheapest round-trip option found is priced at $908. This option includes several flights, such as a 19-hour and 30-minute journey with Air Canada, departing from LGA at 6:30 AM and arriving at NRT. Another option at $908 includes a 30-hour flight with United and Air Canada from EWR. Other flights are listed above $914, with varying durations and stopovers. The user has access to options sorted by pricing and can proceed with booking the flight of choice."
"Find the cheapest round-trip flight option from New York City to Tokyo for a departure on February 10, 2025, and a return on February 24, 2025. Current date is: 2025-01-04.",Summarizing last observations,"This summary reflects only the latest observations. The search results for a round-trip flight from New York City to Tokyo show multiple flight options starting from $908. The cheapest flights are operated by Air Canada, with options including 1 or 2 stops, at a price of $908. These flights involve long travel times, often exceeding 19 hours. Additional flights from other airlines, such as American Airlines and Delta, are available at higher prices, with varying emissions and travel durations. For a complete context, refer to the full task history."