task,user_action_and_explanation,observation
"Find a round-trip flight from Rio de Janeiro to Los Angeles, leaving on April 15, 2025, and returning on April 22, 2025, and select the option with the least carbon dioxide emissions. Current date is: 2025-01-04.",Going to https://www.google.com/travel/flights/,Went to https://www.google.com/travel/flights/
"Find a round-trip flight from Rio de Janeiro to Los Angeles, leaving on April 15, 2025, and returning on April 22, 2025, and select the option with the least carbon dioxide emissions. Current date is: 2025-01-04.","type 'Rio de Janeiro' in the 'Where from?' field. This input is necessary to begin the search for flights departing from Rio de Janeiro, which is the starting point of the journey.","The user's action of typing 'Rio de Janeiro' in the 'Where from?' field was successful, as the field now displays 'Rio de Janeiro'. However, the user has not yet specified the 'Where to?' destination or the departure and return dates, which are required to complete the search for flights. The next step should involve entering 'Los Angeles' into the 'Where to?' field and setting the departure and return dates to April 15 and April 22, 2025, respectively."
"Find a round-trip flight from Rio de Janeiro to Los Angeles, leaving on April 15, 2025, and returning on April 22, 2025, and select the option with the least carbon dioxide emissions. Current date is: 2025-01-04.",type 'Los Angeles' in the 'Where to?' field to specify the destination of the trip.,"The user successfully typed 'Los Angeles' in the 'Where to?' field, which now correctly displays 'Los Angeles' as the destination. However, the user has not yet filled in the departure and return dates necessary to complete the flight search. The next step should be to set the departure date as April 15, 2025, and the return date as April 22, 2025."
"Find a round-trip flight from Rio de Janeiro to Los Angeles, leaving on April 15, 2025, and returning on April 22, 2025, and select the option with the least carbon dioxide emissions. Current date is: 2025-01-04.","click on the 'Departure' field to select the departure date of April 15, 2025.","The user clicked on the 'Departure' field and successfully selected April 15, 2025, as the departure date, which is correctly reflected in the field. However, the return date field remains unfilled, indicating it's still set to the placeholder 'Return'. The next step is to input the return date as April 22, 2025, to proceed with the search."
"Find a round-trip flight from Rio de Janeiro to Los Angeles, leaving on April 15, 2025, and returning on April 22, 2025, and select the option with the least carbon dioxide emissions. Current date is: 2025-01-04.","Changing URL parameters. The original URL is structured for searching flights on Google Travel from Rio de Janeiro (GIG) to Los Angeles (LAX) but does not have the return flight date set correctly. To address the task, a specific query URL was constructed that includes both the departure and return dates (April 15, 2025, to April 22, 2025) and focuses on options with the least carbon dioxide emissions. This new URL directly targets Google Travel's flight search with these criteria.",Went to https://www.google.com/travel/flights?tf=From:Rio%20de%20Janeiro%20GIG%3ATo:Los%20Angeles%20LAX%3ADepart:2025-04-15%3AReturn:2025-04-22%3ACarbonEmission:low
"Find a round-trip flight from Rio de Janeiro to Los Angeles, leaving on April 15, 2025, and returning on April 22, 2025, and select the option with the least carbon dioxide emissions. Current date is: 2025-01-04.",type 'Rio de Janeiro' in the 'Where from?' field to specify the city of departure.,"The 'Where from?' field has been successfully set to 'Rio de Janeiro'. However, the 'Where to?' field and the departure and return dates need to be filled in to proceed with searching for flights. The focus should now be on entering 'Los Angeles' in the 'Where to?' field and setting the departure to April 15, 2025, and return to April 22, 2025."
"Find a round-trip flight from Rio de Janeiro to Los Angeles, leaving on April 15, 2025, and returning on April 22, 2025, and select the option with the least carbon dioxide emissions. Current date is: 2025-01-04.","type 'Los Angeles' in the 'Where to?' field to specify the destination of the trip, thus allowing the flight search system to recognize the full travel route from Rio de Janeiro to Los Angeles.","The 'Where from?' field is set to 'Rio de Janeiro', and the 'Where to?' field is successfully set to 'Los Angeles'. However, the departure and return date fields are still unset, showing placeholders 'Departure' and 'Return'. To proceed with the flight search, the user needs to fill in the departure date as April 15, 2025, and the return date as April 22, 2025, before clicking on the 'Search' button."
"Find a round-trip flight from Rio de Janeiro to Los Angeles, leaving on April 15, 2025, and returning on April 22, 2025, and select the option with the least carbon dioxide emissions. Current date is: 2025-01-04.","click on the 'Departure' date field to select the departure date of April 15, 2025.","The 'Departure' date field has been successfully set to April 15, 2025. However, the 'Return' date field still shows the placeholder text 'Return', indicating that it needs to be set. To complete the search setup, the user should click on the 'Return' field and select April 22, 2025, as the return date, and then proceed to click the 'Search' button to find flights with the least carbon dioxide emissions."
"Find a round-trip flight from Rio de Janeiro to Los Angeles, leaving on April 15, 2025, and returning on April 22, 2025, and select the option with the least carbon dioxide emissions. Current date is: 2025-01-04.","click on the 'Return' date field to select the return date of April 22, 2025. This action is necessary to complete the flight search parameters, which includes specifying both departure and return dates to find the flight options that meet the user's travel schedule.","The user's action of clicking the 'Return' date field to set the return date to April 22, 2025, was successful. Both the departure date of April 15, 2025, and the return date of April 22, 2025, are now correctly displayed in their respective fields. The user can now initiate the search by clicking the 'Search' button to find flight options, including those with the least carbon dioxide emissions, from Rio de Janeiro to Los Angeles for the selected dates."
"Find a round-trip flight from Rio de Janeiro to Los Angeles, leaving on April 15, 2025, and returning on April 22, 2025, and select the option with the least carbon dioxide emissions. Current date is: 2025-01-04.",click the 'Search' button to find available flights with the specified criteria and view options including carbon emissions.,"The user clicked the 'Search' button but the calendar for selecting travel dates is still displayed, suggesting the search was not initiated. The departure and return dates are highlighted correctly as April 15, 2025, and April 22, 2025, respectively. However, it seems the results page did not load, possibly indicating that the 'Search' button needs to be pressed again, or there might be a network or page loading issue."
"Find a round-trip flight from Rio de Janeiro to Los Angeles, leaving on April 15, 2025, and returning on April 22, 2025, and select the option with the least carbon dioxide emissions. Current date is: 2025-01-04.","click the ""Done"" button on the calendar interface. This action will confirm the selected dates of April 15, 2025, for departure and April 22, 2025, for return, enabling the system to proceed with searching for flights based on these set dates.","The user has successfully set up the search parameters for a round-trip flight from Rio de Janeiro to Los Angeles, with departure on April 15, 2025, and return on April 22, 2025. The fields are correctly populated with the specified dates and destinations. The ""Search"" button is available to initiate the flight search, suggesting that the user should proceed with this action to find flights that meet the criteria, including those with the least carbon dioxide emissions."
"Find a round-trip flight from Rio de Janeiro to Los Angeles, leaving on April 15, 2025, and returning on April 22, 2025, and select the option with the least carbon dioxide emissions. Current date is: 2025-01-04.","click the 'Search' button with the description 'Search' to initiate the flight search from Rio de Janeiro to Los Angeles to find available flights, after setting the correct departure and return dates, to then select the option with least carbon dioxide emissions.","The search has successfully returned a list of available flights from Rio de Janeiro to Los Angeles, departing on April 15, 2025, and returning on April 22, 2025. The search results include both Top departing flights and Other departing flights. The flight with the least carbon dioxide emissions is a LATAM flight departing at 7:00 AM with 781 kg CO2, which has an 8% lower emissions rate compared to the average for similar trips."
"Find a round-trip flight from Rio de Janeiro to Los Angeles, leaving on April 15, 2025, and returning on April 22, 2025, and select the option with the least carbon dioxide emissions. Current date is: 2025-01-04.",Summarizing last observations,"The most recent observation shows that the Google Flights search page is displaying round-trip options from Rio de Janeiro to Los Angeles, departing on April 15, 2025, and returning on April 22, 2025. The flights are sorted by top flights, with a focus on carbon emissions. Among the top options, an American Airlines flight departs at 11:00 PM and arrives at 10:03 PM with 2 stops, emitting 869 kg of CO2e. A more environmentally friendly option with American emits 792 kg CO2e (-6% below average) is priced at $718. For full context, it is recommended to review the entire task history."