task,user_action_and_explanation,observation
"Locate the cheapest round-trip flights from New York to Tokyo leaving on February 25, 2025, and returning on March 15, 2025. Current date is: 2025-01-04.",Going to https://www.google.com/travel/flights/,Went to https://www.google.com/travel/flights/
"Locate the cheapest round-trip flights from New York to Tokyo leaving on February 25, 2025, and returning on March 15, 2025. Current date is: 2025-01-04.",click on the 'Where from?' field which is designated with the placeholder text 'Where from?' to start inputting the departure location which is New York.,"The user's action to click on the 'Where from?' field successfully resulted in the departure location being set to 'New York'. The 'Where to?' field is now waiting for the input of the destination city, which should be Tokyo for this search task."
"Locate the cheapest round-trip flights from New York to Tokyo leaving on February 25, 2025, and returning on March 15, 2025. Current date is: 2025-01-04.",type in the 'Where to?' field with the placeholder 'Where to?' with the destination city 'Tokyo' to move closer to defining the flight search parameters by setting the destination.,"The user's action to enter 'Tokyo' into the 'Where to?' field was successful. The flight search parameters now have 'New York' as the departure location and 'Tokyo' as the destination. The user will need to select the departure and return dates (February 25, 2025, and March 15, 2025, respectively) to fully define the search criteria and proceed with finding flights."
"Locate the cheapest round-trip flights from New York to Tokyo leaving on February 25, 2025, and returning on March 15, 2025. Current date is: 2025-01-04.","click on the 'Departure' date field, which is currently labeled as 'Departure', to set the desired departure date of February 25, 2025, for the flight search. Setting the date will continue to refine the search criteria.","The user successfully clicked on the 'Departure' date field and set the departure date to February 25, 2025. This is reflected in the search criteria as the departure date is now filled in and visible on the page. The return date is not set yet, as the 'Return' field is still empty. The user will need to click on the 'Return' date field to set the return date as March 15, 2025, to complete the date entry for the flight search."
"Locate the cheapest round-trip flights from New York to Tokyo leaving on February 25, 2025, and returning on March 15, 2025. Current date is: 2025-01-04.","click on the 'Return' date field, which is labeled as 'Return', to set the desired return date of March 15, 2025, for completing the flight search criteria before proceeding to search for flights.","The user's action successfully set the departure and return dates. The search criteria now include 'New York' as the departure location, 'Tokyo' as the destination, February 25, 2025, as the departure date, and March 15, 2025, as the return date. The setup is complete to proceed with searching for flights by clicking the 'Search' button."
"Locate the cheapest round-trip flights from New York to Tokyo leaving on February 25, 2025, and returning on March 15, 2025. Current date is: 2025-01-04.",click on the 'Search' button (magnifying glass icon next to the search fields) to execute the flight search with the specified criteria and view the available flight options.,"The screenshot indicates that the user has not successfully clicked the 'Search' button yet, as the calendar for selecting dates is still open, showing the departure choice as February 25. However, the return date is not displayed; it seems the input for the return date was not completed or confirmed. Consequently, the search has not been executed yet."
"Locate the cheapest round-trip flights from New York to Tokyo leaving on February 25, 2025, and returning on March 15, 2025. Current date is: 2025-01-04.","click on the 'Return' date field, which is currently labeled as 'Return', to enter the desired return date of March 15, 2025. This will ensure that both the departure and return dates are correctly set to move forward with the search.","The user's attempt to set the return date to March 15, 2025, is not yet reflected in the calendar displayed in the screenshot. The calendar interface is open, showing the month of February, and the chosen departure date of February 25 is highlighted. The 'Return' field appears to be empty, indicating that the return date selection process needs to be completed by choosing March 15 and confirming the date selection. The 'Done' button at the bottom of the calendar needs to be clicked after selecting the return date to update the flight search criteria."
"Locate the cheapest round-trip flights from New York to Tokyo leaving on February 25, 2025, and returning on March 15, 2025. Current date is: 2025-01-04.","click on the 'Return' date field, which is labeled as 'Return', to confirm the date as March 15, 2025, since the current view shows only the departure date set as February 25.","The screenshot shows that the user is currently viewing the calendar interface for date selection on Google Flights. The departure date of February 25, 2025, is highlighted, but the return date field is still empty. To proceed, the user needs to scroll the calendar to March and select March 15, 2025, as the return date. The 'Done' button at the bottom must be clicked to confirm and apply the return date. After completing this, the user can initiate the flight search by clicking on the 'Search' button."
"Locate the cheapest round-trip flights from New York to Tokyo leaving on February 25, 2025, and returning on March 15, 2025. Current date is: 2025-01-04.","click on the 'Done' button in the calendar pop-up to confirm the selected departure date of February 25 and proceed to set the return date again, ensuring that the dates are appropriately finalized for executing the flight search.","The screenshot shows that both the departure date (February 25, 2025) and return date (March 15, 2025) are successfully set. The search criteria are complete with 'New York' as the departure location and 'Tokyo' as the destination. The user can now proceed by clicking the 'Search' button to find the flights."
"Locate the cheapest round-trip flights from New York to Tokyo leaving on February 25, 2025, and returning on March 15, 2025. Current date is: 2025-01-04.",click on the 'Search' button with the magnifying glass icon below the departure and return date fields to proceed and view the available flight options for the specified criteria.,"The user successfully executed the search query, and the results for flights from New York to Tokyo are now visible on the page. The flights are listed with various options, showing departure and arrival times, CO2 emissions, and total round-trip prices. The cheapest flights available for the specified dates are priced at $950. These options include flights with multiple stops, offered by airlines such as Air Canada and United Airlines. The search is successful, displaying a range of flight options within the set criteria."
"Locate the cheapest round-trip flights from New York to Tokyo leaving on February 25, 2025, and returning on March 15, 2025. Current date is: 2025-01-04.",Summarizing last observations,"The most recent observations show that the flight search criteria were successfully set up, and the user executed the search for round-trip flights from New York to Tokyo. The search results display various flight options for the specified dates, with the cheapest round-trip fare starting from $950. Options include flights from several airlines, with both nonstop and layover itineraries.

While this summary highlights the most recent progress and results from the task, it is recommended to refer to the complete task history for full context and detailed steps leading to these observations."