task,user_action_and_explanation,observation
"Compare flight options and find the lowest round trip fare from New York to London departing on February 10, 2025, and returning on February 17, 2025. Current date is: 2025-01-04.",Going to https://www.google.com/travel/flights/,Went to https://www.google.com/travel/flights/
"Compare flight options and find the lowest round trip fare from New York to London departing on February 10, 2025, and returning on February 17, 2025. Current date is: 2025-01-04.","type 'New York' into the 'Where from?' field to specify the departure location for the flight search, as it is the starting point for finding flights.","The departure location 'New York' has been successfully entered into the search field. The user can now proceed to input the destination, 'London,' in the 'Where to?' field."
"Compare flight options and find the lowest round trip fare from New York to London departing on February 10, 2025, and returning on February 17, 2025. Current date is: 2025-01-04.","type 'London' into the 'Where to?' field to specify the destination for the flight search, completing the route for comparing flight options from New York to London.","The user has successfully entered 'London' into the 'Where to?' field, completing the route for the desired flight search from New York to London. The next step involves selecting the departure date (February 10, 2025) and the return date (February 17, 2025) in the date fields before conducting the flight search."
"Compare flight options and find the lowest round trip fare from New York to London departing on February 10, 2025, and returning on February 17, 2025. Current date is: 2025-01-04.","click on the 'Departure' date field to select the outbound flight date of February 10, 2025.","The user has successfully selected the outgoing flight date as February 10, 2025, as displayed in the 'Departure' date field. The return date field still shows 'Return', indicating it has not been set yet. The user needs to fill this field next to complete the date selection for the round trip."
"Compare flight options and find the lowest round trip fare from New York to London departing on February 10, 2025, and returning on February 17, 2025. Current date is: 2025-01-04.","click on the 'Return' date field to select the return flight date of February 17, 2025, completing the round trip date selection necessary for searching and comparing flight options.","The user successfully clicked on the 'Return' date field and attempted to select February 17, 2025, as the return date. However, only the year '2025' is displayed in the field, and a specific day and month have not been set. The user needs to correctly select the return date to complete the round trip setup before proceeding with the search."
"Compare flight options and find the lowest round trip fare from New York to London departing on February 10, 2025, and returning on February 17, 2025. Current date is: 2025-01-04.",type 'Feb 17' into the 'Return' date field to ensure the correct return date is set for finalizing the flight search for round-trip fares from New York to London.,The return date is now successfully set to 'Feb 17' in the return field. Both departure and return dates are correctly set. The user can proceed with clicking the 'Search' button to compare flight options and find the lowest round trip fare from New York to London.
"Compare flight options and find the lowest round trip fare from New York to London departing on February 10, 2025, and returning on February 17, 2025. Current date is: 2025-01-04.","click on the 'Search' button below the flight details to initiate the search and compare flight options from New York to London, ensuring all required information is entered accurately for finding the lowest round trip fare.","The user has successfully set up the search criteria for a round trip from New York to London departing on February 10, 2025, and returning on February 17, 2025. The dates are correctly selected as shown, with the cheapest round trip fare currently displayed starting at $482. The next step should involve reviewing detailed flight options and choosing the best option based on price and preferences."
"Compare flight options and find the lowest round trip fare from New York to London departing on February 10, 2025, and returning on February 17, 2025. Current date is: 2025-01-04.","click the 'Done' button to confirm the selected departure and return dates for the flight search, allowing you to proceed to compare flight options and find the lowest round trip fare.","The user clicked ""Done"" to confirm the flight dates for the round trip from New York to London. The selected dates are displayed correctly as February 10, 2025, for departure and February 17, 2025, for return, on the Google Flights webpage. However, the search hasn't been executed yet as the 'Search' button is still active and hasn't been clicked. To proceed with comparing the flight options and finding the lowest fare, the user needs to click the 'Search' button after confirming the dates."
"Compare flight options and find the lowest round trip fare from New York to London departing on February 10, 2025, and returning on February 17, 2025. Current date is: 2025-01-04.",click on the blue 'Search' button to begin comparing flight options and find the lowest round trip fare from New York to London for the specified dates.,"The flight search has been completed, and the user has successfully navigated to the results page. The lowest round trip fare currently available from New York to London for the specified dates is $482, offered by Scandinavian Airlines with a single stop in Copenhagen. Several other options are also displayed with varying prices, airlines, and layover details. The user can now review these options to choose the most suitable flight based on cost and preferences."
"Compare flight options and find the lowest round trip fare from New York to London departing on February 10, 2025, and returning on February 17, 2025. Current date is: 2025-01-04.",Summarizing last observations,"The most recent observations, based on the current page screenshots, show that the user has set up a search for round-trip flights from New York to London departing on February 10, 2025, and returning on February 17, 2025. The search results display a list of flight options sorted by price and convenience. The cheapest round trip available is priced at $482 with Scandinavian Airlines, which includes one stop and totals 15 hours and 5 minutes of travel time. Direct flight options with shorter travel durations are available at higher prices, such as Delta and Virgin Atlantic flights both priced at $589. The options also include ecological impact information, with CO2 emissions listed for each flight. 

Please refer to the complete task history for full context and details on how these search results were attained."