task,user_action_and_explanation,observation
"Find the cheapest one-way flight from London to Paris, departing on February 25, 2025. Include the airline, total travel time, and layovers for the chosen flight. Current date is: 2025-01-04.",Going to https://www.google.com/travel/flights/,Went to https://www.google.com/travel/flights/
"Find the cheapest one-way flight from London to Paris, departing on February 25, 2025. Include the airline, total travel time, and layovers for the chosen flight. Current date is: 2025-01-04.",click the 'Round trip' dropdown to change it to 'One way' for booking a one-way flight from London to Paris.,"The user successfully accessed the flight search options on Google Flights and is currently setting the trip type to 'One way', which is necessary for booking a one-way flight. The dropdown menu for 'Round trip' is visible, showing options like 'One way' and 'Multi-city'. This is a crucial step in setting up the correct search parameters for their trip from London to Paris."
"Find the cheapest one-way flight from London to Paris, departing on February 25, 2025. Include the airline, total travel time, and layovers for the chosen flight. Current date is: 2025-01-04.","click 'One way' option in the dropdown menu to finalize the selection of a one-way trip. This sets the correct trip type for searching a one-way flight from London to Paris, an essential step.","The user has successfully set the trip type to 'One way' on the Google Flights portal. The interface is now ready for the user to input their travel details such as departure and destination cities (London to Paris) and the departure date (February 25, 2025). With the current setup, the user can proceed to enter these details to perform the flight search."
"Find the cheapest one-way flight from London to Paris, departing on February 25, 2025. Include the airline, total travel time, and layovers for the chosen flight. Current date is: 2025-01-04.","type 'London' in the 'Where from?' input field to set the departure city for the flight search. This initiates the process of searching for flights departing from London, which is necessary for finding a one-way flight to Paris.","The departure city has been set to 'London'. The user should now enter 'Paris' in the 'Where to?' input field to set the destination for the flight search and then specify the departure date as February 25, 2025. This will complete the search parameters for finding the flight."
"Find the cheapest one-way flight from London to Paris, departing on February 25, 2025. Include the airline, total travel time, and layovers for the chosen flight. Current date is: 2025-01-04.","type 'Paris' in the 'Where to?' input field to set the destination for the flight search on Google Flights, finalizing the route from London to Paris needed to perform the search.","The destination city has been set to 'Paris'. The user now needs to select the departure date as February 25, 2025, to complete the search parameters. Once the date is set, they can click on the 'Search' button to find available flights for their chosen criteria."
"Find the cheapest one-way flight from London to Paris, departing on February 25, 2025. Include the airline, total travel time, and layovers for the chosen flight. Current date is: 2025-01-04.","click the 'Departure' field to select February 25, 2025, as the departure date. This finalizes the search parameters for the flight from London to Paris, allowing a search for available flights on this date.","The departure date has been successfully set to February 25, 2025. All necessary search parameters are now complete with the trip type as 'One way', departure city as 'London', and destination as 'Paris'. You can proceed to click on the 'Search' button to find available flights."
"Find the cheapest one-way flight from London to Paris, departing on February 25, 2025. Include the airline, total travel time, and layovers for the chosen flight. Current date is: 2025-01-04.","click the 'Search' button to initiate the search for flights from London to Paris on February 25, 2025. This action will provide flight options, allowing the user to identify the cheapest available one-way flight that meets their criteria.","The current action to initiate the search for flights has not succeeded because the screenshot indicates that the user is still in the calendar view, observing potential flight prices for each day. The departure date of February 25, 2025, has been selected, and it is showing as $33. Therefore, the user needs to exit this calendar view and press the 'Done' button, followed by the 'Search' button, to view the available flight options and identify the cheapest one-way flight, along with its details."
"Find the cheapest one-way flight from London to Paris, departing on February 25, 2025. Include the airline, total travel time, and layovers for the chosen flight. Current date is: 2025-01-04.","click the 'Done' button to confirm the departure date selection on the calendar overlay. This will finalize the date choice of February 25, 2025, allowing you to proceed with searching for available flights based on the set parameters.","The departure date is confirmed as February 25, 2025, with the trip parameters set to 'One way' from London to Paris. All search criteria are properly set, enabling the user to proceed by clicking the 'Search' button to view the available flights."
"Find the cheapest one-way flight from London to Paris, departing on February 25, 2025. Include the airline, total travel time, and layovers for the chosen flight. Current date is: 2025-01-04.","click the 'Search' button to initiate the search for one-way flights from London to Paris on the selected date, February 25, 2025. This action will provide available flight options to choose from.","The search results show the cheapest one-way flight from London to Paris on February 25, 2025, is with easyJet. The flight departs from London Luton (LTN) at 12:55 PM and arrives at Paris Charles de Gaulle (CDG) at 3:15 PM. The total travel time is 1 hour and 20 minutes, with no layovers. The ticket price is $33."
"Find the cheapest one-way flight from London to Paris, departing on February 25, 2025. Include the airline, total travel time, and layovers for the chosen flight. Current date is: 2025-01-04.",Summarizing last observations,"Based on the most recent observations, the cheapest one-way flight from London to Paris on February 25, 2025, is with easyJet. The flight departs from Luton (LTN) and arrives at Charles de Gaulle (CDG), lasting 1 hour and 20 minutes with no layovers. The price is $33. For complete task history and details, please refer to the full context."