task,user_action_and_explanation,observation
"Find the lowest-priced one-way flight from Cairo to Montreal on March 21, 2025, including the total travel time and number of stops. Current date is: 2025-01-04.",Going to https://www.google.com/travel/flights/,Went to https://www.google.com/travel/flights/
"Find the lowest-priced one-way flight from Cairo to Montreal on March 21, 2025, including the total travel time and number of stops. Current date is: 2025-01-04.","click on the 'Round trip' button to change it to 'One-way', ensuring the search accurately reflects the exact requirement of finding a one-way flight from Cairo to Montreal.","The dropdown menu for selecting the trip type has been opened, but the selection of 'One-way' has not yet been made. The interface still shows 'Round trip' as the selected option. The user needs to select 'One-way' to proceed with a search for one-way flights from Cairo to Montreal as per the task goal."
"Find the lowest-priced one-way flight from Cairo to Montreal on March 21, 2025, including the total travel time and number of stops. Current date is: 2025-01-04.","click on the 'One way' option in the trip type dropdown menu to select it, as this is necessary to set the search parameters for one-way flights from Cairo to Montreal, aligning with the task goal.","The user successfully changed the trip type to 'One way', as reflected in the top left search input bar of the Google Flights page. The user has now correctly set the search criteria for one-way flights, ensuring the next steps can be aligned with the task of finding flights from Cairo to Montreal on the specified date."
"Find the lowest-priced one-way flight from Cairo to Montreal on March 21, 2025, including the total travel time and number of stops. Current date is: 2025-01-04.",type 'Cairo' into the 'Where from?' field to set the departure city as required for the search from Cairo to Montreal.,The user has successfully entered 'Cairo' into the 'Where from?' field on the Google Flights search page. This correctly sets Cairo as the departure city for the flight search. The next step would be to enter 'Montreal' in the 'Where to?' field and set the travel date to continue configuring the search parameters.
"Find the lowest-priced one-way flight from Cairo to Montreal on March 21, 2025, including the total travel time and number of stops. Current date is: 2025-01-04.","type 'Montreal' into the 'Where to?' field to set the destination city, completing the required search parameters for flights from Cairo to Montreal.","The search criteria have been successfully set with 'Cairo' as the departure city and 'Montreal' as the destination city in the Google Flights search interface. The trip type is still set correctly as 'One way'. The next step is to specify the travel date, March 21, 2025, in the 'Departure' field to proceed with the flight search."
"Find the lowest-priced one-way flight from Cairo to Montreal on March 21, 2025, including the total travel time and number of stops. Current date is: 2025-01-04.","click on the 'Departure' field to open the date selector, as this is necessary to choose March 21, 2025, for the flight search, completing the input parameters to find the desired flights from Cairo to Montreal.","The user has successfully set all the necessary parameters for the flight search. The page now displays a 'One way' trip with departure from 'Cairo' and destination 'Montreal'. The departure date is correctly set to 21 March 2025. The user can now click the 'Search' button to find flights, which will provide information on the lowest-priced one-way flight, including travel time and number of stops, as needed for the task."
"Find the lowest-priced one-way flight from Cairo to Montreal on March 21, 2025, including the total travel time and number of stops. Current date is: 2025-01-04.","click on the 'Search' button to initiate the search for the specified flight criteria, displaying available flights from Cairo to Montreal on the selected date to find the lowest-priced option with details on travel time and stops.","The search has not yet been performed. The screenshot shows the date selector interface still open, highlighting March 21, 2025, as the departure date for the flight search. The user needs to close this date selector and make sure to confirm or finalize the input to proceed with the search and find the available flights from Cairo to Montreal."
"Find the lowest-priced one-way flight from Cairo to Montreal on March 21, 2025, including the total travel time and number of stops. Current date is: 2025-01-04.","click on the 'Done' button to confirm the selected date of March 21, 2025, and proceed to execute the flight search with the current parameters set for Cairo to Montreal.","The user has successfully confirmed the date selection of March 21, 2025, for a one-way flight from Cairo to Montreal. The search parameters are correctly set in the Google Flights interface. The user can now click the 'Search' button to proceed with finding the lowest-priced flight, which will include details such as the total travel time and number of stops."
"Find the lowest-priced one-way flight from Cairo to Montreal on March 21, 2025, including the total travel time and number of stops. Current date is: 2025-01-04.","click on the 'Search' button (icon with magnifying glass) to initiate the search for one-way flights from Cairo to Montreal on March 21, 2025, as this will provide the necessary information to find the lowest-priced flight including total travel time and number of stops.","The user has successfully initiated the search for one-way flights from Cairo to Montreal on March 21, 2025. The results show the lowest-priced option at $459 with Turkish Airlines, which has a total travel time of 15 hours and includes 1 stop. This aligns with the task goal to find the lowest-priced flight, including details on travel time and number of stops."
"Find the lowest-priced one-way flight from Cairo to Montreal on March 21, 2025, including the total travel time and number of stops. Current date is: 2025-01-04.",Summarizing last observations,"The most recent observations indicate that the user has successfully set up the search parameters for a one-way flight from Cairo to Montreal on March 21, 2025. According to the Google Flights results shown in the available screenshots, the lowest-priced flight is offered by Turkish Airlines, departing at 10:15 AM and arriving at 7:15 PM, with a total travel time of 15 hours and 1 stop. The fare is displayed as $459. 

This summary reflects only the latest observations made during the task. For complete context and details of actions leading to this result, refer to the full task history."