task,user_action_and_explanation,observation
"Search for a Specialization on Coursera about project management that is produced by a university, show a testimonial for this Specialization.",Going to https://www.coursera.org/,Went to https://www.coursera.org/
"Search for a Specialization on Coursera about project management that is produced by a university, show a testimonial for this Specialization.",click the search icon to start searching for a project management specialization produced by a university.,"The search field is open, but no search terms have been entered yet. To proceed, type 'project management specialization university' in the search bar to look for relevant courses produced by universities. Once the results are displayed, you can explore a specific specialization and look for testimonials."
"Search for a Specialization on Coursera about project management that is produced by a university, show a testimonial for this Specialization.",type 'project management specialization university' into the search bar with the placeholder 'What do you want to learn?' to find relevant courses produced by universities.,"The search results for ""project management specialization university"" have displayed several options from universities. Some of the notable results include:

1. **University of Illinois Urbana-Champaign**: Business Value and Project Management.
2. **University of California, Irvine**: Project Management Principles and Practices.
3. **Rice University**: Engineering Project Management.

Each has a 4.7-star rating and varying numbers of reviews. To find a testimonial for one of these specializations, click on a specific course to view its details and student feedback, if available."
"Search for a Specialization on Coursera about project management that is produced by a university, show a testimonial for this Specialization.","click on 'Project Management Principles and Practices' by University of California, Irvine to view specific details and testimonials available for this specialization.","The page for the ""Project Management Principles and Practices Specialization"" by the University of California, Irvine, is displayed. The course has a 4.7-star rating based on 19,402 reviews. Details about the specialization, such as a flexible schedule and beginner-level requirements, are provided. However, there are no visible testimonials in this screenshot. Scroll down or explore additional sections to find student testimonials."
"Search for a Specialization on Coursera about project management that is produced by a university, show a testimonial for this Specialization.","scroll down to find testimonials or student feedback related to the specialization, as they may be located further down the page.","The screenshot shows additional details about the ""Project Management Principles and Practices"" specialization by the University of California, Irvine. However, there are still no visible testimonials or student feedback. It's likely that testimonials can be found in the reviews section or further down the page, possibly under sections like 'What Learners Are Saying' or 'Reviews'. Consider continuing to scroll or looking for a designated testimonials area."
"Search for a Specialization on Coursera about project management that is produced by a university, show a testimonial for this Specialization.","scroll further down to find the 'Reviews' or 'What Learners Are Saying' section where testimonials might be located, as they are likely not visible yet.","The screenshot shows more details about the specialization's components, such as the four courses included and their individual ratings. However, there are still no testimonials visible. Information about the instructor, Margaret Meloni, MBA, PMP, is present. To locate testimonials, continue scrolling further down the page or look for sections specifically labeled 'Reviews' or 'What Learners Are Saying.' These might be below the currently visible information on the course page."
"Search for a Specialization on Coursera about project management that is produced by a university, show a testimonial for this Specialization.","scroll further down the page to locate the 'Reviews' or 'What Learners Are Saying' section, which may contain testimonials from students.","The screenshot shows testimonials for the ""Project Management Principles and Practices"" specialization from the University of California, Irvine. Two learner testimonials are visible:

1. Felipe M. shares that taking courses at his own pace has been an amazing experience, allowing him to fit learning into his schedule and mood.
2. Jennifer J. mentions applying concepts and skills from the courses to an exciting new project at work. 

These testimonials highlight the flexibility and practical application benefits of the specialization."
"Search for a Specialization on Coursera about project management that is produced by a university, show a testimonial for this Specialization.",Summarizing last observations,"The most recent observations reveal that testimonials for the ""Project Management Principles and Practices"" specialization by the University of California, Irvine, are now visible. Two testimonials are highlighted:

1. **Felipe M.** appreciates the flexibility to learn at his own pace, fitting courses into his schedule and mood.
2. **Jennifer J.** has applied concepts and skills from the courses to a project at work, emphasizing the practical benefits of the specialization.

These feedbacks underscore the specialization's adaptability and relevance to professional applications. For full historical context and additional details, refer to the complete task history."