task,user_action_and_explanation,observation
Identify a course on Coursera related to 'Artificial Intelligence for Healthcare' and note the course duration along with the number of quizzes in Assessments.,Going to https://www.coursera.org/,Went to https://www.coursera.org/
Identify a course on Coursera related to 'Artificial Intelligence for Healthcare' and note the course duration along with the number of quizzes in Assessments.,"click the search icon to open the search bar for inputting the course-related query 'Artificial Intelligence for Healthcare', which will help find relevant courses.","The search bar is open on the Coursera homepage. You can now input the query 'Artificial Intelligence for Healthcare' to find relevant courses. Popular suggestions and specializations are visible, but the specific search query needs to be entered to locate the desired course."
Identify a course on Coursera related to 'Artificial Intelligence for Healthcare' and note the course duration along with the number of quizzes in Assessments.,type 'Artificial Intelligence for Healthcare' in the search bar to find relevant courses. The search bar has the placeholder 'What do you want to learn?' and inputting the query will help locate specific courses.,"The course titled ""AI in Healthcare"" offered by Stanford University matches the search query. It is a specialization course with a duration of approximately 3 to 6 months. Details about the number of quizzes in assessments are not visible in the current screenshot. Further exploration of the course page might be necessary to find that information."
Identify a course on Coursera related to 'Artificial Intelligence for Healthcare' and note the course duration along with the number of quizzes in Assessments.,"click on the 'AI in Healthcare' course card by Stanford University to view detailed course information, including the number of quizzes in assessments.","The course ""AI in Healthcare Specialization"" by Stanford University is available. The course is a 5-course series at a beginner level, designed to be completed in approximately 1 month with a commitment of 10 hours per week. Information on the number of quizzes in assessments is not visible on the current page. You may need to explore further within individual course details."
Identify a course on Coursera related to 'Artificial Intelligence for Healthcare' and note the course duration along with the number of quizzes in Assessments.,"scroll down to explore more details about the courses in the specialization. This might reveal individual course information, including quizzes in assessments.","The screenshot shows general details about the course, such as its relevance and certification, but does not provide specific information about the individual courses or the number of quizzes in assessments. Additional navigation or exploration of the course contents is needed to find detailed information regarding the course assessments and quizzes."
Identify a course on Coursera related to 'Artificial Intelligence for Healthcare' and note the course duration along with the number of quizzes in Assessments.,"scroll further down to find individual course details, which might specify the number of quizzes in assessments for each course within the specialization.","The screenshot reveals the list of courses within the ""AI in Healthcare"" specialization by Stanford University. The courses are:

1. Introduction to Healthcare (11 hours)
2. Introduction to Clinical Data (11 hours)
3. Fundamentals of Machine Learning for Healthcare (14 hours)
4. Evaluations of AI Applications in Healthcare (14 hours)
5. AI in Healthcare Capstone (10 hours)

However, the specific information about the number of quizzes in the assessments for these courses is not visible. Further exploration of each course's content is required to find details about the quizzes."
Identify a course on Coursera related to 'Artificial Intelligence for Healthcare' and note the course duration along with the number of quizzes in Assessments.,"click on the 'Introduction to Healthcare' course to reveal detailed course content, including information on quizzes and assessments.","The ""Introduction to Healthcare"" course is part of the ""AI in Healthcare Specialization"" by Stanford University. It is a beginner-level course designed to be completed in approximately 11 hours with a flexible schedule. The course consists of 7 modules. The number of quizzes or assignments in the assessments section is specified as 20 assignments. This information meets the task requirement of identifying the course duration and the number of quizzes in assessments."
Identify a course on Coursera related to 'Artificial Intelligence for Healthcare' and note the course duration along with the number of quizzes in Assessments.,Summarizing last observations,"The most recent observations show that the course ""Introduction to Healthcare,"" part of the ""AI in Healthcare Specialization"" by Stanford University, is designed to be completed in approximately 11 hours. It includes 7 modules. The course specifies a total of 20 assignments in the assessments section, meeting the requirements for course duration and number of quizzes.

This summary reflects only the latest observations. Refer to the complete task history for full context."