task,user_action_and_explanation,observation
"Find a beginner-level online course about '3d printing' which lasts 1-3 months, and is provided by a renowned university.",Going to https://www.coursera.org/,Went to https://www.coursera.org/
"Find a beginner-level online course about '3d printing' which lasts 1-3 months, and is provided by a renowned university.",click the search icon in the top right corner to start searching for a 3D printing course.,"The search icon has been clicked, and the search bar is now open. You can proceed to type '3D printing' into the search bar to find relevant courses. The page is ready for input."
"Find a beginner-level online course about '3d printing' which lasts 1-3 months, and is provided by a renowned university.",type '3D printing' into the search bar with the placeholder 'What do you want to learn?' to find relevant courses.,"Several courses about 3D printing are displayed. Notable options include:

1. **3D Printing and Additive Manufacturing** by the University of Illinois Urbana-Champaign - Beginner level, 3-6 months.
2. **3D Printing Applications** by the University of Illinois Urbana-Champaign - Beginner level, 1-3 months.
3. **The 3D Printing Revolution** by the University of Illinois Urbana-Champaign - Beginner level, 1-3 months.

Filters can be applied to refine the search if needed, but there are already suitable courses provided by renowned institutions. The second and third courses align well with the duration and level requirements."
"Find a beginner-level online course about '3d printing' which lasts 1-3 months, and is provided by a renowned university.",Summarizing last observations,"This summary reflects the most recent observations only. The search for a beginner-level online course on '3D printing' revealed several options provided by the University of Illinois Urbana-Champaign on Coursera. Notable courses include **3D Printing Applications** and **The 3D Printing Revolution**. Both courses are suitable as they are beginner level and last 1-3 months, meeting the specified criteria. 

For more courses and full context, refer to the complete task history."