task,user_action_and_explanation,observation
"Locate an introductory course related to artificial intelligence on Coursera, ensuring it's suitable for beginners and contains at least one module discussing Ethical Considerations.",Going to https://www.coursera.org/,Went to https://www.coursera.org/
"Locate an introductory course related to artificial intelligence on Coursera, ensuring it's suitable for beginners and contains at least one module discussing Ethical Considerations.",click the search icon next to the menu to begin searching for courses related to artificial intelligence.,"The search bar is open, providing suggestions like 'AI' under 'Popular right now.' The user can now type a specific search term like 'Intro to AI' or 'Artificial Intelligence for Beginners' to find relevant courses. Once a term is searched, the user should review course descriptions for information on ethical considerations in AI."
"Locate an introductory course related to artificial intelligence on Coursera, ensuring it's suitable for beginners and contains at least one module discussing Ethical Considerations.",type 'Intro to AI Ethics' into the search bar with the placeholder 'What do you want to learn?' to find introductory courses that may include modules on ethical considerations.,"Several introductory courses relevant to your task are displayed. The 'Introduction to Responsible AI' by Google Cloud and 'Artificial Intelligence: Ethics & Societal Challenges' by Lund University are both suitable for beginners and include content on AI ethics. Additionally, 'AI, Empathy & Ethics' by the University of California, Santa Cruz also seems relevant. Each course outlines beginner-level content appropriate for your criteria."
"Locate an introductory course related to artificial intelligence on Coursera, ensuring it's suitable for beginners and contains at least one module discussing Ethical Considerations.",Summarizing last observations,"The most recent observations indicate that after searching for ""Intro to AI Ethics"" on Coursera, several courses suitable for beginners and focusing on ethical considerations in AI are displayed. Notable courses include:

- ""Introduction to Responsible AI"" by Google Cloud
- ""Artificial Intelligence: Ethics & Societal Challenges"" by Lund University
- ""AI, Empathy & Ethics"" by the University of California, Santa Cruz

These courses offer beginner-friendly content and include discussions on AI ethics, meeting the task criteria. For full context and additional options, refer to the task history."