task,user_action_and_explanation,observation
"Search for a beginner-level online course about Python programming, suitable for someone who has no programming experience on Coursera.",Going to https://www.coursera.org/,Went to https://www.coursera.org/
"Search for a beginner-level online course about Python programming, suitable for someone who has no programming experience on Coursera.",click the search icon in the top-right corner to initiate a search for beginner-level Python programming courses.,"The search input field is open, ready for you to type in a query. To proceed with your task, enter keywords such as 'beginner Python programming' to find suitable courses."
"Search for a beginner-level online course about Python programming, suitable for someone who has no programming experience on Coursera.",type 'beginner Python programming' into the search bar because this will help locate courses suitable for someone with no programming experience. The search bar has the placeholder text 'What do you want to learn?'.,"You have successfully searched for beginner Python programming courses on Coursera. The results display several options suitable for beginners, such as:

1. **Python for Data Science, AI & Development** by IBM - Rated 4.6 with 39K reviews. 
2. **Programming in Python** by Meta - Rated 4.6 with 1.5K reviews.
3. **Crash Course on Python** by Google - Rated 4.8 with 38K reviews.
4. **Learn to Program: The Fundamentals** by University of Toronto - Rated 4.7 with 6.6K reviews.
5. **Programming for Everybody (Getting Started with Python)** by University of Michigan.
6. **Python 3 Programming** by University of Michigan.

These courses are marked as beginner-level and range from 1 to 3 months in duration. You may choose any course based on the ratings and skills offered."
"Search for a beginner-level online course about Python programming, suitable for someone who has no programming experience on Coursera.",Summarizing last observations,"The most recent observations reveal a successful search for beginner-level Python programming courses on Coursera. The search yielded several options suitable for beginners, such as:

1. **Python for Data Science, AI & Development** by IBM - Rated 4.6 with 39K reviews.
2. **Programming in Python** by Meta - Rated 4.6 with 1.5K reviews.
3. **Crash Course on Python** by Google - Rated 4.8 with 38K reviews.
4. **Learn to Program: The Fundamentals** by University of Toronto - Rated 4.7 with 6.6K reviews.
5. **Programming for Everybody (Getting Started with Python)** by University of Michigan.
6. **Python 3 Programming** by University of Michigan.

These courses are noted as beginner-level, with durations ranging from 1 to 3 months. The choice can be made based on ratings, provider, and specific skills offered. For full context and details, refer to the complete task history."