task,user_action_and_explanation,observation
"Identify a course on Coursera named 'Introduction to Finance: The Basics', who is the course instructor and what other courses does he/she teach.",Going to https://www.coursera.org/,Went to https://www.coursera.org/
"Identify a course on Coursera named 'Introduction to Finance: The Basics', who is the course instructor and what other courses does he/she teach.",click on the search icon (magnifying glass) at the top right corner to search for the course 'Introduction to Finance: The Basics'. This will help locate the course and find details about the instructor.,"The search bar is open, but no search term has been entered yet. To proceed, enter 'Introduction to Finance: The Basics' into the search field to locate the course."
"Identify a course on Coursera named 'Introduction to Finance: The Basics', who is the course instructor and what other courses does he/she teach.",type 'Introduction to Finance: The Basics' into the search bar with the placeholder 'What do you want to learn?' to locate the course.,"The search results have successfully located the course 'Introduction to Finance: The Basics' offered by the University of Illinois Urbana-Champaign. However, the instructor's name and other courses they teach are not visible in the current screenshot. For further details about the instructor, you should click on the course title to view more information."
"Identify a course on Coursera named 'Introduction to Finance: The Basics', who is the course instructor and what other courses does he/she teach.",click on the course title 'Introduction to Finance: The Basics' to view detailed information about the instructor and other courses they may teach.,"The course 'Introduction to Finance: The Basics' is instructed by Xi Yang. However, the current screenshot does not provide information about other courses taught by Xi Yang. To find this information, consider searching for the instructor's profile or name on Coursera's website to see their full list of courses."
"Identify a course on Coursera named 'Introduction to Finance: The Basics', who is the course instructor and what other courses does he/she teach.",click on 'Xi Yang' link below the instructor label to navigate to the instructor's profile and find other courses they teach.,"The course 'Introduction to Finance: The Basics' is instructed by Xi Yang, a Senior Lecturer of Finance at the University of Illinois Urbana-Champaign. Xi Yang also teaches 'Introduction to Finance: The Role of Financial Markets'. This information has been successfully retrieved from the instructor's profile."
"Identify a course on Coursera named 'Introduction to Finance: The Basics', who is the course instructor and what other courses does he/she teach.",Summarizing last observations,"The course ""Introduction to Finance: The Basics"" is taught by Xi Yang, a Senior Lecturer of Finance at the University of Illinois Urbana-Champaign. Xi Yang also teaches another course titled ""Introduction to Finance: The Role of Financial Markets."" This summary reflects only the latest observations. For full context, please refer to the complete task history."