task,user_action_and_explanation,observation
"Identify a new course or Specialization on Coursera related to Python Data Science, sort the courses by newest, what the first course is and which institution offers it.",Going to https://www.coursera.org/,Went to https://www.coursera.org/
"Identify a new course or Specialization on Coursera related to Python Data Science, sort the courses by newest, what the first course is and which institution offers it.","click the search icon to look for Python Data Science courses, as this will bring up the search bar for entering the query.","The search icon was clicked, and the search bar is now visible. The search query for Python Data Science courses should be entered to proceed with finding and sorting the courses by newest."
"Identify a new course or Specialization on Coursera related to Python Data Science, sort the courses by newest, what the first course is and which institution offers it.",type 'Python Data Science' into the search bar with the placeholder 'What do you want to learn?' to find relevant courses.,"The search results are displayed for ""Python Data Science."" However, the courses are currently sorted by 'Best Match,' not 'Newest.' You'll need to change the sorting option to 'Newest' to find the most recent courses. Right now, the top course under 'Best Match' is 'Python for Data Science, AI & Development' offered by IBM."
"Identify a new course or Specialization on Coursera related to Python Data Science, sort the courses by newest, what the first course is and which institution offers it.","click the 'Sort by' dropdown to change it from 'Best Match' to 'Newest', which will allow finding the newest courses related to Python Data Science.","The 'Sort by' option has successfully been clicked, and the dropdown is visible. However, the sorting is still set to 'Best Match.' The user needs to select 'Newest' to sort the courses accordingly. Once 'Newest' is selected, the first course listed will reveal the latest offering related to Python Data Science along with its institution."
"Identify a new course or Specialization on Coursera related to Python Data Science, sort the courses by newest, what the first course is and which institution offers it.","click 'Newest' in the 'Sort by' dropdown to sort the courses from most recent to oldest, ensuring the newest course related to Python Data Science is displayed first.","The courses are now sorted by 'Newest.' The first course related to Python Data Science is ""Statistics and Applied Data Analysis"" offered by the University of Colorado Boulder."
"Identify a new course or Specialization on Coursera related to Python Data Science, sort the courses by newest, what the first course is and which institution offers it.",Summarizing last observations,"The courses have been successfully sorted by 'Newest.' The first course related to Python Data Science is ""Statistics and Applied Data Analysis,"" and it is offered by the University of Colorado Boulder. Please refer to the task history for full context and details."