task,user_action_and_explanation,observation
Find a Beginner's Spanish Specialization on Coursera and show all the courses in this Specialization.,Going to https://www.coursera.org/,Went to https://www.coursera.org/
Find a Beginner's Spanish Specialization on Coursera and show all the courses in this Specialization.,click the magnifying glass icon at the top right to perform a search for the Beginner's Spanish Specialization.,"The search bar is open, ready for input. You can type ""Beginner's Spanish Specialization"" into the search field to look for relevant courses."
Find a Beginner's Spanish Specialization on Coursera and show all the courses in this Specialization.,"type ""Beginner's Spanish Specialization"" into the search bar with the placeholder ""What do you want to learn?"" to find relevant courses.","The search for ""Beginner's Spanish Specialization"" resulted in a course titled ""Learn Spanish: Basic Spanish Vocabulary"" from the University of California, Davis. This appears to be a relevant course aimed at beginners. However, it's labeled as a specialization. You may need to click on it to see all courses included in the specialization."
Find a Beginner's Spanish Specialization on Coursera and show all the courses in this Specialization.,"click on the ""Learn Spanish: Basic Spanish Vocabulary"" card to explore the courses included in the specialization, as it's labeled as a beginner specialization and matches the task goal.","The ""Learn Spanish: Basic Spanish Vocabulary Specialization"" page displays information about the specialization. It is part of a 5-course series, designed for beginners, and takes approximately 2 months to complete with a flexible schedule. The skills gained include grammar. However, the screenshot doesn't show the individual courses within the specialization. You may need to scroll down or look for a section listing the courses offered in this specialization."
Find a Beginner's Spanish Specialization on Coursera and show all the courses in this Specialization.,"scroll down to look for the section listing all courses within the ""Learn Spanish: Basic Spanish Vocabulary Specialization"" as it likely contains the detailed breakdown of the included courses.","The screenshot doesn't display the section listing all courses in the ""Learn Spanish: Basic Spanish Vocabulary Specialization."" It shows an overview of benefits and a section about earning a career certificate, but lacks details on specific courses. Consider scrolling further or looking for a section specifically labeled for course details."
Find a Beginner's Spanish Specialization on Coursera and show all the courses in this Specialization.,"scroll further down on the page to locate the section where the individual courses in the ""Learn Spanish: Basic Spanish Vocabulary Specialization"" are listed, as it's likely below the current view.","The 'Learn Spanish: Basic Spanish Vocabulary Specialization' includes the following 5 courses:

1. **Spanish Vocabulary: Meeting People** - 16 hours, rated 4.6 stars.
2. **Spanish Vocabulary: Cultural Experience** - 17 hours, rated 4.5 stars.
3. **Spanish Vocabulary: Sports, Travel, and the Home** - 18 hours, rated 4.7 stars.
4. **Spanish Vocabulary: Careers and Social Events** - 19 hours, rated 4.7 stars.
5. **Spanish Vocabulary Project** - 21 hours, rated 4.8 stars.

The screenshot also shows information about the instructor and the offering institution, which is the University of California, Davis."
Find a Beginner's Spanish Specialization on Coursera and show all the courses in this Specialization.,Summarizing last observations,"The most recent observations reveal the details of the ""Learn Spanish: Basic Spanish Vocabulary Specialization"" on Coursera. This specialization includes five courses:

1. **Spanish Vocabulary: Meeting People** - 16 hours, rated 4.6 stars.
2. **Spanish Vocabulary: Cultural Experience** - 17 hours, rated 4.5 stars.
3. **Spanish Vocabulary: Sports, Travel, and the Home** - 18 hours, rated 4.7 stars.
4. **Spanish Vocabulary: Careers and Social Events** - 19 hours, rated 4.7 stars.
5. **Spanish Vocabulary Project** - 21 hours, rated 4.8 stars.

The courses are offered by the University of California, Davis, and the specialization is designed for beginners. Additional details about the instructor and the institution are provided, along with options to enroll for free starting December 21st. This summary reflects only the latest observations; refer to the complete task history for full context and details."