task,user_action_and_explanation,observation
Find the Market Data section on BBC News and tell me which company the data comes from.,Going to https://www.bbc.com/news/,Went to https://www.bbc.com/news/
Find the Market Data section on BBC News and tell me which company the data comes from.,click the menu icon (three horizontal lines) in the top left corner to look for the Market Data section.,"The menu is currently open, showing a list of sections such as Home, News, Sport, Business, etc. However, there is no direct mention of a 'Market Data' section visible in the slide-out menu."
Find the Market Data section on BBC News and tell me which company the data comes from.,click the 'Business' section in the menu to explore available categories for Market Data.,"You navigated to the 'Business' section. Within the current view, there is no distinct 'Market Data' section immediately visible. The content mostly features business news articles. To find the Market Data section, consider scrolling further down or looking for links or tabs specifically mentioning market or financial data."
Find the Market Data section on BBC News and tell me which company the data comes from.,"scroll down to look for the Market Data section within the Business page, as it may be located further down the page.",You've scrolled down within the Business section but have not yet located the Market Data section. The screenshot shows news articles and analysis on various business topics. No specific market data or information about the company providing it is visible. Consider scrolling further or looking for a dedicated link or tab related to market data.
Find the Market Data section on BBC News and tell me which company the data comes from.,"scroll further down the Business page to locate the Market Data section, as it might be positioned lower on the page.","The current screenshot shows more business-related content, such as articles and interviews, but the Market Data section is still not visible. There is no information about the company providing the data. It's recommended to continue scrolling further or look for tabs or links specifically mentioning 'Market Data'."
Find the Market Data section on BBC News and tell me which company the data comes from.,"scroll further down the Business page to continue searching for the Market Data section, as it might be located yet further down the page.","The current screenshot still shows business-related articles and features, but the Market Data section has not yet been located. There is no indication of the company providing the data as of now. Continue scrolling further or look for specific links or tabs labeled 'Market Data' or similar."
Find the Market Data section on BBC News and tell me which company the data comes from.,"scroll further down the Business page to continue searching for the Market Data section, as it might be located yet further down or appearing after more content.","The current screenshot shows that you are on the Business page, featuring various business news articles and stories. The Market Data section is still not visible, and there's no information regarding the company providing the data. Consider continuing to scroll further or look for additional tabs or sections with terms like 'Market Data' or 'Finance.' The section you are looking for might be positioned even lower on the page or under a different section label."
Find the Market Data section on BBC News and tell me which company the data comes from.,"scroll further down the page to search for the Market Data section, as it may still be located below the currently visible content.","You've scrolled further on the Business page but still cannot see the Market Data section. The content remains focused on business news articles, with no specific mention of market data or the company providing it. It's advisable to continue scrolling down or search for other sections or tabs that might lead you to market-related information. Look for links labeled 'Market Data' or 'Finance' to find the relevant section."
Find the Market Data section on BBC News and tell me which company the data comes from.,"scroll further down the Business page to keep searching for the Market Data section, as it may still be located further down the page. Investigating deeper sections might reveal the needed information.",The current screenshot continues to display a series of business-related articles but does not show the Market Data section. There is no visible information regarding the company providing the data. It might be beneficial to continue scrolling or explore other sections or navigation options within the Business page that might link to Market Data.
Find the Market Data section on BBC News and tell me which company the data comes from.,"scroll further down to continue searching for the Market Data section, as it may still be located further down the page.",The current screenshot still does not display the Market Data section. It continues to show business-related articles without any specific reference to market data or the company providing it. Consider scrolling further or checking for any additional tabs or sections that specifically mention 'Market Data' or similar terms.
Find the Market Data section on BBC News and tell me which company the data comes from.,"scroll further down the page to continue looking for the Market Data section, as it may still be positioned lower on the Business page.","The screenshot shows the bottom of the Business section page, featuring various business articles. The Market Data section is still not visible, and there is no information regarding the company providing the data. It seems you've reached the end of the current page content. Consider returning to the main Business page and looking for dedicated tabs or links that might be labeled 'Market Data' or 'Finance' within the business section or elsewhere in the navigation."
Find the Market Data section on BBC News and tell me which company the data comes from.,"scroll up to check for any tabs or links that might lead to a Market Data section, as the end of the page has been reached.",The current screenshot shows more business articles and news stories but still no sign of the Market Data section. You might need to return closer to the top of the Business page or look for a specific tab or link that mentions 'Market Data' or 'Finance.' It's possible that a dedicated section or link for market data is near the navigation bar or within a subsection of Business not immediately visible in the current view. Consider exploring other parts of the Business page header or footer for more options.
Find the Market Data section on BBC News and tell me which company the data comes from.,scroll further down the Business page to continue searching for the Market Data section or look for any relevant links or tabs that might lead to it.,"The current screenshot shows the end of the Business section, with page navigation options available (1, 2, 3, 4) for more articles. However, there is no visible 'Market Data' section, nor any information about the company providing such data. It might be located in another part of the website or under a different label, like 'Finance' or 'Markets.' You may need to try clicking on other sections or checking under a different main menu label."
Find the Market Data section on BBC News and tell me which company the data comes from.,click the '1' pagination link at the bottom of the page to refresh and search for any missed Market Data section or links on previous content changes.,"The screenshot shows a list of recent business articles on the BBC Business page. There is still no visible Market Data section or reference to the company providing it. It appears primarily to consist of news stories and articles. Consider continuing to scroll or search using specific keywords related to market data, or check a different section or feature related to finance or markets on the site."
Find the Market Data section on BBC News and tell me which company the data comes from.,"scroll further down to continue searching for the Market Data section, as it might still be located further down the page.","The screenshot displays business-related news articles, but the Market Data section is not visible. There are no indicators of the company providing the data either. Consider checking for navigation tabs or categories specifically labeled 'Market Data' or 'Finance.' It may be beneficial to scroll further or try looking in other related sections like Finance or Economy if available."
Find the Market Data section on BBC News and tell me which company the data comes from.,"scroll further down the Business page as the Market Data section may be positioned even lower, possibly near the page footer or within a dedicated segment.","The current screenshot reveals the lower part of the BBC Business page, including various article links and navigation options at the bottom. However, the Market Data section is still not visible, and there is no information about the company providing any market data. It's possible that the Market Data section might not be prominently displayed on this page or it could be located under a different section. Consider using the site's search function or checking under specific financial or economy subcategories if available."
Find the Market Data section on BBC News and tell me which company the data comes from.,scroll back up to the top of the Business page to see if there is a tab or link specifically for 'Market Data' that might have been missed initially.,"The current screenshot shows the top portion of the BBC Business page, which features recent articles and news pieces. There is no visible tab or link specifically labeled 'Market Data' at the top of the page. If you haven't checked, the footer or other sections of the page might contain links to financial or market data. Alternatively, try using the search function on the website to locate the Market Data section."
Find the Market Data section on BBC News and tell me which company the data comes from.,"scroll further down to continue searching for the Market Data section, as it might be lower on the page.","The screenshot shows the bottom of the Business page with no Market Data section visible. It mainly features news articles and navigation options. You may need to try a different approach, such as using the search function on the BBC website or checking other sections or tabs that could contain financial data."
Find the Market Data section on BBC News and tell me which company the data comes from.,click on the pagination '2' button at the bottom of the Business section to load more content. This may help in discovering the Market Data section if it's located on subsequent pages.,"The screenshot shows the second page of the Business section on BBC News, displaying various news articles, but there is still no sign of the Market Data section. It may be useful to check for specific tabs or sections on the Business page that might lead to market data, like 'Finance' or 'Markets,' if available. Alternatively, using the search function on the website could help locate the Market Data section directly."
Find the Market Data section on BBC News and tell me which company the data comes from.,"scroll further down the Business page to continue searching for the Market Data section, as it might be located yet further down the page.","The screenshot continues to show business-related articles, but the Market Data section is still not visible. It is possible that it might be located further down or under a different tab. Consider examining the bottom of the page for additional links or sections that might lead to market or financial data, or try a direct search for 'Market Data' on the BBC website."
Find the Market Data section on BBC News and tell me which company the data comes from.,"scroll further down the Business page to continue searching for the Market Data section, as it might be located even further down the page.","The current screenshot shows the end of a series of paginated business articles, but the Market Data section is still not visible. There is no information about the company providing the data in the current view. Consider navigating to potential additional pages, or check for any links on the page that might direct you specifically to market or financial data sections."
Find the Market Data section on BBC News and tell me which company the data comes from.,click on the '3' page button at the bottom navigation to explore more content that might include the Market Data section.,"The current screenshot shows more business-related news articles with titles and summaries. However, the Market Data section is still not visible, and there is no indication of the company providing the data. Consider exploring additional pages, links, or tabs that might specifically mention 'Market Data' or financial data."
Find the Market Data section on BBC News and tell me which company the data comes from.,"scroll further down to continue searching for the 'Market Data' section, which may be located lower on the page.","The current screenshot continues to show business news articles, with no sign of the 'Market Data' section. It seems you've reached the bottom options for pagination without finding relevant data. Try using the navigation bar or search function at the top of the page to directly search for 'Market Data' or to explore another section specifically dedicated to financial information."
Find the Market Data section on BBC News and tell me which company the data comes from.,"click the right arrow next to the page numbers to load the next page, as the Market Data section might be on a subsequent page.","The current screenshot shows page 3 of the general business articles on BBC News, but the Market Data section is not visible. To locate the Market Data section, consider continuing to other content areas by clicking the next page or looking for a search function to directly find 'Market Data.' Additionally, checking for categories like 'Finance' might be helpful as well. The page navigation suggests you might need to go through several pages to find specific sections."