task,user_action_and_explanation,observation
Find The SpeciaList section in Travel and browse the page to see which cities are mentioned.,Going to https://www.bbc.com/news/,Went to https://www.bbc.com/news/
Find The SpeciaList section in Travel and browse the page to see which cities are mentioned.,click the menu icon to explore more sections as it likely contains the Travel section where The SpeciaList might be located.,"The user has opened the menu and can see various sections of the BBC website. The 'Travel' section is visible in the list, allowing them to navigate there to potentially find 'The SpeciaList' section. They should click on 'Travel' to continue their search for city mentions."
Find The SpeciaList section in Travel and browse the page to see which cities are mentioned.,click the 'Travel' section in the menu to navigate to the Travel page and search for The SpeciaList section.,"You have successfully navigated to the 'Travel' page. However, 'The SpeciaList' section is not immediately visible in the current screenshot. You may need to scroll down or search the page further to find it and see which cities are mentioned."
Find The SpeciaList section in Travel and browse the page to see which cities are mentioned.,"scroll down the Travel page to search for 'The SpeciaList' section, which may be located further down the page.","The 'The SpeciaList' section is not visible in the current screenshot. The page shows other travel articles and advertisements, but not the section you are looking for. Consider scrolling further down the page or using a search function to locate 'The SpeciaList' section and identify which cities are mentioned."
Find The SpeciaList section in Travel and browse the page to see which cities are mentioned.,"scroll further down the Travel page to continue searching for 'The SpeciaList' section, as it might be located lower on the page.","The 'The SpeciaList' section is still not visible in the current screenshot. The page shows several travel articles about places like Zhangjiajie, London, New York, New Delhi, and Iceland, but not the specific section you are looking for. Consider scrolling further or using the search function to find 'The SpeciaList' section and see which cities it mentions."
Find The SpeciaList section in Travel and browse the page to see which cities are mentioned.,"scroll further down the Travel page to continue searching for 'The SpeciaList' section, as it might require viewing more of the page content beyond the current articles.","You have successfully located 'The SpeciaList' section on the Travel page. It features articles on Whistler, Cortina d'Ampezzo, and La Plagne, France. These are the cities mentioned in this section."
Find The SpeciaList section in Travel and browse the page to see which cities are mentioned.,Summarizing last observations,"The most recent observations confirm that the user successfully found 'The SpeciaList' section on the Travel page of the BBC website. This section includes articles featuring cities such as Whistler, Cortina d'Ampezzo, and La Plagne, France. 

For a full understanding of how this was achieved, please refer to the complete task history."