task,user_action_and_explanation,observation
"Find a news article on BBC News about the impact of the recent tech industry layoffs on the global economy. Summarize the key points and the name of the author, and provide the date of publication.",Going to https://www.bbc.com/news/,Went to https://www.bbc.com/news/
"Find a news article on BBC News about the impact of the recent tech industry layoffs on the global economy. Summarize the key points and the name of the author, and provide the date of publication.","click the search icon at the top-left corner of the page to look for articles about tech industry layoffs affecting the global economy, facilitating a direct and efficient search.","The search box is available now. You can type keywords related to ""tech industry layoffs global economy"" to find relevant articles. Currently, no articles related to the task are visible on the page. Proceed by entering your search query in the provided search bar to find the specific article."
"Find a news article on BBC News about the impact of the recent tech industry layoffs on the global economy. Summarize the key points and the name of the author, and provide the date of publication.","type ""tech industry layoffs global economy"" into the search bar with the placeholder 'Search news, topics and more' to find relevant articles on the topic.","The search results show several articles relevant to the topic of tech industry layoffs and their impact on the global economy. The article titled ""Are tech job cuts a warning for the wider economy?"" published on 6 Jan 2023 seems particularly relevant to your task. It appears to discuss the broader economic implications of tech job cuts.

No specific author is mentioned in the search results. You may need to open the article to find more details about the key points and author."
"Find a news article on BBC News about the impact of the recent tech industry layoffs on the global economy. Summarize the key points and the name of the author, and provide the date of publication.","click on the article titled ""Are tech job cuts a warning for the wider economy?"" to access it and find details about the key points, author, and date of publication.","The article ""Are tech job cuts a warning for the wider economy?"" by Natalie Sherman was published on 6 January 2023. The article discusses the recent layoffs in major tech companies like Amazon and Salesforce, which reflect broader economic concerns. It explains how consumer spending might slow down due to rising prices and higher borrowing costs. However, some experts, like Julia Pollak from ZipRecruiter, suggest these layoffs might indicate a market correction rather than an impending recession. The article also notes that despite the tech industry challenges, overall U.S. job growth remains strong, with unemployment rates at historic lows."
"Find a news article on BBC News about the impact of the recent tech industry layoffs on the global economy. Summarize the key points and the name of the author, and provide the date of publication.",Summarizing last observations,"This summary reflects only the latest observations from the article ""Are tech job cuts a warning for the wider economy?"" by Natalie Sherman, published on 6 January 2023:

The article explores the implications of tech industry layoffs, including significant job cuts by Amazon and Salesforce, which might signal broader economic concerns. Rising prices and borrowing costs are expected to slow consumer spending. While some view the layoffs as a market correction, concerns about a potential recession remain. Despite challenges in the tech sector, U.S. job growth is strong with historically low unemployment rates. Joe Brusuelas suggests the cuts are a necessary adjustment after rapid growth, while others like Jeffrey Pfeffer warn of economic downturns if layoffs become widespread. For complete historical context and details, please refer to the full task history."""