task,user_action_and_explanation,observation
Find the top story from BBC News in the technology section for today.,Going to https://www.bbc.com/news/,Went to https://www.bbc.com/news/
Find the top story from BBC News in the technology section for today.,click the menu icon with three horizontal lines to open the menu and navigate to the Technology section.,"The menu is open, showing various sections such as News, Sport, Business, Innovation, Culture, among others. To proceed with your task, click on 'News' to expand and then select 'Technology' to find the top story for today in that section."
Find the top story from BBC News in the technology section for today.,"click on 'News' to expand the section and reveal the 'Technology' sub-section, allowing navigation to find the top story in technology.","The 'News' section is expanded, but the sub-section 'Technology' is not visible in the screenshot. You need to scroll down or navigate further to find and select 'Technology' to view its top stories for today."
Find the top story from BBC News in the technology section for today.,scroll down to locate the 'Technology' sub-section under News in order to find and access its top stories for today.,"In the current screenshot, the 'Technology' section is visible. The top story headline in technology is ""Google suggests fixes to its search monopoly,"" published 4 hours ago. Another story is ""Sega considering Netflix-like game subscription service,"" published 14 hours ago."
Find the top story from BBC News in the technology section for today.,Summarizing last observations,"This summary reflects only the latest observations:

The top story in the technology section of BBC News today is ""Google suggests fixes to its search monopoly,"" which was published 4 hours ago. Another notable story is ""Sega considering Netflix-like game subscription service,"" published 14 hours ago. For a complete history of the task progression, please refer to the full task history."