task,user_action_and_explanation,observation
Find a AI-related story under Technology of Business. What is in the first picture in the story?,Going to https://www.bbc.com/news/,Went to https://www.bbc.com/news/
Find a AI-related story under Technology of Business. What is in the first picture in the story?,"click the menu icon (three horizontal lines) to navigate to the Technology of Business section, where AI-related stories are likely located.",The user has opened the menu on the BBC News site. The 'Business' section is visible but not fully expanded. The user has not yet navigated to 'Technology of Business'. The user needs to expand the 'Business' section to proceed.
Find a AI-related story under Technology of Business. What is in the first picture in the story?,"click the 'Business' section to expand it and locate the 'Technology of Business' subsection, where AI-related stories are likely available.","The 'Business' section is expanded, but there is no 'Technology of Business' subsection visible here. The page displays stories related to general business news. The user might need to scroll further or search directly for AI-related stories in the 'Technology of Business' section."
Find a AI-related story under Technology of Business. What is in the first picture in the story?,"scroll down to find the 'Technology of Business' section where AI-related stories may be listed. The section or relevant stories are not visible yet, so scrolling is necessary to locate them.","The 'Technology of Business' section is still not visible. The user needs to continue scrolling down the page to locate the section or stories related to AI. The current view displays general business news, analysis, and other topics, but no AI-related stories are apparent."
Find a AI-related story under Technology of Business. What is in the first picture in the story?,"scroll down further to continue searching for the 'Technology of Business' section where AI-related stories might be located, as it is not yet visible.","The 'Technology of Business' section with AI-related stories is not visible in the current screenshot. The page currently shows business-related content and podcast suggestions, but none of it is specifically related to AI. You may need to continue scrolling or consider using the search feature to locate AI-related stories in the 'Technology of Business' section."
Find a AI-related story under Technology of Business. What is in the first picture in the story?,"scroll down further to continue searching for the 'Technology of Business' section where AI-related stories might be located, as it is not yet visible in the current view.","The 'Technology of Business' section with AI-related stories is still not visible in the current screenshot. The current view includes content such as 'Good Bad Billionaire' podcast and an advertisement about Generative AI by AWS, but no direct AI-related story under 'Technology of Business'. Continue scrolling to find the relevant section or consider searching for AI stories specifically."
Find a AI-related story under Technology of Business. What is in the first picture in the story?,"scroll down further to continue searching for the 'Technology of Business' section, as it is not visible in the current view and the desired content may require additional scrolling to locate.","The 'Technology of Business' section with AI-related stories is not visible in the current screenshot. The image presented is about a story titled ""How one product made a multi-million dollar brand."" It features a collage with a woman's portrait, hands, and various design elements. This section does not seem to focus on AI. Continue scrolling or consider searching for specific AI-related content within the section."
Find a AI-related story under Technology of Business. What is in the first picture in the story?,scroll down further to locate the 'Technology of Business' section or AI-related stories as it is not yet visible and needs further navigation.,"You have found an AI-related story titled ""AI is trained to spot warning signs in blood tests."" The first picture of this story shows a person in a lab coat examining a test tube, suggesting a scientific or medical setting related to the AI theme."
Find a AI-related story under Technology of Business. What is in the first picture in the story?,Summarizing last observations,"The most recent observations reveal that an AI-related story titled ""AI is trained to spot warning signs in blood tests"" has been located. The first picture in this story shows a person in a lab coat examining a test tube, indicating a scientific or medical context related to AI.

For full context or additional details, refer to the complete task history."