task,user_action_and_explanation,observation
Find the latest article regarding the economic implications of climate change in Europe as reported by BBC News and summarize the central points.,Going to https://www.bbc.com/news/,Went to https://www.bbc.com/news/
Find the latest article regarding the economic implications of climate change in Europe as reported by BBC News and summarize the central points.,click the search icon in the top left corner to search for articles on economic implications of climate change in Europe.,"The search bar is visible, allowing you to enter keywords related to the economic implications of climate change in Europe. You can proceed by typing your query into the search box to find relevant articles on BBC News."
Find the latest article regarding the economic implications of climate change in Europe as reported by BBC News and summarize the central points.,"type ""economic implications climate change Europe"" into the search bar with the placeholder 'Search news, topics and more' to find relevant articles on BBC News.","The search results do not specifically show an article focused on 'economic implications of climate change in Europe.' Current articles include topics on climate change effects on quality of life and graphics on global temperature changes, but they don't directly address the economic implications in Europe. Consider refining your search terms or exploring these articles for potential leads related to your task."
Find the latest article regarding the economic implications of climate change in Europe as reported by BBC News and summarize the central points.,"refine the search query to ""economic impact of climate change Europe"" in the search bar with the placeholder 'Search news, topics and more' to attempt finding more precise results regarding the economic aspect.",No specific article on the economic implications of climate change in Europe is visible in the search results. The articles shown mainly discuss general climate change issues or unrelated topics. Consider adjusting the search terms further or checking the BBC News homepage for potential leads or recent publications on the topic.
Find the latest article regarding the economic implications of climate change in Europe as reported by BBC News and summarize the central points.,"scroll down to load and view more search results, as the current visible articles do not focus on the economic implications of climate change in Europe. This will help in finding an article that aligns with the task.","The search results still do not display any specific article focused on the economic implications of climate change in Europe. The articles visible are related to other topics such as politics and environmental policies, both in the UK and internationally. Consider exploring further pages or returning to the BBC News homepage to find recent related publications. Alternatively, narrow down the search with more specific terms or search for recent reports by specific authors or sections that often cover climate change and economic issues."
Find the latest article regarding the economic implications of climate change in Europe as reported by BBC News and summarize the central points.,click the next page arrow button to view additional search results. This may reveal more relevant articles about the economic implications of climate change in Europe that weren't visible on the first page.,"The additional search results still do not display an article specifically focused on the economic implications of climate change in Europe. The topics include the Manx planning system, the European golf tour, Greenland elections, self-reliance in business, and environmental warnings from Attenborough. None of these directly address the focused economic impact of climate change in Europe. Consider refining the search further with different keywords or revisiting the BBC Homepage for new articles."
Find the latest article regarding the economic implications of climate change in Europe as reported by BBC News and summarize the central points.,click the BBC logo at the top left to return to the BBC News homepage. This will allow for browsing the latest news articles directly to potentially find recent publications related to economic effects of climate change in Europe.,"You navigated back to the BBC News homepage, but the search results still do not display an article specifically focused on the economic implications of climate change in Europe. The topics in the visible articles include those unrelated to your specific task, focusing instead on planning systems, cultural changes in sports, and general environmental issues. Consider using the homepage's sections, such as 'World' or 'Business,' to browse for new, relevant articles or use different keywords."
Find the latest article regarding the economic implications of climate change in Europe as reported by BBC News and summarize the central points.,"click the home button (BBC logo) at the top of the page to return to the BBC News homepage. This will allow you to explore the latest articles and news topics directly, which may include recent publications on the economic implications of climate change in Europe.","The BBC News homepage currently does not feature an article explicitly on the economic implications of climate change in Europe. The visible stories focus on different topics such as a market attack in Germany, US politics, and cultural moments from 2024. It may be helpful to explore specific sections such as 'Europe,' 'Business,' or 'Science' for more relevant articles, or try searching with other specific keywords related to your topic."
Find the latest article regarding the economic implications of climate change in Europe as reported by BBC News and summarize the central points.,"click the 'Europe' section link to explore targeted articles, as this may lead to a more focused collection of news related to the economic implications of climate change in Europe.","The current screenshot of the BBC 'Europe' section does not display any articles specifically addressing the economic implications of climate change in Europe. The visible topics primarily focus on recent incidents and events in Europe, such as the Magdeburg market attack and coverage related to politics and other regional matters. Consider navigating through different subsections like 'Business', or use more specific searches related to climate change impact reports to find relevant articles."
Find the latest article regarding the economic implications of climate change in Europe as reported by BBC News and summarize the central points.,"click the menu icon (three horizontal lines) in the top left corner to explore different sections on BBC News that might cover climate and economic topics, like Business or Science, for more focused articles.","You have accessed the BBC News menu which displays different sections like Home, Sport, Business, Innovation, Culture, Arts, Travel, Earth, Video, Live, Audio, Weather, and Newsletters. To find articles about the economic implications of climate change in Europe, consider exploring the 'Business' or 'Earth' sections as they are more likely to cover economic and environmental topics. This action might lead you to relevant articles or insights needed for your task."
Find the latest article regarding the economic implications of climate change in Europe as reported by BBC News and summarize the central points.,"click on the 'Earth' menu under the sections panel to explore articles related to climate and environment, which may lead to economic implications of climate change in Europe.","You accessed the 'Earth' section on BBC News, which features articles related to climate and environmental topics. However, none of the visible articles focus specifically on the economic implications of climate change in Europe. Topics include Stonehenge mysteries, new species in Peru, and local climate news unrelated to the task (e.g., travel disruption and species conservation). Consider scrolling further in this section or investigating other categories like 'World' or 'Business' for relevant articles."
Find the latest article regarding the economic implications of climate change in Europe as reported by BBC News and summarize the central points.,"click ""More climate news"" under the Earth section to find specific articles related to climate change, which might include economic implications.","You have navigated to the BBC News homepage. The current view does not show results related to climate change or the economic implications in Europe. Articles visible are focused on current political events, cultural stories, and other world news. Consider exploring specific sections like 'Earth' or keeping an eye for headlines related to economics or climate in Europe in order to find relevant articles. Attempting the 'More climate news' section could provide targeted topics on climate change."
Find the latest article regarding the economic implications of climate change in Europe as reported by BBC News and summarize the central points.,click the menu icon with the three horizontal lines in the top left to explore different sections of BBC News. This may lead to finding an article about the economic implications of climate change in Europe under sections like Business or Science & Environment.,"You have opened the menu on the BBC News website. Various sections are available to explore, such as Business, Science & Environment, Earth, and more. These sections might contain articles related to the economic implications of climate change in Europe. Consider exploring the 'Business' or 'Science & Environment' sections to see if there are relevant articles addressing your task."
Find the latest article regarding the economic implications of climate change in Europe as reported by BBC News and summarize the central points.,"click on 'Business' in the side menu. There may be relevant articles on the economic implications of climate change within this section, as it often covers economic issues and trends.","The 'Business' section does not currently display articles specifically about the economic implications of climate change in Europe. The visible articles focus on various topics such as international business stories, labor strikes, and corporate news. None directly address climate change or its economic impact in Europe. Consider checking other sections like 'Environment' or using different keywords related to climate economics in Europe."
Find the latest article regarding the economic implications of climate change in Europe as reported by BBC News and summarize the central points.,"click the menu icon (three horizontal lines) in the top left corner to access different news categories, which may have specific sections on climate or economy to help find relevant articles.","The menu is open with various news categories visible including 'Business,' 'Earth,' and 'Weather,' which may contain articles about economic or environmental issues. You can select 'Business' for economic implications or 'Earth' for climate change topics, potentially leading to relevant articles."
Find the latest article regarding the economic implications of climate change in Europe as reported by BBC News and summarize the central points.,"click on the 'Business' section from the left menu. Exploring this section might lead to articles focusing on the economic aspects of climate change in Europe, as it is likely covered under business news.","The 'Business' section on BBC News does not currently display an article specifically about the economic implications of climate change in Europe. The visible articles focus on topics like business empires, game subscription services, and labor strikes. Consider looking into specific segments or using the website's search function with refined keywords to track the desired content. Alternatively, browse sections like 'Environment' or 'Economy' for potential leads related to your task."
Find the latest article regarding the economic implications of climate change in Europe as reported by BBC News and summarize the central points.,"click the menu icon in the top left corner to access different categories, as this may help find articles related to economic implications of climate change in Europe by providing access to relevant sections such as 'Environment' or 'Economy.'","The menu interface is visible, showing various sections like 'Business,' 'Environment,' 'Economy,' and 'Earth.' These sections may contain relevant articles about the economic implications of climate change in Europe. To proceed, you can select one of these categories to explore related content. The current screen does not display any articles directly; further navigation into these sections is needed to find specific articles."
Find the latest article regarding the economic implications of climate change in Europe as reported by BBC News and summarize the central points.,"click ""Earth"" from the side menu to explore dedicated climate change sections which might contain articles on the economic implications in Europe.","The 'Earth' section of BBC News currently displays a variety of articles, none of which directly address the economic implications of climate change in Europe. The main focus article is about the mystery of Stonehenge, while others include topics like David Attenborough's expeditions and discoveries of new species. The 'More climate news' section includes articles on weather-related travel disruptions and conservation efforts, but again, they do not specifically cover the economic impact of climate change in Europe. Consider checking specific categories like 'Business' or using the search function again with refined terms."
Find the latest article regarding the economic implications of climate change in Europe as reported by BBC News and summarize the central points.,"click the menu icon in the top left corner next to the BBC logo. This could lead to sections such as Business or Environment, where articles about the economic implications of climate change in Europe might be featured.","The menu has expanded, displaying sections like Sport, Business, Innovation, Culture, Arts, Travel, Earth, and more. You can explore either the 'Business' or 'Earth' sections, as they may contain relevant articles on the economic implications of climate change in Europe. This could be a useful step in finding the focused content you're looking for."
Find the latest article regarding the economic implications of climate change in Europe as reported by BBC News and summarize the central points.,"click on the ""Business"" category under the menu. This may lead to articles that discuss economic impacts, potentially including those related to climate change in Europe.","The articles currently displayed under the 'Business' category do not focus on the economic implications of climate change in Europe. The topics include a business family in Hawaii, a gaming subscription service by Sega, results of the Women's World Cups, a Starbucks workers strike, and Volkswagen's agreement to avoid plant closures in Germany. These do not directly relate to the task. You might consider further exploring the 'Business' section or refining the search terms further within different BBC News categories."
Find the latest article regarding the economic implications of climate change in Europe as reported by BBC News and summarize the central points.,"scroll down to check if there are more articles on the Business page that might relate to economic impacts of climate change in Europe, which could be featured further down.","The articles on the Business page as observed do not focus on the economic implications of climate change in Europe. Current topics include labor union activities related to Starbucks, plea agreements involving Volkswagen, major business personalities in the news, and trade deals impacting French farmers. Consider refining search strategies, or checking back later for newly posted articles, as climate-related content may frequently update."
Find the latest article regarding the economic implications of climate change in Europe as reported by BBC News and summarize the central points.,"scroll further down the BBC News homepage to look for recently published articles that might cover the economic implications of climate change in Europe, since available articles do not match the criteria.","The articles visible on the BBC News homepage still do not specifically address the economic implications of climate change in Europe. The current topics include political matters and financial platform discussions. Continue scrolling or explore category sections like 'World,' 'Business,' or 'Science/Environment' for more specialized content on the homepage."
Find the latest article regarding the economic implications of climate change in Europe as reported by BBC News and summarize the central points.,"type ""economic impact climate change Europe"" in the search bar with the placeholder 'Search' to find any new relevant articles that may have been published recently on BBC News.","The search results do not show an article specifically about the economic implications of climate change in Europe. The visible headlines focus on political topics, cryptocurrency discussions, and other unrelated issues. Consider refining your search keywords, exploring different sections of the BBC website like 'Europe' or 'Business,' or checking a dedicated climate section for recent news."
Find the latest article regarding the economic implications of climate change in Europe as reported by BBC News and summarize the central points.,"click the menu button (three horizontal lines) at the top left corner to explore more sections such as environment or business, which might have articles on the economic implications of climate change in Europe.","The current view is an article about Hill House's business growth, which does not relate to the economic implications of climate change in Europe. The article focuses on entrepreneurship and a specific product, offering no relevant information toward your current task. Try exploring sections like 'Environment' or 'Business' to find articles more aligned with climate change and economic impact, or modify your search terms for more targeted results."