task,user_action_and_explanation,observation
"In the Asia section, browse and identify the most recent report about technological advancements and summarize its content.",Going to https://www.bbc.com/news/,Went to https://www.bbc.com/news/
"In the Asia section, browse and identify the most recent report about technological advancements and summarize its content.","click the menu icon in the top left corner to navigate to the Asia section, where the latest report about technological advancements can be found.","The user has successfully accessed the menu on the BBC website and can now navigate to the Asia section. They need to click on the appropriate section, such as 'Asia' under 'News', to proceed with finding the report on technological advancements."
"In the Asia section, browse and identify the most recent report about technological advancements and summarize its content.",click on the 'Asia' link under the 'News' section in the menu to access the Asia news section and search for the latest report on technological advancements.,"The user has accessed the Asia news section on the BBC website. However, the currently visible report is not related to technological advancements. Instead, it is about a 56-year-long fight to free a man from a death sentence in Japan. The user needs to scroll further or search within the Asia section to find the most recent report about technological advancements."
"In the Asia section, browse and identify the most recent report about technological advancements and summarize its content.",scroll down on the Asia section page to look for articles on technological advancements.,The current content visible in the screenshot is unrelated to technological advancements. It focuses on a legal case in Japan involving a lengthy imprisonment. The user should continue scrolling or use the search feature to locate articles specifically about technological advancements in the Asia section.
"In the Asia section, browse and identify the most recent report about technological advancements and summarize its content.","scroll down further in the Asia section to continue searching for the latest report on technological advancements, as the current content is still not relevant to the task.",The screenshot still shows content unrelated to technological advancements. It continues with the story about Iwao Hakamata and his experience on death row. The user should keep scrolling or utilize the search function to locate the desired report on technological advancements within the Asia section.
"In the Asia section, browse and identify the most recent report about technological advancements and summarize its content.","scroll down further to continue searching for articles focused on technological advancements in the Asia section, as the current content displayed is still not relevant.","The visible content continues to focus on the legal case involving Iwao Hakamata, describing his time on death row in Japan. There is still no information related to technological advancements. The user should persist in scrolling further or use the search function to locate articles specifically about technological advancements in the Asia section."
"In the Asia section, browse and identify the most recent report about technological advancements and summarize its content.","scroll further down the page to continue searching for articles on technological advancements in the Asia section, as the current content is still not relevant.","The screenshot still contains information related to Iwao Hakamata's case on death row in Japan, without any mention of technological advancements. The user should continue to scroll further down the page or use the search feature to find the most recent technology-related report in the Asia section."
"In the Asia section, browse and identify the most recent report about technological advancements and summarize its content.","scroll further down in the Asia section to continue searching for the latest report on technological advancements, as the current content displayed remains unrelated to the task.",The current content is still focused on the legal case surrounding Iwao Hakamata and does not relate to technological advancements. The user should continue scrolling further or consider using the search feature to locate the most recent report on technological advancements in the Asia section.
"In the Asia section, browse and identify the most recent report about technological advancements and summarize its content.","scroll further down to continue searching for the latest article related to technological advancements, since the current visible content is still focused on a legal case in Japan.",The content displayed is still focused on the legal case concerning Iwao Hakamata and the issue of 'hostage justice' in Japan. There is no relevant information about technological advancements in the current view. The user should continue scrolling further or use the search function to locate the desired report on technological advancements in the Asia section.
"In the Asia section, browse and identify the most recent report about technological advancements and summarize its content.","scroll down further on the Asia section page to locate the latest report on technological advancements, as the current visible content continues to focus on a legal case in Japan.","The screenshot still shows content related to Iwao Hakamata's legal case in Japan, continuing to focus on themes of justice and wrongful conviction. There is no mention of technological advancements yet. You should keep scrolling or use the website's search feature to locate the latest technology-related report in the Asia section."
"In the Asia section, browse and identify the most recent report about technological advancements and summarize its content.","scroll down further to find the report on technological advancements in the Asia section, as the current content is still about a legal case.","The content remains focused on Iwao Hakamata's experience and story, without any reference to technological advancements. The user should continue scrolling or consider using the search feature to locate content relevant to technological advancements in the Asia section."
"In the Asia section, browse and identify the most recent report about technological advancements and summarize its content.","scroll down further in the Asia section to find articles on technological advancements, as the current visible content is focused on a personal story related to a legal case.","The screenshot still focuses on the story of Iwao Hakamata, without any mention of technological advancements. The user should continue scrolling further down the page or use the search function to locate technology-related articles in the Asia section."
"In the Asia section, browse and identify the most recent report about technological advancements and summarize its content.","scroll down further past the current article to continue searching for content related to technological advancements in the Asia section, as the current article is unrelated to the task.",The visible articles in the screenshot are unrelated to technological advancements. They include topics like waste management rules in Japan and a potential merger between Honda and Nissan. The user should continue scrolling or use the search function for technology-focused articles in the Asia section.
"In the Asia section, browse and identify the most recent report about technological advancements and summarize its content.","click on the 'Honda and Nissan hold merger talks' article in the 'More' section as it mentions a strategic partnership for electric vehicles, which relates to technological advancements.","The article discusses exploratory talks between Honda and Nissan about a potential merger to strengthen their position against electric vehicle (EV) competitors, especially in China. These talks are in the early stages, and no deal has been finalized. Both companies expressed interest in exploring collaborations and leveraging each other's strengths. Previously, they agreed to consider a strategic partnership for EVs in March. The report was initially published by Nikkei, and neither company has denied the story, although they have not publicly announced any details yet."
"In the Asia section, browse and identify the most recent report about technological advancements and summarize its content.",Summarizing last observations,"The most recent report relating to technological advancements in the Asia section discusses exploratory talks between Honda and Nissan regarding a potential merger. The discussions aim to increase competitiveness against other electric vehicle (EV) manufacturers, especially in China. While the talks are in early stages without guaranteed outcomes, the companies have agreed to explore a strategic partnership for EVs, including collaboration on battery and other technologies. The potential merger could face challenges such as political scrutiny and the need to unwind existing alliances. Both companies have been losing market share in China, largely due to competition from cost-effective EV makers like BYD. This summary reflects the latest observations; for complete context and task history, refer to the full task documentation."