task,user_action_and_explanation,observation
"Visit BBC News Audio, What are the best PodCasts for 2023? List 2 of them.",Going to https://www.bbc.com/news/,Went to https://www.bbc.com/news/
"Visit BBC News Audio, What are the best PodCasts for 2023? List 2 of them.",click the hamburger menu icon to explore additional sections like audio or podcasts.,"The user has accessed the menu and can see various sections like Home, News, Sport, Business, Innovation, Culture, etc. The ""Audio"" section is visible towards the bottom of the list. The next step would be to click on ""Audio"" to explore podcasts and identify lists for the best podcasts of 2023."
"Visit BBC News Audio, What are the best PodCasts for 2023? List 2 of them.","click on the 'Audio' section in the menu to access the audio content, including podcasts, and find the best podcasts for 2023.","The user has navigated to the BBC Sounds page. This section includes links to 'Music,' 'Podcasts,' and 'My Sounds.' To find the best podcasts for 2023, the user should click on the 'Podcasts' section at the top of the page. Currently, no specific list of best podcasts for 2023 is visible in the screenshot."
"Visit BBC News Audio, What are the best PodCasts for 2023? List 2 of them.",click on the 'Podcasts' section at the top of the page to explore the available podcasts and locate the best podcasts for 2023.,"The user is in the 'Podcasts' section of BBC Sounds, viewing categories like 'New Releases' and 'Podcasts We Love.' There isn't a specific 'Best Podcasts for 2023' list visible. However, some highlighted podcasts include 'Uncanny,' 'Sherlock Holmes Short Stories,' 'History's Heroes,' among others. For potential top podcasts, 'Uncanny' and 'Sherlock Holmes Short Stories' from the 'New Releases' might be considered."
"Visit BBC News Audio, What are the best PodCasts for 2023? List 2 of them.","scroll down to see if there's a section specifically listing the best podcasts for 2023, since it might be further down the page.","The screenshot shows various podcast categories like ""Podcasts We Love,"" ""All-Time Favourites,"" and ""True Crime."" No specific section labeled ""Best Podcasts for 2023"" is visible. However, popular podcasts like ""Uncanny"" and ""Brown Girls Do It Too"" are highlighted. These might be among notable recommendations. The user has not found a list explicitly titled ""Best Podcasts for 2023,"" but some featured podcasts could be potential top picks."
"Visit BBC News Audio, What are the best PodCasts for 2023? List 2 of them.","note that 'Brown Girls Do It Too' and 'Uncanny' are featured prominently in 'Podcasts We Love' and 'All-Time Favourites,' suggesting they may be among the best podcasts of 2023 on BBC Sounds.","In the 'Podcasts We Love' and 'All-Time Favourites' sections, 'Brown Girls Do It Too' and 'Uncanny' are prominently featured. These are likely among the top podcasts for 2023 on BBC Sounds. Both are highlighted multiple times, suggesting their popularity and quality."
"Visit BBC News Audio, What are the best PodCasts for 2023? List 2 of them.",Summarizing last observations,"Based on the most recent observations, the user explored the BBC Sounds' 'Podcasts' section, where several categories like ""Podcasts We Love"" and ""All-Time Favourites"" were visible. Prominently featured podcasts include ""Brown Girls Do It Too"" and ""Uncanny,"" which were among both the ""Podcasts We Love"" and ""All-Time Favourites"" sections, suggesting they might be top recommendations for 2023. No specific ""Best Podcasts for 2023"" list was found, but these selections could be considered noteworthy for the current year. For full context, reviewing the complete task history is advised."