task,user_action_and_explanation,observation
Identify the main headlines covering the UK's plan to tackle climate change on BBC News.,Going to https://www.bbc.com/news/,Went to https://www.bbc.com/news/
Identify the main headlines covering the UK's plan to tackle climate change on BBC News.,"type ""UK climate change plan"" into the search bar with the placeholder text ""Search"" to find headlines related to the UK's climate change plan.","The search attempt to find UK climate change plan headlines has not been completed yet. The screenshot shows the main news page and current headlines, but it does not display relevant search results for the UK's climate change plan. You need to actually perform the search after typing 'UK climate change plan' to see the results."
Identify the main headlines covering the UK's plan to tackle climate change on BBC News.,click the magnifying glass icon near the top left to initiate the search for 'UK climate change plan'.,"The search has not been executed yet. You need to press 'Enter' or click the magnifying glass icon again after typing to initiate the search for headlines related to the UK's climate change plan. Currently, the page only displays general news items."
Identify the main headlines covering the UK's plan to tackle climate change on BBC News.,click the search button with the magnifying glass icon next to the search bar to execute the search for 'UK climate change plan'.,"The search for 'UK climate change plan' has not been executed yet. The current screenshot still shows the main BBC News page with general headlines. The search bar and button are visible, but it seems the search was not initiated successfully. You need to click the magnifying glass icon again or press 'Enter' to execute the search."
Identify the main headlines covering the UK's plan to tackle climate change on BBC News.,"click the search button with the magnifying glass icon next to the search bar to execute the search for 'UK climate change plan', as it initiates the search operation.","The search for 'UK climate change plan' has not been completed. The current screenshot still shows general news headlines instead of specific search results. You need to ensure the search input is confirmed and executed, possibly by hitting 'Enter' or rightly clicking the search button again."
Identify the main headlines covering the UK's plan to tackle climate change on BBC News.,"click the magnifying glass icon next to the ""Search news, topics and more"" bar to execute the search for 'UK climate change plan', ensuring the search operation begins.","The search has not been executed. The current screenshot shows the main BBC News page, and the search results for 'UK climate change plan' have not appeared. Ensure you click the search icon after typing the search query to obtain the headlines."
Identify the main headlines covering the UK's plan to tackle climate change on BBC News.,"click the magnifying glass icon next to the search bar labeled 'Search news, topics and more' to execute the search for 'UK climate change plan', ensuring the query is processed.","The search has not been executed. The current screenshot shows the main BBC News page, with general headlines and no specific search results for 'UK climate change plan.' Recheck that the search term is entered correctly, and try pressing 'Enter' or decisively clicking the search icon to initiate the search."
Identify the main headlines covering the UK's plan to tackle climate change on BBC News.,"click the magnifying glass icon next to the search bar with the placeholder ""Search news, topics and more"" to initiate the search for 'UK climate change plan'. This action should execute the search operation to display relevant headlines.","The search for 'UK climate change plan' has not been successfully executed. The screenshot shows the general BBC News page with various headlines but not the specific results related to the UK's climate change plan. To proceed, ensure that the search box contains the correct query and that you press 'Enter' or properly click the magnifying glass icon to initiate the search for relevant articles."
Identify the main headlines covering the UK's plan to tackle climate change on BBC News.,"click the magnifying glass icon next to the 'Search news, topics and more' bar to execute the search for 'UK climate change plan', ensuring the search function is activated.","The search for 'UK climate change plan' has not been executed. The current screenshot shows the main BBC News homepage, including general news headlines. There are no specific search results displayed related to the UK's climate change plan. Double-check the search query entry and ensure you click the magnifying glass icon decisively or press 'Enter' to proceed with the search."
Identify the main headlines covering the UK's plan to tackle climate change on BBC News.,click the search button with the magnifying glass icon next to the search bar to execute the search and discover headlines about the UK's climate change plan.,The search for 'UK climate change plan' hasn't been executed yet. The screenshot still shows general news headlines with the search bar visible. Ensure the query is correctly entered and confirmed by pressing 'Enter' or decisively clicking the search button to obtain relevant results. No headlines specific to the UK's climate change plan are visible.
Identify the main headlines covering the UK's plan to tackle climate change on BBC News.,"click the magnifying glass icon next to the search bar ""Search news, topics and more"" to execute the search, ensuring the query for 'UK climate change plan' runs.","The search for 'UK climate change plan' has not been executed. The current screenshot displays the main BBC News page with general headlines and sections, and it does not show any search results related to the UK's climate change plan. Ensure the search query is entered and executed correctly by either pressing 'Enter' or decisively clicking the search button next to the search bar."
Identify the main headlines covering the UK's plan to tackle climate change on BBC News.,"type 'UK climate change plan' into the search bar with the placeholder 'Search news, topics and more' and press 'Enter' to execute the search for relevant headlines.","The search has successfully returned relevant headlines on the UK's plan to tackle climate change. The main headlines include: 
1. ""Law to cut emissions in NI approved by assembly"" - Legislation targeting a 77% emissions cut by 2040.
2. ""UK unveils new powers to approve large wind farms"" - Part of the new action plan for reaching 2030 clean power targets.
3. ""UK 'not ready' for extreme weather like Storm Darragh"" - Urges government investment in climate adaptations. 
These headlines reflect the UK's legislative and strategic actions towards climate change."
Identify the main headlines covering the UK's plan to tackle climate change on BBC News.,Summarizing last observations,"The latest observation shows that the search query 'UK climate change plan' has finally been executed successfully on the BBC News website. The main headlines related to this topic include:

1. **Law to cut emissions in NI approved by assembly** - Legislation targeting a 77% cut in emissions by 2040 in Northern Ireland.
2. **UK unveils new powers to approve large wind farms** - Part of the government's action plan for its 2030 clean power target.
3. **UK 'not ready' for extreme weather like Storm Darragh** - A call for government investment in climate change adaptations.
4. **Scheme removes 12 tonnes of CO2 says council** - Local council's efforts in reducing harmful emissions.
5. **Government has broken the law on sewage, says watchdog** - OEP ruling on excessive sewage in rivers and seas.

This summary reflects the most recent search observations. Refer to the entire task history for comprehensive details."