task,user_action_and_explanation,observation
Search the latest article about space exploration on BBC News and summarize its key points.,Going to https://www.bbc.com/news/,Went to https://www.bbc.com/news/
Search the latest article about space exploration on BBC News and summarize its key points.,click the magnifying glass icon near the top left to access the search bar and enter a topic about space exploration.,"The search bar is visible on the BBC News website, but no search term has been entered for space exploration articles. You need to type a relevant term, such as 'space exploration,' and hit enter to find related articles. Currently, there are no results displayed because the search has not been executed."
Search the latest article about space exploration on BBC News and summarize its key points.,"type 'space exploration' into the search bar with placeholder 'Search news, topics and more' to find the latest articles about space exploration.","The search results for 'space exploration' on BBC News have been displayed. The relevant article related to space exploration is titled ""Got a recycling tip? Nasa wants to hear from you,"" published on 7 December 2024. The article discusses NASA's initiative for the Artemis project, where astronauts may need to construct living spaces on the Moon using recycled materials. You can read the article for more details on NASA's interest in sustainable resource use for lunar habitation."
Search the latest article about space exploration on BBC News and summarize its key points.,Summarizing last observations,"The most recent observations show that a search for 'space exploration' on BBC News has been completed. The highlighted article is ""Got a recycling tip? Nasa wants to hear from you,"" published on 7 December 2024. This article focuses on NASA's initiative to incorporate sustainable practices in the Artemis project. Specifically, it discusses how NASA plans for astronauts to build living spaces on the Moon using recycled materials. The initiative underscores NASA's commitment to sustainable resource use during lunar missions. 

This summary reflects only the latest observations. For a more comprehensive understanding, refer to the complete task history."