task,user_action_and_explanation,observation
Check the Sports section for the result of the most recent Manchester United football match.,Going to https://www.bbc.com/news/,Went to https://www.bbc.com/news/
Check the Sports section for the result of the most recent Manchester United football match.,"click the menu button with three horizontal lines in the top-left corner to access different sections, including Sports.","The menu is open on the BBC website, with various sections displayed. To proceed toward checking the result of the most recent Manchester United match, you should click on the 'Sport' section in the menu. This will likely lead you to sports-related news, where you might find the football results."
Check the Sports section for the result of the most recent Manchester United football match.,click the 'Sport' section in the menu to access sports-related news.,The current screenshot of the BBC Sports section does not directly mention the result of the most recent Manchester United match. You may need to scroll down or search through the article headlines or sub-sections for information on Manchester United's latest match result.
Check the Sports section for the result of the most recent Manchester United football match.,"scroll down to look for more articles or headlines related to Manchester United's recent football matches, as the current section does not mention the result directly.","The current screenshot does not show any information about the latest Manchester United match result. It features various articles and videos related to different sports topics like boxing, football, and athletics. Continue scrolling or use the search function to locate specific coverage of Manchester United's recent matches."
Check the Sports section for the result of the most recent Manchester United football match.,"scroll down to find more articles related to Manchester United's recent matches, as the current section still does not show the information.","The current screenshot shows a list of articles and videos in the sports section. There is mention of 'Mount 'devastated' after injury but Amorim offers help' related to Man Utd, but no direct indication of the latest match result. Consider using the search function or navigating to a football-specific section for more targeted results about the Manchester United game."
Check the Sports section for the result of the most recent Manchester United football match.,"click the 'Football Daily' section, as it might provide a summary or insights into the latest football matches, including possibly Manchester United's recent games.","The Football Daily section provides information that Tottenham defeated Manchester United to advance to the semi-finals of the League Cup. However, the content itself is not currently working on the page, preventing further insights or details."
Check the Sports section for the result of the most recent Manchester United football match.,Summarizing last observations,"The most recent observation reveals that within the Football Daily section on the BBC website, it is mentioned that Tottenham defeated Manchester United to advance to the semi-finals of the League Cup. However, the content of the page is not currently working, preventing access to further details or insights. For a comprehensive understanding or additional information, review the complete task history."