task,user_action,observation
Read the latest health-related news article published on BBC News and summarize the key points discussed.,Going to https://www.bbc.com/news/,Went to https://www.bbc.com/news/
Read the latest health-related news article published on BBC News and summarize the key points discussed.,"click ""LIVE Car hits crowds at German Christmas market, leaving four dead and over 200 injured"" to read the full article for the latest news details.","The current screenshot shows the BBC News homepage featuring live news updates. The user clicked on an article titled ""Car hits crowds at German Christmas market, leaving four dead and over 200 injured."" However, this article does not appear to be health-related. To find health-related news, it might be better to navigate back to the main news categories or search specifically for health articles."
Read the latest health-related news article published on BBC News and summarize the key points discussed.,click the menu icon with three horizontal lines in the top left to find the health section.,"The menu is open, showing various news categories including 'Home,' 'News,' 'Sport,' 'Business,' 'Innovation,' 'Culture,' and 'Travel.' However, 'Health' is not immediately visible or listed in this section. You may need to scroll down or look within one of the main categories for a subcategory related to health news."
Read the latest health-related news article published on BBC News and summarize the key points discussed.,"type ""health"" in the search bar with the placeholder 'Search news, topics and more' to find health-related news articles.","The search results for ""health"" are visible, displaying several articles related to health topics. The latest article appears to be titled ""Jersey womens' health needs more funding - expert,"" published 3 days ago. It discusses the need for increased funding for women's healthcare in Jersey, as suggested by an expert. This article could be a relevant choice to summarize for the task."
Read the latest health-related news article published on BBC News and summarize the key points discussed.,"click on the article titled ""Jersey womens' health needs more funding - expert"" to read the full article and summarize the key points discussed.","The article highlights concerns raised by Neil MacLachlan, a former hospital consultant gynaecologist, emphasizing the need for more funding and focus on women's health services in Jersey. MacLachlan points out that women in Jersey need better access to healthcare, and specialized services are difficult to receive. He mentions that women with endometriosis can experience long waits for diagnosis, and funding for incontinence issues has been removed, impacting many women during their lifetime."
Read the latest health-related news article published on BBC News and summarize the key points discussed.,Summarizing last observations,"This summary reflects the most recent observations only. The article discusses the need for enhanced funding for women's healthcare in Jersey, as highlighted by Neil MacLachlan, a former hospital consultant and gynaecologist. He stresses the challenges women face in accessing specialized healthcare services, citing issues such as long waits for endometriosis diagnosis and removed funding for incontinence treatment. MacLachlan urges for rebuilding secondary healthcare and critiques the local survey's necessity compared to larger scale ones. The government has acknowledged the need for a distinct women's health strategy but is hindered by budget deficits. Additionally, plans were mentioned to reopen a women's ward at Jersey General Hospital by 2025 to improve care quality."