task,user_action_and_explanation,observation
"Find the article ""What is climate change? A really simple guide"" and use it to answer what human activities are causing climate change.",Going to https://www.bbc.com/news/,Went to https://www.bbc.com/news/
"Find the article ""What is climate change? A really simple guide"" and use it to answer what human activities are causing climate change.","type ""What is climate change? A really simple guide"" into the search bar with the placeholder 'Search' to find the specific article.","The current screenshot shows the main BBC News homepage, but there is no visibility of a search results page for the query ""What is climate change? A really simple guide."" It seems the search has not been conducted yet. The user should locate and use the search functionality to input the query and find the desired article."
"Find the article ""What is climate change? A really simple guide"" and use it to answer what human activities are causing climate change.",click the magnifying glass icon at the top left of the BBC News homepage to open the search bar for conducting the query 'What is climate change? A really simple guide.',"The search bar is now visible on the left side of the page, ready to receive input. The user can now enter the query ""What is climate change? A really simple guide"" to find the specific article. Once the search is completed, they can look through the results to locate the article and gather information on human activities causing climate change."
"Find the article ""What is climate change? A really simple guide"" and use it to answer what human activities are causing climate change.","type 'What is climate change? A really simple guide' into the search bar with the placeholder 'Search news, topics and more' to find the specific article needed for information on human activities causing climate change.","The search results are displayed on the BBC News website. One relevant article titled ""A simple guide to climate change"" is visible among the results. This article, published on 26 Nov 2024, states that human activities are causing the world to heat up, posing serious threats to people and nature. The user should click on this article to gather detailed information on which specific human activities are causing climate change."
"Find the article ""What is climate change? A really simple guide"" and use it to answer what human activities are causing climate change.",click on the article titled 'A simple guide to climate change' to gather information on human activities causing climate change.,"You have successfully accessed the article titled ""What is climate change? A really simple guide"" on the BBC website. The article states that human activities are causing world temperatures to rise, posing serious threats to people and nature. It discusses climate change as the long-term shift in Earth's average temperatures and weather conditions, largely due to human actions that increase greenhouse gas emissions. This confirmation aligns with your task of identifying human activities contributing to climate change."
"Find the article ""What is climate change? A really simple guide"" and use it to answer what human activities are causing climate change.","scroll down to find specific details on human activities causing climate change, typically mentioned under sections discussing causes or emissions.","You have successfully accessed and found the relevant information in the article ""What is climate change? A really simple guide."" The article specifies that human activities causing climate change include the widespread use of fossil fuels such as coal, oil, and gas in homes, factories, and transport systems. The burning of these fossil fuels releases greenhouse gases, mainly carbon dioxide (CO2), into the atmosphere, contributing to global warming. The increased CO2 acts like a blanket, trapping extra heat in the Earth's atmosphere and leading to rising temperatures."
"Find the article ""What is climate change? A really simple guide"" and use it to answer what human activities are causing climate change.",Summarizing last observations,"The most recent observations indicate that the article ""What is climate change? A really simple guide"" was accessed successfully on the BBC website. It specifies that human activities, primarily the burning of fossil fuels like coal, oil, and gas for energy in homes, factories, and transportation, are significant contributors to climate change. These activities release large amounts of carbon dioxide (CO2) and other greenhouse gases into the atmosphere, which trap heat and cause global temperatures to rise. 

This summary reflects only the latest observations from the current screenshots. For a full context of the task history, please refer to the chronological list of previous observations and actions."