task,user_action_and_explanation,observation
Find out which musician made the headlines in Music News.,Going to https://www.bbc.com/news/,Went to https://www.bbc.com/news/
Find out which musician made the headlines in Music News.,click the menu icon with three horizontal lines to explore more news categories and find Music News.,"The user accessed the menu, revealing options including News, Sport, Business, Innovation, Culture, Arts, Travel, Earth, Video, Live, Audio, Weather, and Newsletters. The 'Music News' category is not explicitly listed. To find Music News, the user might need to explore Culture, Arts, or conduct a search using the search bar."
Find out which musician made the headlines in Music News.,click the 'Culture' option under the menu to explore music-related news items and potentially find headlines about musicians.,"The headline ""Paul McCartney and Ringo Starr reunite on stage"" appears under the 'Latest entertainment news' section. This suggests that Paul McCartney is one of the musicians making headlines in Music News."
Find out which musician made the headlines in Music News.,Summarizing last observations,"The latest observations show that under the 'Culture' section on the BBC News website, the headline ""Paul McCartney and Ringo Starr reunite on stage"" is featured prominently under 'Latest entertainment news'. This indicates that Paul McCartney and Ringo Starr are the musicians currently making headlines in Music News.

This summary reflects only the latest observations. For a full context and detailed task history, please refer to the complete task history."