task,user_action_and_explanation,observation
"In the World News section, find the latest war situations of Middle East and provide a brief summary.",Going to https://www.bbc.com/news/,Went to https://www.bbc.com/news/
"In the World News section, find the latest war situations of Middle East and provide a brief summary.",click the 'Middle East' link in the article titled 'Inside the abandoned homes of Assad's ruthless enforcers' to navigate to the World News section focusing on the Middle East for the latest updates.,"The current screenshot displays an article titled 'Inside the abandoned homes of Assad's ruthless enforcers' on the BBC News website. The article discusses the circumstances surrounding the vacant properties left by key figures of Assad’s regime in Syria. It provides some details about Jamil Hassan, a high-ranking member of the regime, and describes the signs of a rapid departure from his apartment. This appears more focused on a specific aspect rather than providing a broad update on the current war situations across the Middle East. 

For broader updates, consider navigating further into the dedicated 'Middle East' section or checking recent headlines pertaining to ongoing conflicts."
"In the World News section, find the latest war situations of Middle East and provide a brief summary.",click the 'Menu' icon (hamburger) on the top left to find and navigate to the 'World' or 'Middle East' section for broader updates on the current war situations.,"The screenshot shows the BBC website with the menu opened. From the menu, you can access different sections. To find updates on the Middle East, you should select the 'World' section or directly 'Middle East' if available. This will likely lead you to articles that cover broader updates regarding current events and conflicts in the Middle East, rather than specific articles focused on historical or individual perspectives."
"In the World News section, find the latest war situations of Middle East and provide a brief summary.",click the 'World' link in the left menu to navigate to the World News section for broader updates on the Middle East war situations.,"The screenshot provides an update about the US government canceling a $10 million bounty for the capture of Syria’s new leader, Ahmed al-Sharaa. This follows successful diplomatic discussions between US officials and representatives from Hayat Tahrir al-Sham (HTS). The US delegation visited Damascus after HTS recently overthrew Bashar al-Assad's regime. The discussions focused on transition principles and regional events, and the need to fight against IS. Additionally, the US is seeking information on missing American citizens, including journalist Austin Tice and psychotherapist Majd Kamalmaz, who disappeared in Syria under Assad's regime. This marks a significant shift in US diplomatic engagement in Syria, being the first such appearance in more than a decade."
"In the World News section, find the latest war situations of Middle East and provide a brief summary.",scroll down to view more current news articles related to Middle East conflicts and ensure broader coverage.,"The current screenshot continues to provide details about the US diplomatic engagement in Syria. It focuses on the US seeking information regarding missing American citizens from Syria and mentions a significant diplomatic visit to Damascus that marks the first American presence in over a decade. There are also references to dramatic political shifts occurring in Syria with the recent overthrow of Assad and efforts by Western countries to influence the region's future governance. Unfortunately, it doesn't provide a broad overview of other current conflicts in the Middle East. To achieve a more comprehensive update, additional articles in the World or Middle East section should be reviewed."
"In the World News section, find the latest war situations of Middle East and provide a brief summary.",scroll down further to explore additional articles in the World News section that might provide a broader overview of current Middle East conflicts beyond just Syria.,"The current screenshot continues to discuss US involvement in Syria, including details about a US airstrike that killed an IS leader in Deir al-Zour. The airstrike targeted a region previously controlled by Assad's forces and Russian allies. Also covered is the diplomatic meeting focused on the future governance of Syria and the conditions for potential US policy changes toward HTS. There is no broader coverage of other Middle East conflicts visible here. For a comprehensive update, further exploration of other articles is recommended."
"In the World News section, find the latest war situations of Middle East and provide a brief summary.",scroll down further to continue exploring additional articles that may offer updates on other Middle East conflicts beyond the current focus on Syria.,"The current screenshot continues to focus on Syria, including updates on US airstrikes targeting IS leaders in Deir al-Zour and the diplomatic shifts following Assad's ousting. However, additional articles are visible: one concerns Syria's Kurdish warning about the resurgence of IS, and another discusses life in Idlib under new rebel rule.

No broader updates on the wider Middle East conflicts are visible in this view. It might still require further exploration in the Middle East section for a more comprehensive overview."
"In the World News section, find the latest war situations of Middle East and provide a brief summary.",click the 'Middle East' tag below the advertisement to access a broader range of articles related to the Middle East for comprehensive coverage of current conflicts.,"The screenshot shows several articles related to Middle East conflicts. Key topics include:

1. **Syria:** 
   - The US has scrapped a $10 million bounty for Syria's new leader, Sharaa, following meetings with HTS representatives.
   - Kurdish forces warn of a potential IS resurgence, fearing militant jailbreaks.
   - Syria's rebel leaders claim they've broken with their jihadist past, marking an uncertain future.

2. **Gaza:**
   - Human Rights Watch accuses Israel of committing acts of genocide over water access issues.

These articles provide insights into the shifting political and military landscape in the Middle East, with a focus on Syria and tensions involving Israel and Gaza."
"In the World News section, find the latest war situations of Middle East and provide a brief summary.",Summarizing last observations,"This summary reflects only the latest observations:

Recent articles from the Middle East section highlight several ongoing conflicts and political developments:

1. **Syria:**
   - The US withdrew a $10 million bounty for the new Syrian leader, Ahmed al-Sharaa, following diplomatic engagements with HTS representatives.
   - Kurdish forces in Syria warn of an increased IS threat, with concerns about militant jailbreaks.
   - Concerns exist regarding the future governance under the new rebel rule, as leaders attempt to distance themselves from jihadist affiliations.

2. **Gaza and Israel:**
   - Human Rights Watch accuses Israel of genocide related to water access in Gaza.
   - Israel conducted strikes on Houthi targets in Yemen after a missile attack.

3. **Regional Dynamics:**
   - Russian military movements are noted in Syrian bases.

For a full context and detailed understanding, refer to the complete task history."