task,user_action_and_explanation,observation
"Look up recent articles in the Africa news section in World, summarize what topics most of these news are about",Going to https://www.bbc.com/news/,Went to https://www.bbc.com/news/
"Look up recent articles in the Africa news section in World, summarize what topics most of these news are about","click the menu icon at the top left to navigate to the Africa section under World news, as there is no direct link visible on the homepage for the Africa section.","The user accessed the menu but needs to further expand the ""News"" section to find the ""Africa"" subsection. From there, they can navigate to view Africa news articles and summarize the topics."
"Look up recent articles in the Africa news section in World, summarize what topics most of these news are about",click the 'News' section to expand it and find the 'Africa' subsection. This will allow navigation to the Africa news articles needed for summarizing topics.,"You have expanded the 'News' section, but the 'Africa' subsection is not visible in this screenshot. You need to scroll down or look further to find the 'Africa' section to access recent articles and summarize the topics covered."
"Look up recent articles in the Africa news section in World, summarize what topics most of these news are about",scroll down to look for the 'Africa' subsection under the expanded 'News' section. This will navigate to Africa news articles required for summarizing topics.,"The 'Africa' subsection is not visible in the current screenshot. You'll need to continue scrolling or exploring the menu further to locate the 'Africa' section within the 'News' category. Once found, you can access it to review and summarize the recent articles."
"Look up recent articles in the Africa news section in World, summarize what topics most of these news are about",click the menu icon at the top left corner of the page to access the menu options again and continue searching for the 'Africa' subsection.,"The 'Africa' subsection is still not visible in the menu options. You need to ensure you're accessing the correct menu and possibly scroll or check for additional expansion options within the 'World' section if available on the menu to locate 'Africa.' Once you navigate to the 'Africa' section, you'll be able to view and summarize the recent news articles."
"Look up recent articles in the Africa news section in World, summarize what topics most of these news are about",click the menu icon in the top left corner again to access the hidden navigation menu and continue searching for the 'Africa' subsection under 'World' news.,"The current screenshot shows an article about a government shutdown related to Donald Trump, but it is not part of the Africa news section. The user is still not in the right section to find Africa news articles. You should click the menu icon and ensure you access the 'News' section, then look for 'World' or directly for 'Africa' if available. Continue searching until the 'Africa' subsection is visible to summarize recent news topics."
"Look up recent articles in the Africa news section in World, summarize what topics most of these news are about",click the menu icon (three horizontal lines) at the top left corner to access the main navigation menu again and look for 'World' news or 'Africa' section to find the needed articles.,"The current screenshot indicates that you're in the main navigation menu. The 'News' category is visible. To progress, you should click on 'News' and look for the 'World' subsection. Once found, explore it for an 'Africa' section. This navigation path should lead you to the desired Africa news articles, where you can then summarize the main topics."
"Look up recent articles in the Africa news section in World, summarize what topics most of these news are about",click the 'News' dropdown to expand it and find the 'Africa' subsection. This will allow access to Africa news articles needed for summarizing topics.,"The 'Africa' subsection is now visible under the expanded 'News' menu. You can proceed to click on 'Africa' to navigate to the section and access the recent articles. Once there, you'll be able to summarize the main topics covered in the news articles."
"Look up recent articles in the Africa news section in World, summarize what topics most of these news are about",click on the 'Africa' subsection under the expanded 'News' section in the left-hand menu. This will navigate you to the Africa news articles needed for summarizing recent topics.,"You have successfully navigated to the Africa news section. Recent topics include: 
1. Cultural activities, such as the formation of running clubs by Nigerians in London.
2. Political dynamics, with Kenya's president embracing rivals.
3. Tragic events, like the deadly crush at a Nigerian Christmas fair.
4. Legal and social issues, such as the arrest of 'witchdoctors' in Zambia.
5. Human interest stories, including the whistleblowing of a Kenyan student regarding airport controversies.
6. A feature on Africa's top photos of the week and survivor stories from Mayotte's cyclone horror.

The news covers a mix of cultural, political, and social issues."
"Look up recent articles in the Africa news section in World, summarize what topics most of these news are about",Summarizing last observations,"Based on the most recent observations, the Africa news section highlights a variety of topics:

1. **Cultural Activities:** Stories about Nigerians in London forming running clubs.
2. **Political News:** Includes Kenya's president engaging with opposition leaders and Ghana's election outcomes.
3. **Tragic Events:** A report on a deadly crush at a Nigerian Christmas fair.
4. **Legal and Social Issues:** Arrest of individuals in Zambia over alleged witchcraft activities.
5. **Human Interest Stories:** A Kenyan student's whistleblowing on airport issues and survivors' tales from Mayotte's cyclone.
6. **Economic and Social Analysis:** Features on Malawi's financial disputes and the challenges facing young doctors in Kenya.
7. **Sports:** Coverage of African sports events and achievements.

For a comprehensive history and detailed understanding, refer to the entire task history."