task,user_action_and_explanation,observation
Find news related to the storm in Weather section and indicate where and when the severe weather occurred.,Going to https://www.bbc.com/news/,Went to https://www.bbc.com/news/
Find news related to the storm in Weather section and indicate where and when the severe weather occurred.,click the menu icon (three horizontal lines) to access the Weather section for storm news.,"The user successfully accessed the menu and located the 'Weather' section link on the BBC News website. To find storm-related news, the user should click on 'Weather' and look for articles mentioning storms or severe weather. The screenshot shows the menu options available, but does not indicate any storm news yet."
Find news related to the storm in Weather section and indicate where and when the severe weather occurred.,click on the 'Weather' section link in the menu to access weather-related news and find storm information.,"The user has successfully accessed the Weather section. The current display shows weather forecasts for various global locations, along with a video forecast for North America. However, there is no specific information visible about storms or severe weather events in this view. The user may need to scroll further or look for specific articles or videos that mention storms for detailed information about the occurrence and location of severe weather."
Find news related to the storm in Weather section and indicate where and when the severe weather occurred.,scroll down to explore more weather-related articles and videos that might mention storm events and provide the needed information about location and timing.,"The current screenshot from the Weather section displays various features and video articles related to weather forecasts. However, none of the visible articles specifically mention storms or severe weather yet. The closest related article is about UK weather warnings that could disrupt Christmas travel, which mentions strong winds as a potential issue. The user may need to explore this article or further search through the Weather section for more specific storm events or their details, such as location and timing."
Find news related to the storm in Weather section and indicate where and when the severe weather occurred.,"click on the 'UK weather warnings could mean disruption to Christmas travel' article under 'Features' as it mentions strong winds, which might be related to a storm event.","The article titled 'UK weather warnings could mean disruption to Christmas travel' provides relevant information about storm-like weather conditions. Strong winds are forecast across a large part of the UK over the weekend, which could disrupt travel. Yellow weather warnings have been issued for Saturday and Sunday, with expected wind gusts of up to 80 mph (129 km/h) particularly in Scotland, Northern Ireland, northern England, and north Wales. This aligns with the current task of identifying when and where severe weather is occurring."
Find news related to the storm in Weather section and indicate where and when the severe weather occurred.,Summarizing last observations,"The recent observations indicate that the user has found relevant news regarding storm-related weather conditions in the UK. The article titled 'UK weather warnings could mean disruption to Christmas travel' outlines the occurrence of strong winds expected across parts of the UK during the weekend, including Scotland, Northern Ireland, northern England, and north Wales. Wind gusts are forecasted to reach up to 80 mph (129 km/h), with weather warnings issued for Saturday and Sunday. This aligns with the task of identifying when and where severe weather is occurring. For further details regarding the process, please refer to the complete task history."