task,user_action_and_explanation,observation
Locate the latest report on BBC News about the impact of recent natural disasters in Asia and summarize the key points and areas affected.,Going to https://www.bbc.com/news/,Went to https://www.bbc.com/news/
Locate the latest report on BBC News about the impact of recent natural disasters in Asia and summarize the key points and areas affected.,"click the search icon. This will allow you to search for articles about natural disasters in Asia specifically, which may not be immediately visible on the homepage.","The search bar is now accessible, allowing you to enter keywords related to natural disasters in Asia to find relevant articles. You haven't yet entered any search terms. Proceed by inputting specific keywords such as 'Asia natural disasters' or the names of recent disasters."
Locate the latest report on BBC News about the impact of recent natural disasters in Asia and summarize the key points and areas affected.,type 'Asia natural disasters impact' in the search bar to find the latest articles related to natural disasters in Asia.,"You have successfully searched for articles. The latest relevant article is titled ""Rescuers race to find survivors after Vanuatu earthquake kills 14."" It was published 3 days ago and focuses on the impact of an earthquake in Vanuatu, Asia. Key points include rescue efforts and the immediate effects on the local population. To get more details, you would need to read the full article."
Locate the latest report on BBC News about the impact of recent natural disasters in Asia and summarize the key points and areas affected.,click on the article titled 'Rescuers race to find survivors after Vanuatu earthquake kills 14' to read the full report and gather detailed information about the impact of the earthquake in Vanuatu.,"The article provides detailed information about the recent earthquake in Vanuatu. It was a 7.3 magnitude quake that struck Port Vila, resulting in 14 deaths and injuring at least 200 people. Many casualties occurred in the city center due to the collapse of a handful of buildings. A state of emergency has been declared, and rescue operations are ongoing. Ten buildings sustained major structural damage, including those housing several embassies, such as the US Embassy and the British High Commission. The earthquake also caused power and mobile service disruptions."
Locate the latest report on BBC News about the impact of recent natural disasters in Asia and summarize the key points and areas affected.,Summarizing last observations,"This summary reflects the most recent observations based on the article you accessed. For full context, refer to the complete task history.

The article titled ""Rescuers race to find survivors as 14 dead after Vanuatu earthquake"" provides an account of a 7.3 magnitude earthquake that struck Port Vila, Vanuatu. Key points include:
- The earthquake resulted in 14 fatalities and over 200 injuries.
- Significant structural damage occurred, primarily in the city center, affecting around ten major buildings.
- Important facilities such as the US Embassy and the British High Commission were damaged.
- A state of emergency was declared to manage rescue operations.
- The earthquake was followed by numerous aftershocks.
- About 116,000 people are potentially affected, according to the UN Office for the Coordination of Humanitarian Affairs.
- Rescue teams are in need of urgent supplies, including jackhammers and cold drinking water.
- Neighboring nations like Australia are providing aid and support."