task,user_action_and_explanation,observation
"Check the Horse Racing results in Sport section, browse all the games that took place yesterday and see which one had the highest number of runners.",Going to https://www.bbc.com/news/,Went to https://www.bbc.com/news/
"Check the Horse Racing results in Sport section, browse all the games that took place yesterday and see which one had the highest number of runners.","click on the ""Menu"" icon in the top left corner to navigate to the Sport section and find the Horse Racing results.",The user successfully opened the menu where the 'Sport' section is visible. The next step should be clicking on 'Sport' to navigate to the sports news section and find the Horse Racing results.
"Check the Horse Racing results in Sport section, browse all the games that took place yesterday and see which one had the highest number of runners.",click on the 'Sport' link in the menu to navigate to the sports news section and find the Horse Racing results.,"The user successfully navigated to the BBC Sport section. However, Horse Racing results are not immediately visible. The next step is to scroll down or use the 'More' link to find the Horse Racing news or results."
"Check the Horse Racing results in Sport section, browse all the games that took place yesterday and see which one had the highest number of runners.","click on the 'More' button to explore additional sports categories, including potentially Horse Racing results.",The 'More' section successfully expanded to display an A-Z list of sports categories. 'Horse Racing' is visible and available as an option. The next step is to click on 'Horse Racing' to access the latest results and information.
"Check the Horse Racing results in Sport section, browse all the games that took place yesterday and see which one had the highest number of runners.",click on the 'Horse Racing' link to access the latest results and browse all the games that took place yesterday.,"The user has successfully accessed the Horse Racing section on BBC Sport. Various horse racing articles and updates are visible. The next step is to look specifically for the 'Latest results and racecards' section or a similar link to access results from yesterday. Once accessed, browsing through the races listed will allow identification of the one with the highest number of runners."
"Check the Horse Racing results in Sport section, browse all the games that took place yesterday and see which one had the highest number of runners.",click on the 'Latest results and racecards' link to view the horse racing results from yesterday and determine which game had the highest number of runners.,"The screenshot shows the horse racing results for today. The highest number of runners for a race in Fakenham is 10 for the 'Sky Bet Acca Freeze Handicap Hurdle' at 12:13. For further comparison for yesterday's data, you need to navigate to the previous day's results using the calendar feature or by clicking the left arrow to check which race had the most runners yesterday."
"Check the Horse Racing results in Sport section, browse all the games that took place yesterday and see which one had the highest number of runners.",click on the left arrow button next to the date to navigate to the previous day's results.,"The screenshot now shows the horse racing results for December 21, 2024 (yesterday). In Fakenham, the race with the highest number of runners was the 'Sky Bet Acca Freeze Handicap Hurdle' at 12:13 with 10 runners. The user has successfully identified the race with the most participants from the previous day."
"Check the Horse Racing results in Sport section, browse all the games that took place yesterday and see which one had the highest number of runners.",Summarizing last observations,"This summary reflects the most recent observations. The user has navigated to the Horse Racing results for December 21, 2024. The race with the highest number of runners was the 'Sky Bet Acca Freeze Handicap Hurdle' in Fakenham at 12:13, which had 10 runners. To see the complete history of actions and observations, please refer to the full task history."