task,user_action_and_explanation,observation
"Visit BBC News Audio and find out which podcast episode is currently featured as the ""New Releases"".",Going to https://www.bbc.com/news/,Went to https://www.bbc.com/news/
"Visit BBC News Audio and find out which podcast episode is currently featured as the ""New Releases"".",click the menu icon with three horizontal lines in the top left corner to open the navigation menu and locate the 'BBC News Audio' section.,"The navigation menu is open, displaying several categories such as News, Sport, Business, etc. The 'Audio' section is visible towards the bottom of the menu. The next step is to click on 'Audio' to proceed to the BBC News Audio page."
"Visit BBC News Audio and find out which podcast episode is currently featured as the ""New Releases"".",click on 'Audio' in the navigation menu to access BBC News Audio and find the current 'New Releases' podcast episode.,The current screenshot shows the BBC Sounds page. There doesn't appear to be a section explicitly labeled 'New Releases' visible at the moment. You may need to scroll down or explore the 'Podcasts' section to find the current 'New Releases' podcast episode.
"Visit BBC News Audio and find out which podcast episode is currently featured as the ""New Releases"".","scroll down to explore more sections and locate the 'New Releases' podcast episode, as it may not be initially visible on the current page.","The screenshot shows a section labeled 'Discover Podcasts' with several podcast episodes displayed. However, none are explicitly marked as 'New Releases.' The most prominent podcast featured is 'Fury v Usyk 2: The weigh-in' under the 'Discover Podcasts' banner, which could potentially be a new release. More information might be needed to confirm if it's the latest 'New Releases' podcast."
"Visit BBC News Audio and find out which podcast episode is currently featured as the ""New Releases"".","click the 'Fury v Usyk 2: The weigh-in' podcast under the 'Discover Podcasts' section as it is marked with 'NEW', indicating it might be the featured 'New Releases' episode.","The '5 Live Boxing with Steve Bunce' podcast is displayed. The episode ""Usyk v Fury 2: Richie Woodhall and George Groves"" is prominently featured, released on 20 Dec 2024. It appears to be part of the latest episodes and might be the one marked as 'NEW'."
"Visit BBC News Audio and find out which podcast episode is currently featured as the ""New Releases"".",scroll down further to see if there are more podcast episodes or a section explicitly marked as 'New Releases' to ensure that all options have been reviewed for the latest featured episode.,"The screenshot continues to display episodes from the '5 Live Boxing with Steve Bunce' podcast. No section explicitly labeled 'New Releases' is visible. The episodes are organized chronologically, with the latest one being 'Usyk v Fury 2: Richie Woodhall and George Groves' released on 20 Dec 2024, suggesting it is a recent release. However, a definitive 'New Releases' tag is not present, requiring confirmation from other potential sections or reliable sources."
"Visit BBC News Audio and find out which podcast episode is currently featured as the ""New Releases"".","go back to the previous page to verify if there are any explicit 'New Releases' labels or sections, as it's possible the current page does not clearly display this information.","The current screenshot shows the BBC Sounds page. The 'Fury v Usyk 2: The weigh-in' podcast is prominently featured with a 'NEW' tag in the 'Discover Podcasts' section, indicating that it is likely the latest 'New Releases' episode. No separate 'New Releases' section is visible, suggesting that newly released content might be highlighted within various sections instead."
"Visit BBC News Audio and find out which podcast episode is currently featured as the ""New Releases"".",Summarizing last observations,"The most recent observations indicate that the 'Fury v Usyk 2: The weigh-in' podcast is prominently featured on the BBC Sounds page under the 'Discover Podcasts' section. This podcast is marked with a 'NEW' tag, suggesting it may be the latest featured episode. No separate section explicitly labeled 'New Releases' is visible, which implies that newly released content might be highlighted in existing sections instead. For full context and details, refer to the complete task history."