task,user_action_and_explanation,observation
Determine the current top business story on BBC News and give a brief overview of its economic implications.,Going to https://www.bbc.com/news/,Went to https://www.bbc.com/news/
Determine the current top business story on BBC News and give a brief overview of its economic implications.,click on the menu icon to navigate to the business section to find the top business story.,"The user has opened the menu to navigate to the 'Business' section but hasn't accessed it yet. The next step would be to click on the 'Business' section to see the latest business stories. Currently, no business stories are visible in the screenshot."
Determine the current top business story on BBC News and give a brief overview of its economic implications.,"click on the 'Business' section in the menu to view the top business story, as it is necessary to locate and understand the latest business news and its economic implications.","The current top business story is about ""Google's proposed fixes to its search monopoly."" The company suggested new limits after a judge ruled it illegally crushed competition. The economic implications of this story are significant as they involve antitrust issues, which could lead to increased regulatory scrutiny and potentially force Google to alter its business practices. This could impact the market dynamics in the search industry and affect Google's financial performance if enforced changes reduce its competitive advantage."
Determine the current top business story on BBC News and give a brief overview of its economic implications.,Summarizing last observations,"The most recent observation of the top business story on BBC News is about Google's proposed solutions to address its search monopoly. The story details Google's response to a court ruling that found the company unlawfully suppressed competition in the search industry. Economically, this development could lead to significant regulatory scrutiny, potentially altering Google's business practices. Such changes might influence market dynamics within the search industry and could impact Google's financial performance if they reduce its competitive edge. 

Please refer to the full task history for a comprehensive understanding of previous steps and observations."