task,user_action_and_explanation,observation
How many War related sections are currently in BBC News.,Going to https://www.bbc.com/news/,Went to https://www.bbc.com/news/
How many War related sections are currently in BBC News.,"scroll down to view more sections and find any related to War, as they may not be visible on the current page.","The screenshot shows various news sections and stories, but none specifically labeled under 'War'. There is a story about 'Assad's enforcers' in the Middle East section, which could potentially relate to war or conflict. To find more specific 'War' related sections, further scrolling and exploration of the website may be necessary."
How many War related sections are currently in BBC News.,"scroll down further to explore additional sections that may include war-related topics, as current sections are visible but not labeled as 'War' related.","The current screenshot shows additional news sections, but no sections specifically labeled as 'War'. There are articles about Syria's future under new leaders and UK-China relations, which may touch on conflict or political tension. There is still no dedicated 'War' section visible, indicating that further exploration or keyword searches might be needed to find war-related sections or articles."
How many War related sections are currently in BBC News.,"scroll down further to continue exploring additional news sections on the page, as a dedicated 'War' section is still not visible.","The current screenshot reveals sections labeled 'Most Watched' and 'Also in News,' featuring various news stories. None of the sections are specifically labeled 'War,' nor do they immediately appear to focus exclusively on war-related content. Based on this screenshot and previous observations, BBC News does not seem to have a dedicated 'War' section visible. Further searching using the site's search feature or specific keywords could be useful in identifying articles related to war."
How many War related sections are currently in BBC News.,"click the 'magnifying glass' icon in the top left to open the search feature, which allows searching for war-related sections or articles directly.","The magnifying glass icon for search is visible on the top left, allowing you to directly search for 'War' or related terms on the BBC News website. This could help in finding specific sections or articles related to war if they are not prominently displayed on the main page."
How many War related sections are currently in BBC News.,click the 'magnifying glass' icon at the top left to open the search bar. This will allow searching for the keyword 'War' to find specific sections or articles related to war.,"The search bar is now open on the BBC News website, ready for input. You can type the keyword 'War' or other related terms to search for specific sections or articles related to war on the site. This action will help identify any content focused on war that may not be prominently labeled as a separate section on the main page."
How many War related sections are currently in BBC News.,"type 'War' into the 'Search news, topics and more' bar to find specific sections or articles related to war on BBC News.","The search results for 'War' on the BBC News website show six articles related to war topics. However, there is no dedicated 'War' section; instead, these are individual articles touching on various war-related topics such as veterans, war memorabilia, and current events linked to war. To find additional content, browsing related categories or using different keywords might be necessary."
How many War related sections are currently in BBC News.,Summarizing last observations,"The most recent observations reveal that after searching with the keyword 'War' on the BBC News website, six articles related to war topics are displayed. These include headlines about a Burma war veteran, a casting call for WWII extras, stolen war medals, and UK parliament discussions related to war. Although multiple articles relate to war, there is no dedicated 'War' section on the BBC News page. To find additional related content, further exploration or use of different search keywords might be necessary. This summary reflects the latest observations, and the full task history should be referred to for complete context."