task,user_action_and_explanation,observation
Get a brief overview of the economic implications of the UK's latest trade deal posted on BBC News and the date when the article was published.,Going to https://www.bbc.com/news/,Went to https://www.bbc.com/news/
Get a brief overview of the economic implications of the UK's latest trade deal posted on BBC News and the date when the article was published.,"type ""UK trade deal"" in the search icon magnifying glass to find the latest article on the topic.","The current screenshot shows the BBC News homepage, with a sidebar for searching topics. The user needs to enter the search term ""UK trade deal"" in the search bar to find relevant articles. At this moment, no search has been executed. Actionable feedback would be to type ""UK trade deal"" in the search field and press enter to retrieve relevant articles. The search functionality is available but hasn't been used yet."
Get a brief overview of the economic implications of the UK's latest trade deal posted on BBC News and the date when the article was published.,"type ""UK trade deal"" in the search bar with placeholder ""Search news, topics and more"" and press enter to find the latest article on the topic.","The search results show an article titled ""UK joins Asia's trade club - but what is CPTPP?"" This appears to discuss the UK's entry into a new trade agreement. The article was published 6 days ago. You should click on this article to get a detailed overview of the economic implications of the UK's latest trade deal."
Get a brief overview of the economic implications of the UK's latest trade deal posted on BBC News and the date when the article was published.,click on the article titled 'UK joins Asia's trade club - but what is CPTPP?' to get a detailed overview of the economic implications of the UK's latest trade deal.,"The article from BBC News titled ""CPTPP: UK has joined Asia's trade club but what is it?"" provides an overview of the UK's entry into the Comprehensive and Progressive Agreement for Trans-Pacific Partnership (CPTPP). This is a trade agreement among 11 countries, including Australia, Japan, and Canada. The entry into CPTPP is a significant move for the UK as it becomes the first non-founding member and will be the second-largest economy in the agreement after Japan. This strengthens its trade links with Asia-Pacific countries and could lead to economic opportunities due to access to a market of over 500 million people. The article was published 6 days ago."
Get a brief overview of the economic implications of the UK's latest trade deal posted on BBC News and the date when the article was published.,Summarizing last observations,"This summary reflects the most recent observations and information from the article: The UK's entry into the Comprehensive and Progressive Agreement for Trans-Pacific Partnership (CPTPP) is a strategic economic move. As the first non-founding member, the UK gains enhanced trade links with Asia-Pacific countries, presenting potential economic opportunities by accessing a market of over 500 million people. While short-term gains are minimal, the long-term benefits could be significant due to market access and reduced import tariffs. However, concerns about environmental standards and legal challenges exist. Published 6 days ago, the article highlights both the symbolic and potential substantial advantages of this post-Brexit trade agreement. For full details, please refer to the complete task history."