task,user_action_and_explanation,observation
Find the most recent sports analysis article on BBC News related to the English Premier League and summarize its key insights.,Going to https://www.bbc.com/news/,Went to https://www.bbc.com/news/
Find the most recent sports analysis article on BBC News related to the English Premier League and summarize its key insights.,click the menu icon labeled with three horizontal lines at the top left to look for the 'Sport' section.,The user opened the main menu and can now access the 'Sport' section to find articles related to the English Premier League. They are closer to their goal of finding recent sports analysis on BBC News.
Find the most recent sports analysis article on BBC News related to the English Premier League and summarize its key insights.,click the 'Sport' section in the main menu to access sports articles and find one related to the English Premier League.,"The user is on the BBC Sport section, where there are several articles related to football. The most recent article related to the Premier League is titled ""LIVE Premier League: Duran gives Villa lead against Man City."" This article provides live text coverage and commentary of the ongoing Premier League matches, including Aston Villa vs Man City. There is also an older analysis article by Sutton, ""Sutton's predictions v Reverend & the Makers singer Jon McClure,"" related to the Premier League, dated 1 day ago. The user can choose to explore these articles for analysis and insights."
Find the most recent sports analysis article on BBC News related to the English Premier League and summarize its key insights.,"click on the article titled ""Sutton's predictions v Reverend & the Makers singer Jon McClure"" as it is a recent analysis related to the Premier League.","The article ""Sutton's predictions v Reverend & the Makers singer Jon McClure"" features Chris Sutton's predictions for the upcoming English Premier League matches. It highlights a key match between Liverpool and Tottenham, noting the exciting prospects of Liverpool's counter-attacking play against Tottenham. Sutton predicts all 380 Premier League matches, engaging with various guests. For this week, he collaborates with Jon McClure from Reverend & the Makers. The article includes audience engagement, inviting readers to compare their predictions."
Find the most recent sports analysis article on BBC News related to the English Premier League and summarize its key insights.,Summarizing last observations,"This summary reflects the most recent observations:

The article ""Sutton's predictions v Reverend & the Makers singer Jon McClure"" on BBC News features Chris Sutton providing his predictions for upcoming English Premier League matches. Chris Sutton collaborates with Jon McClure, discussing key matches including Liverpool vs Tottenham. Sutton notes Liverpool's strong counter-attacking play and analyzes various teams' forms. They both offer predictions for the matches this weekend, extending an invitation to the audience to share their predictions as well.

The screenshots further illustrate Sutton’s analysis and include additional observations on other teams such as Manchester City, which are struggling with consistency. Predictions are made for specific matches, such as Aston Villa vs Manchester City and Brentford vs Nottingham Forest, emphasizing competitive insights and opinions on team dynamics and performance expectations.

For a complete understanding, the full task history should be reviewed."