task,user_action,observation
"Check the leaderboard for Golf's DP World Tour in the SPORT section, what was the name of the most recent tournament, and how many teams have a Total of -10 strokes.",Going to https://www.bbc.com/news/,Went to https://www.bbc.com/news/
"Check the leaderboard for Golf's DP World Tour in the SPORT section, what was the name of the most recent tournament, and how many teams have a Total of -10 strokes.",click the menu icon with three horizontal lines at the top left to open the navigation menu for accessing the SPORT section.,"The navigation menu is open, and the SPORT section is visible. The user can click on 'Sport' to access related content and search for the DP World Tour leaderboard."
"Check the leaderboard for Golf's DP World Tour in the SPORT section, what was the name of the most recent tournament, and how many teams have a Total of -10 strokes.",click the 'Sport' link in the navigation menu on the left to access the sports section and find information about the DP World Tour leaderboard.,"The current screenshot shows the main SPORT section, but there is no specific mention of the DP World Tour or golf. The user needs to scroll or navigate further to find the golf section or the relevant leaderboard for the DP World Tour. No information about the most recent tournament or teams with a total of -10 strokes is visible yet."
"Check the leaderboard for Golf's DP World Tour in the SPORT section, what was the name of the most recent tournament, and how many teams have a Total of -10 strokes.",click the 'Golf' link in the top navigation bar to access golf-related news and search for the DP World Tour leaderboard.,"The screenshot shows the Golf section, but there is no immediate information about the DP World Tour leaderboard. The user will need to find the specific leaderboard link or article related to the DP World Tour to check the most recent tournament and details about teams with a Total of -10 strokes. Additional navigation or searching within the golf section might be required to locate this specific information."
"Check the leaderboard for Golf's DP World Tour in the SPORT section, what was the name of the most recent tournament, and how many teams have a Total of -10 strokes.",click the 'Leaderboard' link located under the Golf section header to view the DP World Tour leaderboard and find details about the most recent tournament and teams with a total of -10 strokes.,"The most recent tournament is the 'Mauritius Open.' One player, Eddie Pepperell, has a total of -10 strokes."
"Check the leaderboard for Golf's DP World Tour in the SPORT section, what was the name of the most recent tournament, and how many teams have a Total of -10 strokes.",Summarizing last observations,"This summary reflects the most recent observations from the leaderboard of Golf's DP World Tour. The most recent tournament is the 'Mauritius Open.' Currently, one player, Eddie Pepperell, has a total of -10 strokes, as shown in the leaderboard screenshot. For full task context and history, referring back to the complete navigation task details is recommended."