task,user_action_and_explanation,observation
"In the Culture section, identify the latest film release reviewed and provide a brief summary of the review.",Going to https://www.bbc.com/news/,Went to https://www.bbc.com/news/
"In the Culture section, identify the latest film release reviewed and provide a brief summary of the review.","click the menu icon to explore more sections, particularly the Culture section, as it will help navigate to the area where film reviews are located.","The user has successfully accessed the sidebar menu and is ready to click on the ""Culture"" section to find film reviews. To proceed, the user should select ""Culture"" from the menu list to navigate directly to the relevant section."
"In the Culture section, identify the latest film release reviewed and provide a brief summary of the review.","click ""Culture"" from the menu list to navigate to the Culture section, where film reviews can be found.","The Culture section is visible, but there is no specific mention of a film review in the titles shown in the current screenshot. The articles displayed are more general culture pieces and entertainment news updates. Consider scrolling further or checking another part of the section to find the latest film release review."
"In the Culture section, identify the latest film release reviewed and provide a brief summary of the review.","scroll down to explore more articles, as the current view doesn't show a film review, and further exploration may reveal the latest film releases reviewed.","The current screenshot from the Culture section does not show any film reviews. It contains general culture news and topics such as images of 2024 and entertainment news, but no specific reviews on film releases. Consider scrolling further or checking for a dedicated film review section within Culture."
"In the Culture section, identify the latest film release reviewed and provide a brief summary of the review.","click the ""Watch list"" section as it may contain film reviews or information about the latest film releases.","The ""Watch list"" section provides some insights into upcoming films. The article titled ""12 of the best films to watch this December"" appears to list new releases, mentioning a variety of films including ones starring Nicole Kidman and Timothée Chalamet. However, it doesn't detail a specific review for one film. There are also articles about TV shows and a best films list for 2024, but no specific latest film review is present. Further exploration might be needed to find detailed reviews."
"In the Culture section, identify the latest film release reviewed and provide a brief summary of the review.","click on the article titled ""Game, sex and underwhelming match in Challengers"" to read the review and provide a summary, as it appears to be a film review.","The latest film release reviewed is ""Challengers,"" directed by Luca Guadagnino. The review describes the film as a tennis drama involving a love triangle between characters played by Zendaya, Josh O'Connor, and Mike Faist. Although the film features themes of sport, wigs, and sexual tension, it lacks psychological intrigue. While the film is pleasant to watch and involves talented actors, it ultimately feels underwhelming, with characters shifting from enigmatic to thinly-written. It does not fully achieve its intended impact, despite being visually engaging."
"In the Culture section, identify the latest film release reviewed and provide a brief summary of the review.",Summarizing last observations,"The latest film release reviewed is ""Challengers,"" directed by Luca Guadagnino. The review elaborates on the film's focus on a love triangle in a tennis drama involving Zendaya, Josh O'Connor, and Mike Faist. Despite having an attractive cast and visual flair, the film lacks depth and falls short of delivering psychological intrigue. It is characterized as pleasant but ultimately underwhelming, with characters sometimes feeling clichéd and thinly written. The film opens up a narrative about desire and tension, yet doesn't fully capitalize on its potential.

This summary reflects only the latest observations. For full context, please refer to the complete task history."