task,user_action_and_explanation,observation
Identify the latest book review featured in the Culture section and provide the title and author of the book.,Going to https://www.bbc.com/news/,Went to https://www.bbc.com/news/
Identify the latest book review featured in the Culture section and provide the title and author of the book.,click on the menu icon (three horizontal lines) to access the Culture section where the latest book review might be found.,"The user has accessed the menu and the ""Culture"" section is visible. To proceed, click on ""Culture"" to view the latest book review. The current screenshot does not display any book reviews or relevant content yet."
Identify the latest book review featured in the Culture section and provide the title and author of the book.,"click on the ""Culture"" section link in the menu to access the latest book review articles.","The current screenshot of the 'Culture' section does not display any book reviews or related articles. The visible content includes articles about cultural moments of 2024, royal Christmas cards, and entertainment news but none of them are book reviews. You may need to scroll further or navigate within the section to find book review articles."
Identify the latest book review featured in the Culture section and provide the title and author of the book.,"scroll down to reveal more articles in the Culture section. The visible articles do not include a book review, so scrolling could uncover additional content that contains the latest book review.","The latest book review is not visible in the current screenshot. The visible articles pertain to entertainment news, cultural events, and other non-book related topics. You might need to continue scrolling or access a specific 'Books' subsection if available to find the latest book review."
Identify the latest book review featured in the Culture section and provide the title and author of the book.,"scroll down further to reveal more articles in the Culture section. The visible articles do not include book reviews, so continue scrolling to potentially uncover the latest book review.","The current screenshot of the 'Culture' section does not display any book reviews. The articles focus on TV shows, films, and other cultural topics. No book titles or authors are mentioned. You may need to access a 'Books' subsection or contact the site search function to locate book reviews specifically."
Identify the latest book review featured in the Culture section and provide the title and author of the book.,"scroll down further to reveal more articles specifically looking for book reviews. The visible articles focus on TV and films, so more content may be found by continuing to scroll.","The current screenshot still does not display any book reviews. The visible articles focus on TV shows, films, historical stories about Hollywood, and music. To find a book review, you may need to check if there's a specific ""Books"" subsection or use the site's search function for book reviews."
Identify the latest book review featured in the Culture section and provide the title and author of the book.,"scroll down further to reveal more articles in the Culture section. The current visible articles do not include any book reviews, so continuing to scroll may uncover the content needed.","The screenshot continues to show articles related to film, TV, and historical events but no book reviews are visible. It's recommended to look for a specific 'Books' subsection within the Culture section or utilize the search feature on the website to locate book-related content."
Identify the latest book review featured in the Culture section and provide the title and author of the book.,"scroll down further as the current content still focuses on TV, films, and historical stories, and does not yet reveal book reviews. Additional scrolling may uncover book-related articles or reviews.","The current screenshot still does not show any book reviews. The articles presented are related to historical events and figures, but no specific reviews of books are visible. There were no titles or authors of books found. Consider checking under a separate 'Books' subsection or using the search feature to locate book reviews on the site."
Identify the latest book review featured in the Culture section and provide the title and author of the book.,"scroll down further to see if more articles appear, specifically looking for a book review section or articles related to books since none are visible currently.","The current screenshot still does not display any book reviews. The visible content includes articles about TV shows, historical stories, and other cultural topics. It may be necessary to access a specific 'Books' subsection or utilize the site's search function to locate the latest book review."
Identify the latest book review featured in the Culture section and provide the title and author of the book.,scroll down further to see if there is a specific section for book reviews or more articles that might include the latest book review. Currently visible articles do not feature book reviews.,"The current screenshot does not display any book reviews. The visible articles cover topics about museums, memes, and TV ideas, but no content related to book reviews is visible. You may need to scroll further, look for a specific 'Books' subsection, or use the search function to locate book reviews."
Identify the latest book review featured in the Culture section and provide the title and author of the book.,"scroll further down to load more content in the Culture section. The currently visible articles do not include book reviews, so continuing to scroll may uncover relevant reviews.","The screenshot does not show any book reviews in the Culture section. The articles visible are related to museums, the Oscars, TV shows, and movies. To find the latest book review, you might consider accessing a 'Books' subsection if available or using the site's search bar with specific terms related to book reviews."
Identify the latest book review featured in the Culture section and provide the title and author of the book.,click on the 'search' icon (magnifying glass) to use the search function to find the latest book review in the Culture section quickly.,"The current screenshot shows a list of articles, but none are related to book reviews. The articles focus on topics like memes in museums, Oscars buzz, TV ideas, superhero movies, and museum reopenings. It's advisable to use the search bar with specific keywords like ""book review"" to find relevant content."
Identify the latest book review featured in the Culture section and provide the title and author of the book.,"click on the search icon (magnifying glass) at the top to search specifically for book reviews, as they are not visible in the current Culture section.","The screenshot shows the search icon was clicked, but no search results or input field for book reviews is visible in the current view. The visible articles are still focused on topics unrelated to book reviews. You should input ""book review"" in the search bar to find specific reviews."
Identify the latest book review featured in the Culture section and provide the title and author of the book.,"click on the forward arrow button to navigate to the next page in the 'Culture' section. The current screenshot does not show any book reviews, so moving to the next page can help in finding the latest book review.","The current screenshot of the page in the 'Culture' section still does not show any book reviews. The articles displayed are related to memes, film, screenwriting, superhero movies, and a museum. No book titles or authors are mentioned. Consider checking for a specific 'Books' subsection or using the site’s search feature to locate book reviews directly."
Identify the latest book review featured in the Culture section and provide the title and author of the book.,click on the search icon with a magnifying glass at the top to use the site's search function to find book reviews in the Culture section.,"The current screenshot shows the front page of an article section with recent pieces about TV, film, and museum exhibitions. Book reviews are not visible in this screenshot. You'll need to continue with the search feature or refine search terms specifically for book reviews within the Culture section to locate the desired content."
Identify the latest book review featured in the Culture section and provide the title and author of the book.,click on the '2' pagination link at the bottom of the page to load more articles in the Culture section and potentially find book reviews.,"The current screenshot still does not contain any book reviews. The articles focus on photography, museums, music events, and films. There is no mention of any book titles or authors. It might be necessary to explore a 'Books' subsection, if it exists, or use the search functionality to specifically look for book reviews."
Identify the latest book review featured in the Culture section and provide the title and author of the book.,"scroll down further to reveal more content in the Culture section. The visible articles do not include book reviews, so additional content may be found by continuing to scroll.","The screenshot continues to show articles primarily about TV, film, and cultural events, but no book reviews are visible. There are pagination controls at the bottom indicating multiple pages of content. You may need to navigate through these pages or access a 'Books' subsection specifically to locate a book review. The current page does not provide the desired information on the latest book review."
Identify the latest book review featured in the Culture section and provide the title and author of the book.,"click the "">"" button at the bottom of the page to navigate to the next page of articles within the Culture section, as the current page does not display book reviews.","The current screenshot shows articles in the Culture section that do not include any book reviews. Visible articles focus on TV, superheroes, and museum news. To locate a book review, consider navigating to the next page or using the search function for more targeted results."
Identify the latest book review featured in the Culture section and provide the title and author of the book.,click on the next page arrow (>) icon at the bottom of the Culture section to navigate to more articles. This may help uncover the latest book review.,"The current screenshot of page 2 in the Culture section still does not display any book reviews. The visible articles pertain to TV shows, films, and cultural news. The desired book review remains unidentified. It may be necessary to continue browsing through more pages or use a search function to locate book reviews."
Identify the latest book review featured in the Culture section and provide the title and author of the book.,"click on the 'next page' arrow in the pagination bar to continue exploring more articles. The current page does not display any book reviews, so navigating to the next page may reveal relevant content.","The current screenshot of the next page in the 'Culture' section does not display any book reviews. It features articles about TV shows, films, and cultural events. No book titles or authors are mentioned. It's recommended to look for a specific 'Books' subsection within the Culture section or use the search feature on the website to locate book reviews specifically."
Identify the latest book review featured in the Culture section and provide the title and author of the book.,"click on the '3' page number at the bottom pagination menu to load more articles in the Culture section, as the current page doesn't contain any book reviews.","The screenshot from page 3 of the Culture section does not show any book reviews. The visible articles include topics about Megan Thee Stallion's request for a restraining order, Angelina Jolie on a film set, and Cara Delevingne in a music video. None of these pertain to book reviews. It may be necessary to continue to another page or use the search function to locate book reviews specifically."
Identify the latest book review featured in the Culture section and provide the title and author of the book.,"scroll down further to search for any book-related articles. The current visible content doesn't include book reviews, continuing to scroll may reveal additional articles or possibly a 'Books' subsection.","The current screenshot still doesn't display any book reviews. The articles continue to focus on music, heritage, and general cultural news. To find a book review, it might be necessary to look for a 'Books' subsection or use a search feature designed for book content, as the current articles don't pertain to books."
Identify the latest book review featured in the Culture section and provide the title and author of the book.,click on the magnifying glass icon to access the search function and type 'book review' to find relevant articles.,"The current screenshot from the search results page does not reveal any book reviews. It shows articles related to cultural events, music, and entertainment news. To find a book review, consider refining the search term to ""latest book review"" or explore a dedicated 'Books' section if available."
Identify the latest book review featured in the Culture section and provide the title and author of the book.,"click on the search icon (magnifying glass) to use the site search function, potentially allowing you to locate a book review directly if 'Books' subsection access proves inadequate.","The search icon has been clicked, but the current screenshot still displays content not related to book reviews. Articles visible are about music, heritage, and entertainment news. To progress, try entering keywords like ""book review"" in the search bar for more precise results."