task,user_action_and_explanation,observation
Find out how many teams are in the Scottish Premiership of the Football Tournament and when did the Hibernian team's most recent match start?,Going to https://www.bbc.com/news/,Went to https://www.bbc.com/news/
Find out how many teams are in the Scottish Premiership of the Football Tournament and when did the Hibernian team's most recent match start?,click the menu icon with three horizontal lines in the top left corner to navigate to the sports section and find information related to the Scottish Premiership and Hibernian FC.,"The user has opened the menu on the BBC News website. The 'Sport' section is visible in the menu, but it hasn't been selected yet. To proceed, the user should click on 'Sport' to explore football news and potentially find information about the Scottish Premiership and Hibernian FC. The current screenshot does not show any specific sports information yet."
Find out how many teams are in the Scottish Premiership of the Football Tournament and when did the Hibernian team's most recent match start?,"click on 'Sport' in the menu to access sports-related news and updates, which may include information about the Scottish Premiership and Hibernian FC.","The 'Sport' section is now open, featuring a variety of sports headlines and articles. However, there is no specific information related to the Scottish Premiership or Hibernian FC visible in the current view. To find details about the Scottish Premiership teams and Hibernian's latest match, you may need to scroll further down or use the search function to locate specific articles or navigate directly to the football section if available."
Find out how many teams are in the Scottish Premiership of the Football Tournament and when did the Hibernian team's most recent match start?,click on 'Football' in the navigation bar to find specific news and updates related to the Scottish Premiership and Hibernian FC.,"The 'Football' section is open, showing various articles related to football. However, there is no visible specific article or heading related to the number of teams in the Scottish Premiership or the latest match details for Hibernian FC. To get this information, you may need to scroll further or use the 'Scores & Fixtures' or 'Tables' links, which could contain the necessary details regarding the Scottish Premiership and Hibernian FC."
Find out how many teams are in the Scottish Premiership of the Football Tournament and when did the Hibernian team's most recent match start?,"click on 'Tables' in the navigation bar to find information on the Scottish Premiership standings, which will include the number of teams.","The screenshot shows the Premier League table, not the Scottish Premiership. The information about the number of teams in the Scottish Premiership is not visible here. You may need to navigate specifically to the Scottish Premiership section or search for 'Scottish Premiership table' on the site.

Regarding Hibernian FC's most recent match, this information is not available in the current screenshot. You could check the 'Scores & Fixtures' section for Hibernian FC to find their latest match details."
Find out how many teams are in the Scottish Premiership of the Football Tournament and when did the Hibernian team's most recent match start?,type 'Scottish Premiership table' into the search bar with the placeholder 'Enter a team or competition' to find the specific table for the Scottish Premiership.,"The search results include a link for 'Scottish Premiership Football Competition,' which should lead to the table for this league. However, the Premier League table is currently displayed instead.

To find how many teams are in the Scottish Premiership, click the 'Scottish Premiership' link in the search results. For Hibernian FC's most recent match, you'll need to navigate to the 'Scores & Fixtures' section once you're in the Scottish Premiership area."
Find out how many teams are in the Scottish Premiership of the Football Tournament and when did the Hibernian team's most recent match start?,"click on the 'Scottish Premiership' link in the search results to view the table and explore team details, including the number of teams in the Scottish Premiership.","The Scottish Premiership table shows there are 12 teams in the league. The teams are listed along with their positions in the standings.

Regarding the Hibernian FC's most recent match, this detail is not visible in the current screenshot. You might need to click on 'Scores & Fixtures' under the Scottish Premiership section to find the latest match details for Hibernian FC."
Find out how many teams are in the Scottish Premiership of the Football Tournament and when did the Hibernian team's most recent match start?,click on 'Scores & Fixtures' in the top navigation bar to find the details of Hibernian FC's most recent match.,"The screenshot shows the ""Scottish Premiership Scores & Fixtures"" page with a list of upcoming matches. Hibernian FC's most recent match is against Aberdeen, scheduled for 15:00 today. This confirms the match start time of their latest fixture."
Find out how many teams are in the Scottish Premiership of the Football Tournament and when did the Hibernian team's most recent match start?,Summarizing last observations,"The most recent observations indicate that the Scottish Premiership table lists 12 teams in the league. Regarding Hibernian FC's latest match, it is scheduled against Aberdeen, starting at 15:00 today. This summary reflects only the latest observations, and for full context, it's recommended to refer to the complete task history."